-- ============================================================
-- 6K PIZZA - Reset completo + datos reales desde Excel
-- Borra TODOS los datos de prueba e inserta datos reales de operación
-- Fuente: carpeta "6K PIZZA/" (Excel + formularios Google)
-- ============================================================

BEGIN;

-- ==================== 0. LIMPIAR TODA LA BASE DE DATOS ====================
-- Orden: primero tablas hijas (FK), luego padres

DELETE FROM sale_items;
DELETE FROM sales;
DELETE FROM cash_closings;
DELETE FROM transfer_items;
DELETE FROM transfers;
DELETE FROM physical_count_items;
DELETE FROM physical_counts;
DELETE FROM validations;
DELETE FROM purchases;
DELETE FROM expenses;
DELETE FROM credit_entries;
DELETE FROM attendance;
DELETE FROM payroll_entries;
DELETE FROM schedules;
DELETE FROM recipe_ingredients;
DELETE FROM recipes;
DELETE FROM product_prices;
DELETE FROM inventory;
DELETE FROM products;
DELETE FROM supplies;
DELETE FROM workers;
DELETE FROM stores;

-- ==================== 1. STORES ====================

INSERT INTO stores (id, name, is_production_center, address) VALUES
  ('00000000-0000-0000-0000-000000000001', 'Centro de Produccion', true, 'Direccion CP'),
  ('00000000-0000-0000-0000-000000000002', 'Local 2', false, 'Direccion L2');

-- ==================== 2. PRODUCTOS (12 originales + 5 nuevos = 17) ====================

INSERT INTO products (id, name, category) VALUES
  -- Pizzas originales
  ('00000000-0000-0000-0001-000000000001', 'Hawaiana', 'PIZZA'),
  ('00000000-0000-0000-0001-000000000002', 'Jamon y Tocineta', 'PIZZA'),
  ('00000000-0000-0000-0001-000000000003', 'Pepperoni', 'PIZZA'),
  ('00000000-0000-0000-0001-000000000004', 'Pollo con Champinones', 'PIZZA'),
  ('00000000-0000-0000-0001-000000000005', 'Napolitana', 'PIZZA'),
  ('00000000-0000-0000-0001-000000000006', 'Mexicana', 'PIZZA'),
  ('00000000-0000-0000-0001-000000000007', 'Jamon y Queso', 'PIZZA'),
  -- Bebidas originales
  ('00000000-0000-0000-0001-000000000008', 'Gaseosa 1.5L', 'BEBIDA'),
  ('00000000-0000-0000-0001-000000000009', 'Gaseosa Personal', 'BEBIDA'),
  ('00000000-0000-0000-0001-000000000010', 'Mr. Soda', 'BEBIDA'),
  ('00000000-0000-0000-0001-000000000011', 'Agua', 'BEBIDA'),
  ('00000000-0000-0000-0001-000000000012', 'Jugo', 'BEBIDA'),
  -- Nuevos productos (del Excel)
  ('00000000-0000-0000-0001-000000000013', 'Margarita', 'PIZZA'),
  ('00000000-0000-0000-0001-000000000014', 'Maicitos', 'PIZZA'),
  ('00000000-0000-0000-0001-000000000015', 'Gaseosa 3L', 'BEBIDA'),
  ('00000000-0000-0000-0001-000000000016', 'Vaso Gaseosa', 'BEBIDA'),
  ('00000000-0000-0000-0001-000000000017', 'Estella', 'BEBIDA');

-- ==================== 3. PRECIOS REALES (COP) ====================
-- Fuente: CONTADOR ABRIL 26 (L2).xlsx → hoja PRECIOS

INSERT INTO product_prices (product_id, size, price) VALUES
  -- Hawaiana: 7900/porción
  ('00000000-0000-0000-0001-000000000001', 'INDIVIDUAL', 7900),
  ('00000000-0000-0000-0001-000000000001', 'DIAMANTE', 15800),
  ('00000000-0000-0000-0001-000000000001', 'MEDIANA', 31600),
  ('00000000-0000-0000-0001-000000000001', 'FAMILIAR', 63200),
  -- Jamon y Tocineta: 7900/porción
  ('00000000-0000-0000-0001-000000000002', 'INDIVIDUAL', 7900),
  ('00000000-0000-0000-0001-000000000002', 'DIAMANTE', 15800),
  ('00000000-0000-0000-0001-000000000002', 'MEDIANA', 31600),
  ('00000000-0000-0000-0001-000000000002', 'FAMILIAR', 63200),
  -- Pepperoni: 7900/porción
  ('00000000-0000-0000-0001-000000000003', 'INDIVIDUAL', 7900),
  ('00000000-0000-0000-0001-000000000003', 'DIAMANTE', 15800),
  ('00000000-0000-0000-0001-000000000003', 'MEDIANA', 31600),
  ('00000000-0000-0000-0001-000000000003', 'FAMILIAR', 63200),
  -- Pollo con Champinones: 7900/porción
  ('00000000-0000-0000-0001-000000000004', 'INDIVIDUAL', 7900),
  ('00000000-0000-0000-0001-000000000004', 'DIAMANTE', 15800),
  ('00000000-0000-0000-0001-000000000004', 'MEDIANA', 31600),
  ('00000000-0000-0000-0001-000000000004', 'FAMILIAR', 63200),
  -- Napolitana: 6000/porción
  ('00000000-0000-0000-0001-000000000005', 'INDIVIDUAL', 6000),
  ('00000000-0000-0000-0001-000000000005', 'DIAMANTE', 12000),
  ('00000000-0000-0000-0001-000000000005', 'MEDIANA', 24000),
  ('00000000-0000-0000-0001-000000000005', 'FAMILIAR', 48000),
  -- Mexicana: 8500/porción
  ('00000000-0000-0000-0001-000000000006', 'INDIVIDUAL', 8500),
  ('00000000-0000-0000-0001-000000000006', 'DIAMANTE', 17000),
  ('00000000-0000-0000-0001-000000000006', 'MEDIANA', 34000),
  ('00000000-0000-0000-0001-000000000006', 'FAMILIAR', 68000),
  -- Jamon y Queso: 6000/porción
  ('00000000-0000-0000-0001-000000000007', 'INDIVIDUAL', 6000),
  ('00000000-0000-0000-0001-000000000007', 'DIAMANTE', 12000),
  ('00000000-0000-0000-0001-000000000007', 'MEDIANA', 24000),
  ('00000000-0000-0000-0001-000000000007', 'FAMILIAR', 48000),
  -- Margarita: 6000/porción
  ('00000000-0000-0000-0001-000000000013', 'INDIVIDUAL', 6000),
  ('00000000-0000-0000-0001-000000000013', 'DIAMANTE', 12000),
  ('00000000-0000-0000-0001-000000000013', 'MEDIANA', 24000),
  ('00000000-0000-0000-0001-000000000013', 'FAMILIAR', 48000),
  -- Maicitos: 6000/porción
  ('00000000-0000-0000-0001-000000000014', 'INDIVIDUAL', 6000),
  ('00000000-0000-0000-0001-000000000014', 'DIAMANTE', 12000),
  ('00000000-0000-0000-0001-000000000014', 'MEDIANA', 24000),
  ('00000000-0000-0000-0001-000000000014', 'FAMILIAR', 48000),
  -- Bebidas (tamaño INDIVIDUAL)
  ('00000000-0000-0000-0001-000000000008', 'INDIVIDUAL', 7000),   -- Gaseosa 1.5L
  ('00000000-0000-0000-0001-000000000009', 'INDIVIDUAL', 2600),   -- Gaseosa Personal 250ml
  ('00000000-0000-0000-0001-000000000010', 'INDIVIDUAL', 3000),   -- Mr. Soda
  ('00000000-0000-0000-0001-000000000011', 'INDIVIDUAL', 2000),   -- Agua
  ('00000000-0000-0000-0001-000000000012', 'INDIVIDUAL', 3000),   -- Jugo
  ('00000000-0000-0000-0001-000000000015', 'INDIVIDUAL', 12500),  -- Gaseosa 3L
  ('00000000-0000-0000-0001-000000000016', 'INDIVIDUAL', 1000),   -- Vaso Gaseosa
  ('00000000-0000-0000-0001-000000000017', 'INDIVIDUAL', 6000);   -- Estella

-- ==================== 4. SUPPLIES CON GRAMS_PER_BAG REALES ====================
-- Fuente: CONTROL INVENTARIO.xlsx → hoja CONVERSION_BOLSAS

INSERT INTO supplies (id, name, unit, grams_per_bag) VALUES
  ('00000000-0000-0000-0002-000000000001', 'Masa', 'GRAMOS', 600),
  ('00000000-0000-0000-0002-000000000002', 'Queso', 'GRAMOS', 312),
  ('00000000-0000-0000-0002-000000000003', 'Salsa Napolitana', 'GRAMOS', 3000),
  ('00000000-0000-0000-0002-000000000004', 'Jamon', 'GRAMOS', 134),        -- Era 500 en seed
  ('00000000-0000-0000-0002-000000000005', 'Tocineta', 'GRAMOS', 125),     -- Era 500 en seed
  ('00000000-0000-0000-0002-000000000006', 'Pina', 'GRAMOS', 106),         -- Era 2000 en seed
  ('00000000-0000-0000-0002-000000000007', 'Pepperoni', 'GRAMOS', 125),    -- Era 500 en seed
  ('00000000-0000-0000-0002-000000000008', 'Pollo', 'GRAMOS', 50),         -- Era 1000 en seed
  ('00000000-0000-0000-0002-000000000009', 'Champinones', 'GRAMOS', 125),  -- Era 500 en seed
  ('00000000-0000-0000-0002-000000000010', 'Tomate', 'GRAMOS', 1000),
  ('00000000-0000-0000-0002-000000000011', 'Albahaca', 'GRAMOS', 200),     -- Era 100 en seed
  ('00000000-0000-0000-0002-000000000012', 'Carne Molida', 'GRAMOS', 200), -- Era 1000 en seed
  ('00000000-0000-0000-0002-000000000013', 'Guacamole', 'GRAMOS', 600),    -- Era 500 en seed
  ('00000000-0000-0000-0002-000000000014', 'Cebolla', 'GRAMOS', 1000),
  ('00000000-0000-0000-0002-000000000015', 'Pimenton', 'GRAMOS', 1000),
  -- Nuevos supplies (del Excel, no existían en seed)
  ('00000000-0000-0000-0002-000000000016', 'Salsa Albahaca', 'GRAMOS', 600),
  ('00000000-0000-0000-0002-000000000017', 'Salsa Jalapeño', 'GRAMOS', 600),
  ('00000000-0000-0000-0002-000000000018', 'Limon', 'GRAMOS', 1000),
  ('00000000-0000-0000-0002-000000000019', 'Cilantro', 'GRAMOS', 200),
  ('00000000-0000-0000-0002-000000000020', 'Maicitos', 'GRAMOS', 500);

-- ==================== 5. RECETAS CON GRAMAJES REALES ====================
-- Fuente: CONTROL INVENTARIO.xlsx → hoja RECETAS

-- Hawaiana
INSERT INTO recipes (id, product_id) VALUES ('00000000-0000-0000-0003-000000000001', '00000000-0000-0000-0001-000000000001');
INSERT INTO recipe_ingredients (recipe_id, supply_id, grams_per_portion) VALUES
  ('00000000-0000-0000-0003-000000000001', '00000000-0000-0000-0002-000000000001', 75.2),  -- Masa
  ('00000000-0000-0000-0003-000000000001', '00000000-0000-0000-0002-000000000002', 39.1),  -- Queso
  ('00000000-0000-0000-0003-000000000001', '00000000-0000-0000-0002-000000000003', 50),    -- Salsa Napolitana
  ('00000000-0000-0000-0003-000000000001', '00000000-0000-0000-0002-000000000004', 17.4),  -- Jamon (era 25)
  ('00000000-0000-0000-0003-000000000001', '00000000-0000-0000-0002-000000000006', 26.7);  -- Pina (era 30)

-- Jamon y Tocineta
INSERT INTO recipes (id, product_id) VALUES ('00000000-0000-0000-0003-000000000002', '00000000-0000-0000-0001-000000000002');
INSERT INTO recipe_ingredients (recipe_id, supply_id, grams_per_portion) VALUES
  ('00000000-0000-0000-0003-000000000002', '00000000-0000-0000-0002-000000000001', 75.2),  -- Masa
  ('00000000-0000-0000-0003-000000000002', '00000000-0000-0000-0002-000000000002', 39.1),  -- Queso
  ('00000000-0000-0000-0003-000000000002', '00000000-0000-0000-0002-000000000003', 50),    -- Salsa Napolitana
  ('00000000-0000-0000-0003-000000000002', '00000000-0000-0000-0002-000000000004', 17.4),  -- Jamon (era 30)
  ('00000000-0000-0000-0003-000000000002', '00000000-0000-0000-0002-000000000005', 15.6);  -- Tocineta (Excel dice 0, confirmado error)

-- Pepperoni
INSERT INTO recipes (id, product_id) VALUES ('00000000-0000-0000-0003-000000000003', '00000000-0000-0000-0001-000000000003');
INSERT INTO recipe_ingredients (recipe_id, supply_id, grams_per_portion) VALUES
  ('00000000-0000-0000-0003-000000000003', '00000000-0000-0000-0002-000000000001', 75.2),  -- Masa
  ('00000000-0000-0000-0003-000000000003', '00000000-0000-0000-0002-000000000002', 39.1),  -- Queso
  ('00000000-0000-0000-0003-000000000003', '00000000-0000-0000-0002-000000000003', 50),    -- Salsa Napolitana
  ('00000000-0000-0000-0003-000000000003', '00000000-0000-0000-0002-000000000007', 31.3);  -- Pepperoni (era 25)

-- Pollo con Champinones
INSERT INTO recipes (id, product_id) VALUES ('00000000-0000-0000-0003-000000000004', '00000000-0000-0000-0001-000000000004');
INSERT INTO recipe_ingredients (recipe_id, supply_id, grams_per_portion) VALUES
  ('00000000-0000-0000-0003-000000000004', '00000000-0000-0000-0002-000000000001', 75.2),  -- Masa
  ('00000000-0000-0000-0003-000000000004', '00000000-0000-0000-0002-000000000002', 39.1),  -- Queso
  ('00000000-0000-0000-0003-000000000004', '00000000-0000-0000-0002-000000000003', 50),    -- Salsa Napolitana
  ('00000000-0000-0000-0003-000000000004', '00000000-0000-0000-0002-000000000008', 12.5),  -- Pollo (era 30)
  ('00000000-0000-0000-0003-000000000004', '00000000-0000-0000-0002-000000000009', 31.4);  -- Champinones (era 15)

-- Napolitana
INSERT INTO recipes (id, product_id) VALUES ('00000000-0000-0000-0003-000000000005', '00000000-0000-0000-0001-000000000005');
INSERT INTO recipe_ingredients (recipe_id, supply_id, grams_per_portion) VALUES
  ('00000000-0000-0000-0003-000000000005', '00000000-0000-0000-0002-000000000001', 75.2),  -- Masa
  ('00000000-0000-0000-0003-000000000005', '00000000-0000-0000-0002-000000000002', 39.1),  -- Queso
  ('00000000-0000-0000-0003-000000000005', '00000000-0000-0000-0002-000000000003', 50),    -- Salsa Napolitana
  ('00000000-0000-0000-0003-000000000005', '00000000-0000-0000-0002-000000000010', 150),   -- Tomate (era 25!)
  ('00000000-0000-0000-0003-000000000005', '00000000-0000-0000-0002-000000000011', 20);    -- Albahaca (era 5)

-- Mexicana (con ingredientes nuevos: Salsa Albahaca, Jalapeño, Limón, Cilantro)
INSERT INTO recipes (id, product_id) VALUES ('00000000-0000-0000-0003-000000000006', '00000000-0000-0000-0001-000000000006');
INSERT INTO recipe_ingredients (recipe_id, supply_id, grams_per_portion) VALUES
  ('00000000-0000-0000-0003-000000000006', '00000000-0000-0000-0002-000000000001', 75.2),  -- Masa
  ('00000000-0000-0000-0003-000000000006', '00000000-0000-0000-0002-000000000002', 39.1),  -- Queso
  ('00000000-0000-0000-0003-000000000006', '00000000-0000-0000-0002-000000000003', 50),    -- Salsa Napolitana
  ('00000000-0000-0000-0003-000000000006', '00000000-0000-0000-0002-000000000012', 25),    -- Carne Molida
  ('00000000-0000-0000-0003-000000000006', '00000000-0000-0000-0002-000000000013', 41.7),  -- Guacamole (era 20)
  ('00000000-0000-0000-0003-000000000006', '00000000-0000-0000-0002-000000000014', 10),    -- Cebolla
  ('00000000-0000-0000-0003-000000000006', '00000000-0000-0000-0002-000000000016', 50),    -- Salsa Albahaca (NUEVO)
  ('00000000-0000-0000-0003-000000000006', '00000000-0000-0000-0002-000000000017', 50),    -- Salsa Jalapeño (NUEVO)
  ('00000000-0000-0000-0003-000000000006', '00000000-0000-0000-0002-000000000018', 30),    -- Limon (NUEVO)
  ('00000000-0000-0000-0003-000000000006', '00000000-0000-0000-0002-000000000019', 5);     -- Cilantro (NUEVO)

-- Jamon y Queso
INSERT INTO recipes (id, product_id) VALUES ('00000000-0000-0000-0003-000000000007', '00000000-0000-0000-0001-000000000007');
INSERT INTO recipe_ingredients (recipe_id, supply_id, grams_per_portion) VALUES
  ('00000000-0000-0000-0003-000000000007', '00000000-0000-0000-0002-000000000001', 75.2),  -- Masa
  ('00000000-0000-0000-0003-000000000007', '00000000-0000-0000-0002-000000000002', 39.1),  -- Queso (era 50)
  ('00000000-0000-0000-0003-000000000007', '00000000-0000-0000-0002-000000000003', 50),    -- Salsa Napolitana
  ('00000000-0000-0000-0003-000000000007', '00000000-0000-0000-0002-000000000004', 17.4);  -- Jamon (era 35)

-- Margarita (base + tomate + albahaca)
INSERT INTO recipes (id, product_id) VALUES ('00000000-0000-0000-0003-000000000008', '00000000-0000-0000-0001-000000000013');
INSERT INTO recipe_ingredients (recipe_id, supply_id, grams_per_portion) VALUES
  ('00000000-0000-0000-0003-000000000008', '00000000-0000-0000-0002-000000000001', 75.2),  -- Masa
  ('00000000-0000-0000-0003-000000000008', '00000000-0000-0000-0002-000000000002', 39.1),  -- Queso
  ('00000000-0000-0000-0003-000000000008', '00000000-0000-0000-0002-000000000003', 50),    -- Salsa Napolitana
  ('00000000-0000-0000-0003-000000000008', '00000000-0000-0000-0002-000000000010', 25),    -- Tomate
  ('00000000-0000-0000-0003-000000000008', '00000000-0000-0000-0002-000000000011', 5);     -- Albahaca

-- Maicitos (base + maicitos)
INSERT INTO recipes (id, product_id) VALUES ('00000000-0000-0000-0003-000000000009', '00000000-0000-0000-0001-000000000014');
INSERT INTO recipe_ingredients (recipe_id, supply_id, grams_per_portion) VALUES
  ('00000000-0000-0000-0003-000000000009', '00000000-0000-0000-0002-000000000001', 75.2),  -- Masa
  ('00000000-0000-0000-0003-000000000009', '00000000-0000-0000-0002-000000000002', 39.1),  -- Queso
  ('00000000-0000-0000-0003-000000000009', '00000000-0000-0000-0002-000000000003', 50),    -- Salsa Napolitana
  ('00000000-0000-0000-0003-000000000009', '00000000-0000-0000-0002-000000000020', 30);    -- Maicitos

-- ==================== 6. TRABAJADORES REALES ====================
-- Fuente: CONTABILIDAD.xlsx → TRABAJADORES + Sistema de incentivos

INSERT INTO workers (id, name, role, user_role, username, hourly_rate, is_active, pin) VALUES
  -- Workers activos (datos reales del negocio) — PINs de 6+ caracteres (requisito Supabase Auth)
  ('00000000-0000-0000-0004-000000000002', 'María', 'PREPARADOR', 'COLABORADOR', 'maria', 8000, true, '567800'),
  ('00000000-0000-0000-0004-000000000008', 'Esteban', 'ADMINISTRADOR', 'ADMIN', 'esteban', 8000, true, '600100'),
  ('00000000-0000-0000-0004-000000000009', 'Juan Diego Duque', 'CAJERO', 'COLABORADOR', 'juandiego', 8000, true, '100100'),
  ('00000000-0000-0000-0004-000000000010', 'Juan José Arboleda', 'HORNERO', 'COLABORADOR', 'juanjose', 8000, true, '100200'),
  ('00000000-0000-0000-0004-000000000011', 'Alejo', 'ESTIRADOR', 'COLABORADOR', 'alejo', 8000, true, '100300'),
  ('00000000-0000-0000-0004-000000000012', 'Humberto', 'PREPARADOR', 'COLABORADOR', 'humberto', 8000, true, '100400'),
  ('00000000-0000-0000-0004-000000000013', 'José Albeiro Duque', 'PREPARADOR', 'COLABORADOR', 'josealbeiro', 8000, true, '100500'),
  ('00000000-0000-0000-0004-000000000014', 'Kevin Hernandez', 'CAJERO', 'COLABORADOR', 'kevin', 8000, true, '100600'),
  ('00000000-0000-0000-0004-000000000015', 'Duber Santiago Rincón', 'HORNERO', 'COLABORADOR', 'duber', 8000, true, '100700'),
  ('00000000-0000-0000-0004-000000000016', 'Salomé García', 'CAJERO', 'COLABORADOR', 'salome', 8000, true, '100800'),
  ('00000000-0000-0000-0004-000000000017', 'David Jaramillo', 'HORNERO', 'COLABORADOR', 'david_j', 8000, true, '100900'),
  ('00000000-0000-0000-0004-000000000018', 'Luisa Fernanda Salazar', 'CAJERO', 'COLABORADOR', 'luisa', 8000, true, '101000'),
  ('00000000-0000-0000-0004-000000000019', 'Estefanía Galvis Arcila', 'CAJERO', 'COLABORADOR', 'estefania', 8000, true, '101100');

-- ==================== 7. INVENTARIO REAL (Cierre 1 abril 2026) ====================
-- Fuente: Inventario 6k (Cierre) (respuestas).xlsx → última entrada

-- Local 2 (STORE level) — cierre del 1 de abril 2026
INSERT INTO inventory (supply_id, store_id, level, quantity_grams) VALUES
  ('00000000-0000-0000-0002-000000000001', '00000000-0000-0000-0000-000000000002', 'STORE', 7800),   -- Masa: 13×600 + 0
  ('00000000-0000-0000-0002-000000000002', '00000000-0000-0000-0000-000000000002', 'STORE', 4332),   -- Queso: 13×312 + 276
  ('00000000-0000-0000-0002-000000000003', '00000000-0000-0000-0000-000000000002', 'STORE', 7995),   -- Salsa Napolitana
  ('00000000-0000-0000-0002-000000000004', '00000000-0000-0000-0000-000000000002', 'STORE', 2512),   -- Jamón: 18×134 + 100
  ('00000000-0000-0000-0002-000000000005', '00000000-0000-0000-0000-000000000002', 'STORE', 4843),   -- Tocineta: 38×125 + 93
  ('00000000-0000-0000-0002-000000000006', '00000000-0000-0000-0000-000000000002', 'STORE', 2805),   -- Piña: 26×106 + 49
  ('00000000-0000-0000-0002-000000000007', '00000000-0000-0000-0000-000000000002', 'STORE', 2310),   -- Pepperoni: 18×125 + 60
  ('00000000-0000-0000-0002-000000000008', '00000000-0000-0000-0000-000000000002', 'STORE', 621),    -- Pollo: 12×50 + 21
  ('00000000-0000-0000-0002-000000000009', '00000000-0000-0000-0000-000000000002', 'STORE', 656),    -- Champiñones: 5×125 + 31
  ('00000000-0000-0000-0002-000000000010', '00000000-0000-0000-0000-000000000002', 'STORE', 0),      -- Tomate
  ('00000000-0000-0000-0002-000000000011', '00000000-0000-0000-0000-000000000002', 'STORE', 150),    -- Albahaca
  ('00000000-0000-0000-0002-000000000012', '00000000-0000-0000-0000-000000000002', 'STORE', 2223),   -- Carne: 11×200 + 23
  ('00000000-0000-0000-0002-000000000013', '00000000-0000-0000-0000-000000000002', 'STORE', 0),      -- Guacamole
  ('00000000-0000-0000-0002-000000000014', '00000000-0000-0000-0000-000000000002', 'STORE', 536),    -- Cebolla
  ('00000000-0000-0000-0002-000000000015', '00000000-0000-0000-0000-000000000002', 'STORE', 0),      -- Pimenton
  ('00000000-0000-0000-0002-000000000016', '00000000-0000-0000-0000-000000000002', 'STORE', 0),      -- Salsa Albahaca
  ('00000000-0000-0000-0002-000000000017', '00000000-0000-0000-0000-000000000002', 'STORE', 0),      -- Salsa Jalapeño
  ('00000000-0000-0000-0002-000000000018', '00000000-0000-0000-0000-000000000002', 'STORE', 715),    -- Limón
  ('00000000-0000-0000-0002-000000000019', '00000000-0000-0000-0000-000000000002', 'STORE', 256),    -- Cilantro
  ('00000000-0000-0000-0002-000000000020', '00000000-0000-0000-0000-000000000002', 'STORE', 262);    -- Maicitos

-- Centro de Producción (PROCESSED level) — estimado basado en 20 bolsas por supply
INSERT INTO inventory (supply_id, store_id, level, quantity_grams)
SELECT s.id, '00000000-0000-0000-0000-000000000001', 'PROCESSED', s.grams_per_bag * 20
FROM supplies s;

-- ==================== 8. COSTOS FIJOS ABRIL 2026 ====================
-- Fuente: CONTABILIDAD.xlsx → hoja COMPROMISOS

INSERT INTO expenses (store_id, date, category, description, amount, payment_method) VALUES
  ('00000000-0000-0000-0000-000000000002', '2026-04-05', 'Arriendo', 'Arriendo Local 2 - Abril (vence el 5 de cada mes)', 1200000, 'TRANSFERENCIA'),
  ('00000000-0000-0000-0000-000000000002', '2026-04-25', 'Servicios', 'Servicios públicos Local 2 - Abril (vence el 25 de cada mes)', 420000, 'TRANSFERENCIA'),
  ('00000000-0000-0000-0000-000000000002', '2026-04-07', 'Servicios', 'Internet Local 2 - Abril (vence el 7 de cada mes)', 40000, 'TRANSFERENCIA'),
  ('00000000-0000-0000-0000-000000000001', '2026-04-16', 'Servicios', 'Servicios Centro Producción - Abril (vence el 16 de cada mes)', 250000, 'TRANSFERENCIA'),
  ('00000000-0000-0000-0000-000000000002', '2026-04-12', 'Otro', 'Cuota nevera - Abril (vence el 12 de cada mes)', 190150, 'TRANSFERENCIA');

COMMIT;
