-- ============================================================
-- 6K Pizza - real public data snapshot
-- Generated from Supabase SQL Editor on 2026-05-16 22:56:13.985615+00
-- Assumes schema migrations through the current project version already ran.
--
-- Safety notes:
-- - This migration does NOT create rows in auth.users/auth.identities.
-- - workers.pin is exported as NULL to avoid committing login secrets.
-- - workers.auth_user_id is linked only when the target Auth user already exists.
-- - User triggers are disabled during the seed to avoid double inventory effects.
-- ============================================================

-- Auth mapping observed at export time. Recreate Auth users via Dashboard/Admin API, then link workers if needed.
-- worker username='alejo' worker_id='00000000-0000-0000-0004-000000000011' auth_user_id=NULL auth_email=NULL
-- worker username='david' worker_id='00000000-0000-0000-0004-000000000020' auth_user_id='8a5690ee-5630-40b1-94f9-cfdcf68f2e87' auth_email='david@6kpizza.app'
-- worker username='david_j' worker_id='00000000-0000-0000-0004-000000000017' auth_user_id=NULL auth_email=NULL
-- worker username='duber' worker_id='00000000-0000-0000-0004-000000000015' auth_user_id=NULL auth_email=NULL
-- worker username='esteban' worker_id='00000000-0000-0000-0004-000000000008' auth_user_id=NULL auth_email=NULL
-- worker username='estefania' worker_id='00000000-0000-0000-0004-000000000019' auth_user_id=NULL auth_email=NULL
-- worker username='humberto' worker_id='00000000-0000-0000-0004-000000000012' auth_user_id=NULL auth_email=NULL
-- worker username='josealbeiro' worker_id='00000000-0000-0000-0004-000000000013' auth_user_id=NULL auth_email=NULL
-- worker username='juandiego' worker_id='00000000-0000-0000-0004-000000000009' auth_user_id=NULL auth_email=NULL
-- worker username='juanjose' worker_id='00000000-0000-0000-0004-000000000010' auth_user_id=NULL auth_email=NULL
-- worker username='kevin' worker_id='00000000-0000-0000-0004-000000000014' auth_user_id=NULL auth_email=NULL
-- worker username='luisa' worker_id='00000000-0000-0000-0004-000000000018' auth_user_id=NULL auth_email=NULL
-- worker username='maria' worker_id='00000000-0000-0000-0004-000000000002' auth_user_id='e9a275c1-ce27-49ef-bd86-a01bb6ce40d9' auth_email='maria@6kpizza.app'
-- worker username='salome' worker_id='00000000-0000-0000-0004-000000000016' auth_user_id=NULL auth_email=NULL

-- Disable app/user triggers while loading snapshot data.
do $$
declare r record;
begin
  for r in select unnest(array['stores', 'workers', 'supplies', 'products', 'product_prices', 'recipes', 'recipe_ingredients', 'product_formats', 'product_store_assignments', 'addition_catalog', 'inventory', 'stock_minimums', 'purchases', 'transfers', 'transfer_items', 'sales', 'sale_items', 'sale_item_additions', 'cash_openings', 'cash_closings', 'closing_checklist_items', 'closing_checklist_entries', 'physical_counts', 'physical_count_items', 'validations', 'production_recipes', 'production_recipe_inputs', 'production_records', 'production_record_items', 'demand_estimates', 'daily_alerts', 'shift_portions', 'expenses', 'credit_entries', 'schedules', 'attendance', 'payroll_periods', 'payroll_entries', 'inventory_writeoffs']::text[]) as table_name loop
    execute format('alter table public.%I disable trigger user', r.table_name);
  end loop;
end $$;
-- public.stores (2 rows)
insert into public.stores (id, name, is_production_center, address, is_active, created_at) values ('00000000-0000-0000-0000-000000000001', 'Centro de Produccion', 'true', 'Direccion CP', 'true', '2026-04-02 21:35:43.967323+00') on conflict (id) do update set name = excluded.name, is_production_center = excluded.is_production_center, address = excluded.address, is_active = excluded.is_active, created_at = excluded.created_at;
insert into public.stores (id, name, is_production_center, address, is_active, created_at) values ('00000000-0000-0000-0000-000000000002', 'Local 2', 'false', 'Direccion L2', 'true', '2026-04-02 21:35:43.967323+00') on conflict (id) do update set name = excluded.name, is_production_center = excluded.is_production_center, address = excluded.address, is_active = excluded.is_active, created_at = excluded.created_at;

-- public.workers (14 rows)
insert into public.workers (id, auth_user_id, name, role, user_role, hourly_rate, is_active, phone, pin, created_at, username) values ('00000000-0000-0000-0004-000000000002', (select id from auth.users where id = 'e9a275c1-ce27-49ef-bd86-a01bb6ce40d9'), 'María', 'PREPARADOR', 'COLABORADOR', '8000', 'true', NULL, NULL, '2026-04-02 21:35:43.967323+00', 'maria') on conflict (id) do update set auth_user_id = excluded.auth_user_id, name = excluded.name, role = excluded.role, user_role = excluded.user_role, hourly_rate = excluded.hourly_rate, is_active = excluded.is_active, phone = excluded.phone, pin = excluded.pin, created_at = excluded.created_at, username = excluded.username;
insert into public.workers (id, auth_user_id, name, role, user_role, hourly_rate, is_active, phone, pin, created_at, username) values ('00000000-0000-0000-0004-000000000008', NULL, 'Esteban', 'ADMINISTRADOR', 'ADMIN', '8000', 'true', NULL, NULL, '2026-04-02 21:35:43.967323+00', 'esteban') on conflict (id) do update set auth_user_id = excluded.auth_user_id, name = excluded.name, role = excluded.role, user_role = excluded.user_role, hourly_rate = excluded.hourly_rate, is_active = excluded.is_active, phone = excluded.phone, pin = excluded.pin, created_at = excluded.created_at, username = excluded.username;
insert into public.workers (id, auth_user_id, name, role, user_role, hourly_rate, is_active, phone, pin, created_at, username) values ('00000000-0000-0000-0004-000000000009', NULL, 'Juan Diego Duque', 'CAJERO', 'COLABORADOR', '8000', 'true', NULL, NULL, '2026-04-02 21:35:43.967323+00', 'juandiego') on conflict (id) do update set auth_user_id = excluded.auth_user_id, name = excluded.name, role = excluded.role, user_role = excluded.user_role, hourly_rate = excluded.hourly_rate, is_active = excluded.is_active, phone = excluded.phone, pin = excluded.pin, created_at = excluded.created_at, username = excluded.username;
insert into public.workers (id, auth_user_id, name, role, user_role, hourly_rate, is_active, phone, pin, created_at, username) values ('00000000-0000-0000-0004-000000000010', NULL, 'Juan José Arboleda', 'HORNERO', 'COLABORADOR', '8000', 'true', NULL, NULL, '2026-04-02 21:35:43.967323+00', 'juanjose') on conflict (id) do update set auth_user_id = excluded.auth_user_id, name = excluded.name, role = excluded.role, user_role = excluded.user_role, hourly_rate = excluded.hourly_rate, is_active = excluded.is_active, phone = excluded.phone, pin = excluded.pin, created_at = excluded.created_at, username = excluded.username;
insert into public.workers (id, auth_user_id, name, role, user_role, hourly_rate, is_active, phone, pin, created_at, username) values ('00000000-0000-0000-0004-000000000011', NULL, 'Alejo', 'ESTIRADOR', 'COLABORADOR', '8000', 'true', NULL, NULL, '2026-04-02 21:35:43.967323+00', 'alejo') on conflict (id) do update set auth_user_id = excluded.auth_user_id, name = excluded.name, role = excluded.role, user_role = excluded.user_role, hourly_rate = excluded.hourly_rate, is_active = excluded.is_active, phone = excluded.phone, pin = excluded.pin, created_at = excluded.created_at, username = excluded.username;
insert into public.workers (id, auth_user_id, name, role, user_role, hourly_rate, is_active, phone, pin, created_at, username) values ('00000000-0000-0000-0004-000000000012', NULL, 'Humberto', 'PREPARADOR', 'COLABORADOR', '8000', 'true', NULL, NULL, '2026-04-02 21:35:43.967323+00', 'humberto') on conflict (id) do update set auth_user_id = excluded.auth_user_id, name = excluded.name, role = excluded.role, user_role = excluded.user_role, hourly_rate = excluded.hourly_rate, is_active = excluded.is_active, phone = excluded.phone, pin = excluded.pin, created_at = excluded.created_at, username = excluded.username;
insert into public.workers (id, auth_user_id, name, role, user_role, hourly_rate, is_active, phone, pin, created_at, username) values ('00000000-0000-0000-0004-000000000013', NULL, 'José Albeiro Duque', 'PREPARADOR', 'COLABORADOR', '8000', 'true', NULL, NULL, '2026-04-02 21:35:43.967323+00', 'josealbeiro') on conflict (id) do update set auth_user_id = excluded.auth_user_id, name = excluded.name, role = excluded.role, user_role = excluded.user_role, hourly_rate = excluded.hourly_rate, is_active = excluded.is_active, phone = excluded.phone, pin = excluded.pin, created_at = excluded.created_at, username = excluded.username;
insert into public.workers (id, auth_user_id, name, role, user_role, hourly_rate, is_active, phone, pin, created_at, username) values ('00000000-0000-0000-0004-000000000014', NULL, 'Kevin Hernandez', 'CAJERO', 'COLABORADOR', '8000', 'true', NULL, NULL, '2026-04-02 21:35:43.967323+00', 'kevin') on conflict (id) do update set auth_user_id = excluded.auth_user_id, name = excluded.name, role = excluded.role, user_role = excluded.user_role, hourly_rate = excluded.hourly_rate, is_active = excluded.is_active, phone = excluded.phone, pin = excluded.pin, created_at = excluded.created_at, username = excluded.username;
insert into public.workers (id, auth_user_id, name, role, user_role, hourly_rate, is_active, phone, pin, created_at, username) values ('00000000-0000-0000-0004-000000000015', NULL, 'Duber Santiago Rincón', 'HORNERO', 'COLABORADOR', '8000', 'true', NULL, NULL, '2026-04-02 21:35:43.967323+00', 'duber') on conflict (id) do update set auth_user_id = excluded.auth_user_id, name = excluded.name, role = excluded.role, user_role = excluded.user_role, hourly_rate = excluded.hourly_rate, is_active = excluded.is_active, phone = excluded.phone, pin = excluded.pin, created_at = excluded.created_at, username = excluded.username;
insert into public.workers (id, auth_user_id, name, role, user_role, hourly_rate, is_active, phone, pin, created_at, username) values ('00000000-0000-0000-0004-000000000016', NULL, 'Salomé García', 'CAJERO', 'COLABORADOR', '8000', 'true', NULL, NULL, '2026-04-02 21:35:43.967323+00', 'salome') on conflict (id) do update set auth_user_id = excluded.auth_user_id, name = excluded.name, role = excluded.role, user_role = excluded.user_role, hourly_rate = excluded.hourly_rate, is_active = excluded.is_active, phone = excluded.phone, pin = excluded.pin, created_at = excluded.created_at, username = excluded.username;
insert into public.workers (id, auth_user_id, name, role, user_role, hourly_rate, is_active, phone, pin, created_at, username) values ('00000000-0000-0000-0004-000000000017', NULL, 'David Jaramillo', 'HORNERO', 'COLABORADOR', '8000', 'true', NULL, NULL, '2026-04-02 21:35:43.967323+00', 'david_j') on conflict (id) do update set auth_user_id = excluded.auth_user_id, name = excluded.name, role = excluded.role, user_role = excluded.user_role, hourly_rate = excluded.hourly_rate, is_active = excluded.is_active, phone = excluded.phone, pin = excluded.pin, created_at = excluded.created_at, username = excluded.username;
insert into public.workers (id, auth_user_id, name, role, user_role, hourly_rate, is_active, phone, pin, created_at, username) values ('00000000-0000-0000-0004-000000000018', NULL, 'Luisa Fernanda Salazar', 'CAJERO', 'COLABORADOR', '8000', 'true', NULL, NULL, '2026-04-02 21:35:43.967323+00', 'luisa') on conflict (id) do update set auth_user_id = excluded.auth_user_id, name = excluded.name, role = excluded.role, user_role = excluded.user_role, hourly_rate = excluded.hourly_rate, is_active = excluded.is_active, phone = excluded.phone, pin = excluded.pin, created_at = excluded.created_at, username = excluded.username;
insert into public.workers (id, auth_user_id, name, role, user_role, hourly_rate, is_active, phone, pin, created_at, username) values ('00000000-0000-0000-0004-000000000019', NULL, 'Estefanía Galvis Arcila', 'CAJERO', 'COLABORADOR', '8000', 'true', NULL, NULL, '2026-04-02 21:35:43.967323+00', 'estefania') on conflict (id) do update set auth_user_id = excluded.auth_user_id, name = excluded.name, role = excluded.role, user_role = excluded.user_role, hourly_rate = excluded.hourly_rate, is_active = excluded.is_active, phone = excluded.phone, pin = excluded.pin, created_at = excluded.created_at, username = excluded.username;
insert into public.workers (id, auth_user_id, name, role, user_role, hourly_rate, is_active, phone, pin, created_at, username) values ('00000000-0000-0000-0004-000000000020', (select id from auth.users where id = '8a5690ee-5630-40b1-94f9-cfdcf68f2e87'), 'David', 'ADMINISTRADOR', 'ADMIN', '8000', 'true', NULL, NULL, '2026-04-02 22:08:09.7614+00', 'david') on conflict (id) do update set auth_user_id = excluded.auth_user_id, name = excluded.name, role = excluded.role, user_role = excluded.user_role, hourly_rate = excluded.hourly_rate, is_active = excluded.is_active, phone = excluded.phone, pin = excluded.pin, created_at = excluded.created_at, username = excluded.username;

-- public.supplies (93 rows)
insert into public.supplies (id, name, unit, grams_per_bag, created_at) values ('00000000-0000-0000-0002-000000000001', 'Masa', 'GRAMOS', '600', '2026-04-02 21:35:43.967323+00') on conflict (id) do update set name = excluded.name, unit = excluded.unit, grams_per_bag = excluded.grams_per_bag, created_at = excluded.created_at;
insert into public.supplies (id, name, unit, grams_per_bag, created_at) values ('00000000-0000-0000-0002-000000000002', 'Queso', 'GRAMOS', '312', '2026-04-02 21:35:43.967323+00') on conflict (id) do update set name = excluded.name, unit = excluded.unit, grams_per_bag = excluded.grams_per_bag, created_at = excluded.created_at;
insert into public.supplies (id, name, unit, grams_per_bag, created_at) values ('00000000-0000-0000-0002-000000000003', 'Salsa Napolitana', 'GRAMOS', '3000', '2026-04-02 21:35:43.967323+00') on conflict (id) do update set name = excluded.name, unit = excluded.unit, grams_per_bag = excluded.grams_per_bag, created_at = excluded.created_at;
insert into public.supplies (id, name, unit, grams_per_bag, created_at) values ('00000000-0000-0000-0002-000000000004', 'Jamon', 'GRAMOS', '134', '2026-04-02 21:35:43.967323+00') on conflict (id) do update set name = excluded.name, unit = excluded.unit, grams_per_bag = excluded.grams_per_bag, created_at = excluded.created_at;
insert into public.supplies (id, name, unit, grams_per_bag, created_at) values ('00000000-0000-0000-0002-000000000005', 'Tocineta Bolsa', 'GRAMOS', '125', '2026-04-02 21:35:43.967323+00') on conflict (id) do update set name = excluded.name, unit = excluded.unit, grams_per_bag = excluded.grams_per_bag, created_at = excluded.created_at;
insert into public.supplies (id, name, unit, grams_per_bag, created_at) values ('00000000-0000-0000-0002-000000000006', 'Pina', 'GRAMOS', '106', '2026-04-02 21:35:43.967323+00') on conflict (id) do update set name = excluded.name, unit = excluded.unit, grams_per_bag = excluded.grams_per_bag, created_at = excluded.created_at;
insert into public.supplies (id, name, unit, grams_per_bag, created_at) values ('00000000-0000-0000-0002-000000000007', 'Pepperoni Bolsa', 'GRAMOS', '125', '2026-04-02 21:35:43.967323+00') on conflict (id) do update set name = excluded.name, unit = excluded.unit, grams_per_bag = excluded.grams_per_bag, created_at = excluded.created_at;
insert into public.supplies (id, name, unit, grams_per_bag, created_at) values ('00000000-0000-0000-0002-000000000008', 'Pollo', 'GRAMOS', '50', '2026-04-02 21:35:43.967323+00') on conflict (id) do update set name = excluded.name, unit = excluded.unit, grams_per_bag = excluded.grams_per_bag, created_at = excluded.created_at;
insert into public.supplies (id, name, unit, grams_per_bag, created_at) values ('00000000-0000-0000-0002-000000000009', 'Champinones Bolsa', 'GRAMOS', '125', '2026-04-02 21:35:43.967323+00') on conflict (id) do update set name = excluded.name, unit = excluded.unit, grams_per_bag = excluded.grams_per_bag, created_at = excluded.created_at;
insert into public.supplies (id, name, unit, grams_per_bag, created_at) values ('00000000-0000-0000-0002-000000000010', 'Tomate', 'GRAMOS', '1000', '2026-04-02 21:35:43.967323+00') on conflict (id) do update set name = excluded.name, unit = excluded.unit, grams_per_bag = excluded.grams_per_bag, created_at = excluded.created_at;
insert into public.supplies (id, name, unit, grams_per_bag, created_at) values ('00000000-0000-0000-0002-000000000011', 'Albahaca', 'GRAMOS', '200', '2026-04-02 21:35:43.967323+00') on conflict (id) do update set name = excluded.name, unit = excluded.unit, grams_per_bag = excluded.grams_per_bag, created_at = excluded.created_at;
insert into public.supplies (id, name, unit, grams_per_bag, created_at) values ('00000000-0000-0000-0002-000000000012', 'Carne lista Mexicana', 'GRAMOS', '200', '2026-04-02 21:35:43.967323+00') on conflict (id) do update set name = excluded.name, unit = excluded.unit, grams_per_bag = excluded.grams_per_bag, created_at = excluded.created_at;
insert into public.supplies (id, name, unit, grams_per_bag, created_at) values ('00000000-0000-0000-0002-000000000013', 'Guacamole', 'GRAMOS', '600', '2026-04-02 21:35:43.967323+00') on conflict (id) do update set name = excluded.name, unit = excluded.unit, grams_per_bag = excluded.grams_per_bag, created_at = excluded.created_at;
insert into public.supplies (id, name, unit, grams_per_bag, created_at) values ('00000000-0000-0000-0002-000000000014', 'Cebolla', 'GRAMOS', '1000', '2026-04-02 21:35:43.967323+00') on conflict (id) do update set name = excluded.name, unit = excluded.unit, grams_per_bag = excluded.grams_per_bag, created_at = excluded.created_at;
insert into public.supplies (id, name, unit, grams_per_bag, created_at) values ('00000000-0000-0000-0002-000000000015', 'NOPimentonNO', 'GRAMOS', '1000', '2026-04-02 21:35:43.967323+00') on conflict (id) do update set name = excluded.name, unit = excluded.unit, grams_per_bag = excluded.grams_per_bag, created_at = excluded.created_at;
insert into public.supplies (id, name, unit, grams_per_bag, created_at) values ('00000000-0000-0000-0002-000000000016', 'Salsa Albahaca', 'GRAMOS', '600', '2026-04-02 21:35:43.967323+00') on conflict (id) do update set name = excluded.name, unit = excluded.unit, grams_per_bag = excluded.grams_per_bag, created_at = excluded.created_at;
insert into public.supplies (id, name, unit, grams_per_bag, created_at) values ('00000000-0000-0000-0002-000000000017', 'Salsa Jalapeño', 'GRAMOS', '600', '2026-04-02 21:35:43.967323+00') on conflict (id) do update set name = excluded.name, unit = excluded.unit, grams_per_bag = excluded.grams_per_bag, created_at = excluded.created_at;
insert into public.supplies (id, name, unit, grams_per_bag, created_at) values ('00000000-0000-0000-0002-000000000018', 'Limon', 'GRAMOS', '1000', '2026-04-02 21:35:43.967323+00') on conflict (id) do update set name = excluded.name, unit = excluded.unit, grams_per_bag = excluded.grams_per_bag, created_at = excluded.created_at;
insert into public.supplies (id, name, unit, grams_per_bag, created_at) values ('00000000-0000-0000-0002-000000000019', 'Cilantro producido', 'GRAMOS', '200', '2026-04-02 21:35:43.967323+00') on conflict (id) do update set name = excluded.name, unit = excluded.unit, grams_per_bag = excluded.grams_per_bag, created_at = excluded.created_at;
insert into public.supplies (id, name, unit, grams_per_bag, created_at) values ('00000000-0000-0000-0002-000000000020', 'Maicitos', 'GRAMOS', '500', '2026-04-02 21:35:43.967323+00') on conflict (id) do update set name = excluded.name, unit = excluded.unit, grams_per_bag = excluded.grams_per_bag, created_at = excluded.created_at;
insert into public.supplies (id, name, unit, grams_per_bag, created_at) values ('00000000-0000-0000-0002-000000000021', 'Jalapeño', 'GRAMOS', '500', '2026-04-11 18:52:20.762681+00') on conflict (id) do update set name = excluded.name, unit = excluded.unit, grams_per_bag = excluded.grams_per_bag, created_at = excluded.created_at;
insert into public.supplies (id, name, unit, grams_per_bag, created_at) values ('00000000-0000-0000-0002-000000000022', 'Aceitunas', 'GRAMOS', '500', '2026-04-11 18:52:20.762681+00') on conflict (id) do update set name = excluded.name, unit = excluded.unit, grams_per_bag = excluded.grams_per_bag, created_at = excluded.created_at;
insert into public.supplies (id, name, unit, grams_per_bag, created_at) values ('00000000-0000-0000-0002-000000000023', 'Tomate Pico de Gallo', 'GRAMOS', '1000', '2026-04-11 18:52:20.762681+00') on conflict (id) do update set name = excluded.name, unit = excluded.unit, grams_per_bag = excluded.grams_per_bag, created_at = excluded.created_at;
insert into public.supplies (id, name, unit, grams_per_bag, created_at) values ('00000000-0000-0000-0002-000000000024', 'Pimentón Cebolla Cilantro', 'GRAMOS', '1000', '2026-04-11 18:52:20.762681+00') on conflict (id) do update set name = excluded.name, unit = excluded.unit, grams_per_bag = excluded.grams_per_bag, created_at = excluded.created_at;
insert into public.supplies (id, name, unit, grams_per_bag, created_at) values ('00000000-0000-0000-0002-000000000025', 'Salsa de Ajo', 'GRAMOS', '600', '2026-04-11 18:52:20.762681+00') on conflict (id) do update set name = excluded.name, unit = excluded.unit, grams_per_bag = excluded.grams_per_bag, created_at = excluded.created_at;
insert into public.supplies (id, name, unit, grams_per_bag, created_at) values ('00000000-0000-0000-0002-000000000026', 'Miel Picante', 'GRAMOS', '600', '2026-04-11 18:52:20.762681+00') on conflict (id) do update set name = excluded.name, unit = excluded.unit, grams_per_bag = excluded.grams_per_bag, created_at = excluded.created_at;
insert into public.supplies (id, name, unit, grams_per_bag, created_at) values ('00000000-0000-0000-0002-000000000027', 'Pimienta Cayena', 'GRAMOS', '200', '2026-04-11 18:52:20.762681+00') on conflict (id) do update set name = excluded.name, unit = excluded.unit, grams_per_bag = excluded.grams_per_bag, created_at = excluded.created_at;
insert into public.supplies (id, name, unit, grams_per_bag, created_at) values ('00000000-0000-0000-0002-000000000028', 'Atún', 'GRAMOS', '500', '2026-04-11 18:52:20.762681+00') on conflict (id) do update set name = excluded.name, unit = excluded.unit, grams_per_bag = excluded.grams_per_bag, created_at = excluded.created_at;
insert into public.supplies (id, name, unit, grams_per_bag, created_at) values ('00000000-0000-0000-0002-000000000101', 'Caja Familiar', 'UNIDAD', '1', '2026-04-05 00:06:54.49132+00') on conflict (id) do update set name = excluded.name, unit = excluded.unit, grams_per_bag = excluded.grams_per_bag, created_at = excluded.created_at;
insert into public.supplies (id, name, unit, grams_per_bag, created_at) values ('00000000-0000-0000-0002-000000000102', 'Caja Mediana', 'UNIDAD', '1', '2026-04-05 00:06:54.49132+00') on conflict (id) do update set name = excluded.name, unit = excluded.unit, grams_per_bag = excluded.grams_per_bag, created_at = excluded.created_at;
insert into public.supplies (id, name, unit, grams_per_bag, created_at) values ('00000000-0000-0000-0002-000000000103', 'Empaque Diamante/Individual', 'UNIDAD', '1', '2026-04-05 00:06:54.49132+00') on conflict (id) do update set name = excluded.name, unit = excluded.unit, grams_per_bag = excluded.grams_per_bag, created_at = excluded.created_at;
insert into public.supplies (id, name, unit, grams_per_bag, created_at) values ('0008e1ee-d810-434a-ae5c-2d3564532189', 'Gaseosas Surtido', 'UNIDADES', '1', '2026-04-03 15:47:14.016378+00') on conflict (id) do update set name = excluded.name, unit = excluded.unit, grams_per_bag = excluded.grams_per_bag, created_at = excluded.created_at;
insert into public.supplies (id, name, unit, grams_per_bag, created_at) values ('0802b030-623c-4b34-95ad-a33f6f31a8d0', 'Jalapeño', 'GRAMOS', '500', '2026-04-03 15:47:14.016378+00') on conflict (id) do update set name = excluded.name, unit = excluded.unit, grams_per_bag = excluded.grams_per_bag, created_at = excluded.created_at;
insert into public.supplies (id, name, unit, grams_per_bag, created_at) values ('0a0e65d1-0953-4d4c-8925-343aedf4344b', 'Aceite Sevillano', 'MILILITROS', '3000', '2026-04-03 15:47:14.016378+00') on conflict (id) do update set name = excluded.name, unit = excluded.unit, grams_per_bag = excluded.grams_per_bag, created_at = excluded.created_at;
insert into public.supplies (id, name, unit, grams_per_bag, created_at) values ('0d020e82-2d96-4c69-8b63-edd9caae28f3', 'Pico de gallo', 'GRAMOS', '400', '2026-04-04 17:57:36.726623+00') on conflict (id) do update set name = excluded.name, unit = excluded.unit, grams_per_bag = excluded.grams_per_bag, created_at = excluded.created_at;
insert into public.supplies (id, name, unit, grams_per_bag, created_at) values ('0ec624a8-64c1-4a85-8bf7-cf09e51cd575', 'Carne Molida', 'GRAMOS', '1000', '2026-04-03 15:47:14.016378+00') on conflict (id) do update set name = excluded.name, unit = excluded.unit, grams_per_bag = excluded.grams_per_bag, created_at = excluded.created_at;
insert into public.supplies (id, name, unit, grams_per_bag, created_at) values ('11e5ddd8-74c7-4b88-b755-d46b52dcfb0f', 'Tocineta Recorte Valentinas', 'GRAMOS', '1000', '2026-04-03 15:47:14.016378+00') on conflict (id) do update set name = excluded.name, unit = excluded.unit, grams_per_bag = excluded.grams_per_bag, created_at = excluded.created_at;
insert into public.supplies (id, name, unit, grams_per_bag, created_at) values ('1a3a180b-1984-4077-ab06-d80474f8aa48', 'Queso Bolsa', 'GRAMOS', '1000', '2026-04-03 15:47:14.016378+00') on conflict (id) do update set name = excluded.name, unit = excluded.unit, grams_per_bag = excluded.grams_per_bag, created_at = excluded.created_at;
insert into public.supplies (id, name, unit, grams_per_bag, created_at) values ('1a6b3b17-f236-41e5-a68b-04723b128707', 'Agua', 'GRAMOS', '1000', '2026-04-04 17:03:58.825508+00') on conflict (id) do update set name = excluded.name, unit = excluded.unit, grams_per_bag = excluded.grams_per_bag, created_at = excluded.created_at;
insert into public.supplies (id, name, unit, grams_per_bag, created_at) values ('1cbaa319-c5a5-4192-ba1e-585cc2f0f063', 'Harina', 'GRAMOS', '50000', '2026-04-03 17:30:36+00') on conflict (id) do update set name = excluded.name, unit = excluded.unit, grams_per_bag = excluded.grams_per_bag, created_at = excluded.created_at;
insert into public.supplies (id, name, unit, grams_per_bag, created_at) values ('3132ee77-f449-411d-acc4-d77627819af9', 'Limones', 'GRAMOS', '1000', '2026-04-03 15:47:14.016378+00') on conflict (id) do update set name = excluded.name, unit = excluded.unit, grams_per_bag = excluded.grams_per_bag, created_at = excluded.created_at;
insert into public.supplies (id, name, unit, grams_per_bag, created_at) values ('3133385d-e2db-4796-aabf-a37eb49222d4', 'Tomates', 'GRAMOS', '1000', '2026-04-03 15:47:14.016378+00') on conflict (id) do update set name = excluded.name, unit = excluded.unit, grams_per_bag = excluded.grams_per_bag, created_at = excluded.created_at;
insert into public.supplies (id, name, unit, grams_per_bag, created_at) values ('359d23ef-0eeb-4f2f-a4b6-7190de90728a', 'Limon producido', 'GRAMOS', '1000', '2026-04-04 20:29:37.645139+00') on conflict (id) do update set name = excluded.name, unit = excluded.unit, grams_per_bag = excluded.grams_per_bag, created_at = excluded.created_at;
insert into public.supplies (id, name, unit, grams_per_bag, created_at) values ('37850381-d932-4188-9f63-fad110bd8628', 'Pollo Bolsa', 'GRAMOS', '50', '2026-04-04 17:46:08.192651+00') on conflict (id) do update set name = excluded.name, unit = excluded.unit, grams_per_bag = excluded.grams_per_bag, created_at = excluded.created_at;
insert into public.supplies (id, name, unit, grams_per_bag, created_at) values ('37864ca1-1f31-4c33-8476-3581ca1b36e2', 'Portapizzas', 'UNIDADES', '1', '2026-04-03 15:47:14.016378+00') on conflict (id) do update set name = excluded.name, unit = excluded.unit, grams_per_bag = excluded.grams_per_bag, created_at = excluded.created_at;
insert into public.supplies (id, name, unit, grams_per_bag, created_at) values ('3b2d0cec-d1e9-40bf-a0eb-cd9321efbbf3', 'Esencia de Vainilla', 'MILILITROS', '500', '2026-04-03 15:47:14.016378+00') on conflict (id) do update set name = excluded.name, unit = excluded.unit, grams_per_bag = excluded.grams_per_bag, created_at = excluded.created_at;
insert into public.supplies (id, name, unit, grams_per_bag, created_at) values ('3f4f56b3-0bc3-4665-bb4d-662d0416af1f', 'Aceite Gourmet', 'MILILITROS', '3000', '2026-04-03 15:47:14.016378+00') on conflict (id) do update set name = excluded.name, unit = excluded.unit, grams_per_bag = excluded.grams_per_bag, created_at = excluded.created_at;
insert into public.supplies (id, name, unit, grams_per_bag, created_at) values ('412b4d45-da60-43b5-8ce3-b70d2553bac8', 'Piña', 'GRAMOS', '1000', '2026-04-03 15:47:14.016378+00') on conflict (id) do update set name = excluded.name, unit = excluded.unit, grams_per_bag = excluded.grams_per_bag, created_at = excluded.created_at;
insert into public.supplies (id, name, unit, grams_per_bag, created_at) values ('4d856dfd-08e9-4647-96fd-7f0feabc1d2c', 'Azúcar', 'GRAMOS', '1000', '2026-04-03 15:47:14.016378+00') on conflict (id) do update set name = excluded.name, unit = excluded.unit, grams_per_bag = excluded.grams_per_bag, created_at = excluded.created_at;
insert into public.supplies (id, name, unit, grams_per_bag, created_at) values ('525551ba-b9ba-48c5-938c-8c64bb8f741c', 'Sal', 'GRAMOS', '1000', '2026-04-03 15:47:14.016378+00') on conflict (id) do update set name = excluded.name, unit = excluded.unit, grams_per_bag = excluded.grams_per_bag, created_at = excluded.created_at;
insert into public.supplies (id, name, unit, grams_per_bag, created_at) values ('58c76ada-92f6-4f7c-aa3c-25b62e5fa1f7', 'Soda', 'UNIDADES', '300', '2026-04-03 17:57:07+00') on conflict (id) do update set name = excluded.name, unit = excluded.unit, grams_per_bag = excluded.grams_per_bag, created_at = excluded.created_at;
insert into public.supplies (id, name, unit, grams_per_bag, created_at) values ('5981ba5f-bcd2-4bed-9261-945011ca1cce', 'Pechuga Campesina', 'GRAMOS', '1000', '2026-04-03 15:47:14.016378+00') on conflict (id) do update set name = excluded.name, unit = excluded.unit, grams_per_bag = excluded.grams_per_bag, created_at = excluded.created_at;
insert into public.supplies (id, name, unit, grams_per_bag, created_at) values ('5d2677b5-fe18-4aa3-acf1-5422f5b5df98', 'Aguacate', 'GRAMOS', '1000', '2026-04-03 15:47:14.016378+00') on conflict (id) do update set name = excluded.name, unit = excluded.unit, grams_per_bag = excluded.grams_per_bag, created_at = excluded.created_at;
insert into public.supplies (id, name, unit, grams_per_bag, created_at) values ('607b040e-f1a0-40da-ade8-396995b2d44b', 'Champiñones Tajados Nutresa', 'GRAMOS', '2600', '2026-04-03 15:47:14.016378+00') on conflict (id) do update set name = excluded.name, unit = excluded.unit, grams_per_bag = excluded.grams_per_bag, created_at = excluded.created_at;
insert into public.supplies (id, name, unit, grams_per_bag, created_at) values ('6d510cc1-92ea-46c7-a2b0-c88e2c0c20eb', 'Cajas de Pizza 50x50 cm', 'UNIDADES', '1', '2026-04-03 15:47:14.016378+00') on conflict (id) do update set name = excluded.name, unit = excluded.unit, grams_per_bag = excluded.grams_per_bag, created_at = excluded.created_at;
insert into public.supplies (id, name, unit, grams_per_bag, created_at) values ('6e48fd65-ebbd-478d-a040-e92a863426da', 'Cerveza', 'UNIDADES', '1', '2026-04-03 15:47:14.016378+00') on conflict (id) do update set name = excluded.name, unit = excluded.unit, grams_per_bag = excluded.grams_per_bag, created_at = excluded.created_at;
insert into public.supplies (id, name, unit, grams_per_bag, created_at) values ('7e113087-539f-441b-9d35-b003facb45cd', 'Aceitunas', 'GRAMOS', '500', '2026-04-03 15:47:14.016378+00') on conflict (id) do update set name = excluded.name, unit = excluded.unit, grams_per_bag = excluded.grams_per_bag, created_at = excluded.created_at;
insert into public.supplies (id, name, unit, grams_per_bag, created_at) values ('82fa538f-9a96-46ee-8272-553ab1158b15', 'Cebolla producida', 'GRAMOS', '1000', '2026-04-04 20:29:37.645139+00') on conflict (id) do update set name = excluded.name, unit = excluded.unit, grams_per_bag = excluded.grams_per_bag, created_at = excluded.created_at;
insert into public.supplies (id, name, unit, grams_per_bag, created_at) values ('844b8dfd-9936-4f95-a301-055da75816aa', 'NOHarina Ricarina NO', 'GRAMOS', '25000', '2026-04-03 15:47:14.016378+00') on conflict (id) do update set name = excluded.name, unit = excluded.unit, grams_per_bag = excluded.grams_per_bag, created_at = excluded.created_at;
insert into public.supplies (id, name, unit, grams_per_bag, created_at) values ('8f2b4b07-49c3-4b81-b365-0884bf1195f7', 'Papel Aluminio', 'UNIDADES', '1', '2026-04-03 15:47:14.016378+00') on conflict (id) do update set name = excluded.name, unit = excluded.unit, grams_per_bag = excluded.grams_per_bag, created_at = excluded.created_at;
insert into public.supplies (id, name, unit, grams_per_bag, created_at) values ('9092059c-47b9-4b51-a021-eba70036620c', 'NOAlbahacaNO', 'GRAMOS', '250', '2026-04-03 15:47:14.016378+00') on conflict (id) do update set name = excluded.name, unit = excluded.unit, grams_per_bag = excluded.grams_per_bag, created_at = excluded.created_at;
insert into public.supplies (id, name, unit, grams_per_bag, created_at) values ('948b46ad-3760-4dcb-9ecd-e87f05f5bba9', 'NOChampiñonesNO', 'GRAMOS', '1000', '2026-04-03 15:47:14.016378+00') on conflict (id) do update set name = excluded.name, unit = excluded.unit, grams_per_bag = excluded.grams_per_bag, created_at = excluded.created_at;
insert into public.supplies (id, name, unit, grams_per_bag, created_at) values ('a594e8d0-67f2-481c-acc4-f093c74e28ad', 'Piña Calada Bolsa', 'GRAMOS', '1000', '2026-04-04 17:32:40.021538+00') on conflict (id) do update set name = excluded.name, unit = excluded.unit, grams_per_bag = excluded.grams_per_bag, created_at = excluded.created_at;
insert into public.supplies (id, name, unit, grams_per_bag, created_at) values ('a5e0af4d-36cd-4cb8-99c9-fc0115e48bc4', 'Tapas Vasos', 'UNIDADES', '1', '2026-04-03 15:47:14.016378+00') on conflict (id) do update set name = excluded.name, unit = excluded.unit, grams_per_bag = excluded.grams_per_bag, created_at = excluded.created_at;
insert into public.supplies (id, name, unit, grams_per_bag, created_at) values ('a797a04d-235b-49cf-8787-d73e930f4026', 'Servilletas Plus Familia', 'UNIDADES', '1', '2026-04-03 15:47:14.016378+00') on conflict (id) do update set name = excluded.name, unit = excluded.unit, grams_per_bag = excluded.grams_per_bag, created_at = excluded.created_at;
insert into public.supplies (id, name, unit, grams_per_bag, created_at) values ('a8d18486-d904-4045-89c0-fd90038c1fb9', 'Jamon Bolsa', 'GRAMOS', '134', '2026-04-04 17:37:40.656215+00') on conflict (id) do update set name = excluded.name, unit = excluded.unit, grams_per_bag = excluded.grams_per_bag, created_at = excluded.created_at;
insert into public.supplies (id, name, unit, grams_per_bag, created_at) values ('aaa44032-dc38-49e4-ae5d-df2a4b570349', 'Cajas de Pizza 35x35 cm', 'UNIDADES', '1', '2026-04-03 15:47:14.016378+00') on conflict (id) do update set name = excluded.name, unit = excluded.unit, grams_per_bag = excluded.grams_per_bag, created_at = excluded.created_at;
insert into public.supplies (id, name, unit, grams_per_bag, created_at) values ('aced04f8-c5c9-404e-92ac-ad64f54d4e31', 'Cilantro', 'GRAMOS', '500', '2026-04-03 15:47:14.016378+00') on conflict (id) do update set name = excluded.name, unit = excluded.unit, grams_per_bag = excluded.grams_per_bag, created_at = excluded.created_at;
insert into public.supplies (id, name, unit, grams_per_bag, created_at) values ('ad40382d-dd1a-41be-9f44-f3c4e8fafbe4', 'Vinagre', 'GRAMOS', '3000', '2026-04-04 17:13:37.352117+00') on conflict (id) do update set name = excluded.name, unit = excluded.unit, grams_per_bag = excluded.grams_per_bag, created_at = excluded.created_at;
insert into public.supplies (id, name, unit, grams_per_bag, created_at) values ('aefaa288-c5d0-41ef-a4dc-f9300a54880c', 'Bolsas de Basura', 'UNIDADES', '1', '2026-04-03 15:47:14.016378+00') on conflict (id) do update set name = excluded.name, unit = excluded.unit, grams_per_bag = excluded.grams_per_bag, created_at = excluded.created_at;
insert into public.supplies (id, name, unit, grams_per_bag, created_at) values ('b0270357-e459-46a0-9854-560b66336660', 'NOCebollaNO', 'GRAMOS', '1000', '2026-04-03 15:47:14.016378+00') on conflict (id) do update set name = excluded.name, unit = excluded.unit, grams_per_bag = excluded.grams_per_bag, created_at = excluded.created_at;
insert into public.supplies (id, name, unit, grams_per_bag, created_at) values ('b27b16d1-9980-4c04-8a52-d2194c016f10', 'Legumbre', 'GRAMOS', '1000', '2026-04-03 15:47:14.016378+00') on conflict (id) do update set name = excluded.name, unit = excluded.unit, grams_per_bag = excluded.grams_per_bag, created_at = excluded.created_at;
insert into public.supplies (id, name, unit, grams_per_bag, created_at) values ('b3bd4c74-552a-4125-a9d0-e69768d3c78d', 'Ajo', 'GRAMOS', '500', '2026-04-03 15:47:14.016378+00') on conflict (id) do update set name = excluded.name, unit = excluded.unit, grams_per_bag = excluded.grams_per_bag, created_at = excluded.created_at;
insert into public.supplies (id, name, unit, grams_per_bag, created_at) values ('b475ffe0-b349-4406-a725-a9beac7ea744', 'Sal de Ajo', 'GRAMOS', '500', '2026-04-03 15:47:14.016378+00') on conflict (id) do update set name = excluded.name, unit = excluded.unit, grams_per_bag = excluded.grams_per_bag, created_at = excluded.created_at;
insert into public.supplies (id, name, unit, grams_per_bag, created_at) values ('b70d95f0-8ac8-4708-a9cf-b2ec39f52151', 'Jamón Tajado Totto', 'GRAMOS', '2500', '2026-04-03 15:47:14.016378+00') on conflict (id) do update set name = excluded.name, unit = excluded.unit, grams_per_bag = excluded.grams_per_bag, created_at = excluded.created_at;
insert into public.supplies (id, name, unit, grams_per_bag, created_at) values ('b8a87b5f-349f-45d6-84fd-2e690c1c5d0a', 'Bolsas', 'UNIDADES', '1', '2026-04-03 15:47:14.016378+00') on conflict (id) do update set name = excluded.name, unit = excluded.unit, grams_per_bag = excluded.grams_per_bag, created_at = excluded.created_at;
insert into public.supplies (id, name, unit, grams_per_bag, created_at) values ('ba403d20-2f69-4f04-9fa6-ca8a240bf75b', 'Albahaca producida', 'GRAMOS', '200', '2026-04-04 20:29:37.645139+00') on conflict (id) do update set name = excluded.name, unit = excluded.unit, grams_per_bag = excluded.grams_per_bag, created_at = excluded.created_at;
insert into public.supplies (id, name, unit, grams_per_bag, created_at) values ('ba6346d9-a0df-463c-98d6-6ce04e347d3e', 'Aceite de Girasol', 'MILILITROS', '3000', '2026-04-03 15:47:14.016378+00') on conflict (id) do update set name = excluded.name, unit = excluded.unit, grams_per_bag = excluded.grams_per_bag, created_at = excluded.created_at;
insert into public.supplies (id, name, unit, grams_per_bag, created_at) values ('ba73793e-a989-4726-b2c7-f247d94caf9c', 'Aceite de Orujo', 'MILILITROS', '3000', '2026-04-03 15:47:14.016378+00') on conflict (id) do update set name = excluded.name, unit = excluded.unit, grams_per_bag = excluded.grams_per_bag, created_at = excluded.created_at;
insert into public.supplies (id, name, unit, grams_per_bag, created_at) values ('bab03300-b85a-4533-9484-b79c22013fe6', 'Maíz Dulce', 'GRAMOS', '1000', '2026-04-03 15:47:14.016378+00') on conflict (id) do update set name = excluded.name, unit = excluded.unit, grams_per_bag = excluded.grams_per_bag, created_at = excluded.created_at;
insert into public.supplies (id, name, unit, grams_per_bag, created_at) values ('c518c764-5bad-4191-9034-553ee6c1f94e', 'Pimentón', 'GRAMOS', '1000', '2026-04-03 15:47:14.016378+00') on conflict (id) do update set name = excluded.name, unit = excluded.unit, grams_per_bag = excluded.grams_per_bag, created_at = excluded.created_at;
insert into public.supplies (id, name, unit, grams_per_bag, created_at) values ('cb5ce078-facc-41e6-b197-2e8bac8895e6', 'Pepperoni', 'GRAMOS', '500', '2026-04-03 15:47:14.016378+00') on conflict (id) do update set name = excluded.name, unit = excluded.unit, grams_per_bag = excluded.grams_per_bag, created_at = excluded.created_at;
insert into public.supplies (id, name, unit, grams_per_bag, created_at) values ('cbdf43be-ddd2-4a6f-9f4f-91dd454b976f', 'Pimienta', 'GRAMOS', '500', '2026-04-03 15:47:14.016378+00') on conflict (id) do update set name = excluded.name, unit = excluded.unit, grams_per_bag = excluded.grams_per_bag, created_at = excluded.created_at;
insert into public.supplies (id, name, unit, grams_per_bag, created_at) values ('cf7a5f14-c749-483c-8d12-009505d91ea0', 'Orégano Molido', 'GRAMOS', '500', '2026-04-03 15:47:14.016378+00') on conflict (id) do update set name = excluded.name, unit = excluded.unit, grams_per_bag = excluded.grams_per_bag, created_at = excluded.created_at;
insert into public.supplies (id, name, unit, grams_per_bag, created_at) values ('d3f2fea7-0329-451f-8a8c-afad0ddc589f', 'Levadura', 'GRAMOS', '500', '2026-04-03 15:47:14.016378+00') on conflict (id) do update set name = excluded.name, unit = excluded.unit, grams_per_bag = excluded.grams_per_bag, created_at = excluded.created_at;
insert into public.supplies (id, name, unit, grams_per_bag, created_at) values ('d68a18c3-79d6-48e1-b06b-81f6b2743cab', 'Tomate producido', 'GRAMOS', '1000', '2026-04-04 20:29:37.645139+00') on conflict (id) do update set name = excluded.name, unit = excluded.unit, grams_per_bag = excluded.grams_per_bag, created_at = excluded.created_at;
insert into public.supplies (id, name, unit, grams_per_bag, created_at) values ('d763b5ad-0cfa-4f8f-9d69-0be8273c9827', 'Tomillo Molido', 'GRAMOS', '500', '2026-04-03 15:47:14.016378+00') on conflict (id) do update set name = excluded.name, unit = excluded.unit, grams_per_bag = excluded.grams_per_bag, created_at = excluded.created_at;
insert into public.supplies (id, name, unit, grams_per_bag, created_at) values ('d800fd0e-8ff6-492a-b079-1653561402b1', 'Salsa de Soya', 'GRAMOS', '3000', '2026-04-04 16:48:32.402927+00') on conflict (id) do update set name = excluded.name, unit = excluded.unit, grams_per_bag = excluded.grams_per_bag, created_at = excluded.created_at;
insert into public.supplies (id, name, unit, grams_per_bag, created_at) values ('de09cabe-ccc0-4d82-898c-bb781215c6da', 'NOQueso Santa MaríaNO', 'GRAMOS', '1000', '2026-04-03 15:47:14.016378+00') on conflict (id) do update set name = excluded.name, unit = excluded.unit, grams_per_bag = excluded.grams_per_bag, created_at = excluded.created_at;
insert into public.supplies (id, name, unit, grams_per_bag, created_at) values ('e30a1dd4-4358-4b9d-ab4c-7db3c3dbc1c7', 'Maicitos bolsa', 'GRAMOS', '100', '2026-04-04 17:55:24.160268+00') on conflict (id) do update set name = excluded.name, unit = excluded.unit, grams_per_bag = excluded.grams_per_bag, created_at = excluded.created_at;
insert into public.supplies (id, name, unit, grams_per_bag, created_at) values ('f00ab94c-e64c-45bd-94bb-2a30194f4420', 'Aceite de Oliva', 'MILILITROS', '1000', '2026-04-03 15:47:14.016378+00') on conflict (id) do update set name = excluded.name, unit = excluded.unit, grams_per_bag = excluded.grams_per_bag, created_at = excluded.created_at;
insert into public.supplies (id, name, unit, grams_per_bag, created_at) values ('f2bed48f-6e14-4fab-b832-28c49a7ca083', 'Aguardiente', 'MILILITROS', '750', '2026-04-03 15:47:14.016378+00') on conflict (id) do update set name = excluded.name, unit = excluded.unit, grams_per_bag = excluded.grams_per_bag, created_at = excluded.created_at;
insert into public.supplies (id, name, unit, grams_per_bag, created_at) values ('fd9715d4-ff47-4487-b701-3bb364ea59b4', 'Huevo', 'UNIDAD', '50', '2026-04-04 16:36:20.885544+00') on conflict (id) do update set name = excluded.name, unit = excluded.unit, grams_per_bag = excluded.grams_per_bag, created_at = excluded.created_at;

-- public.products (18 rows)
insert into public.products (id, name, category, is_active, created_at, has_recipe) values ('00000000-0000-0000-0001-000000000001', 'Hawaiana', 'PIZZA', 'true', '2026-04-02 21:35:43.967323+00', 'true') on conflict (id) do update set name = excluded.name, category = excluded.category, is_active = excluded.is_active, created_at = excluded.created_at, has_recipe = excluded.has_recipe;
insert into public.products (id, name, category, is_active, created_at, has_recipe) values ('00000000-0000-0000-0001-000000000002', 'Jamon y Tocineta', 'PIZZA', 'true', '2026-04-02 21:35:43.967323+00', 'true') on conflict (id) do update set name = excluded.name, category = excluded.category, is_active = excluded.is_active, created_at = excluded.created_at, has_recipe = excluded.has_recipe;
insert into public.products (id, name, category, is_active, created_at, has_recipe) values ('00000000-0000-0000-0001-000000000003', 'Pepperoni', 'PIZZA', 'true', '2026-04-02 21:35:43.967323+00', 'true') on conflict (id) do update set name = excluded.name, category = excluded.category, is_active = excluded.is_active, created_at = excluded.created_at, has_recipe = excluded.has_recipe;
insert into public.products (id, name, category, is_active, created_at, has_recipe) values ('00000000-0000-0000-0001-000000000004', 'Pollo con Champinones', 'PIZZA', 'true', '2026-04-02 21:35:43.967323+00', 'true') on conflict (id) do update set name = excluded.name, category = excluded.category, is_active = excluded.is_active, created_at = excluded.created_at, has_recipe = excluded.has_recipe;
insert into public.products (id, name, category, is_active, created_at, has_recipe) values ('00000000-0000-0000-0001-000000000005', 'Napolitana', 'PIZZA', 'true', '2026-04-02 21:35:43.967323+00', 'true') on conflict (id) do update set name = excluded.name, category = excluded.category, is_active = excluded.is_active, created_at = excluded.created_at, has_recipe = excluded.has_recipe;
insert into public.products (id, name, category, is_active, created_at, has_recipe) values ('00000000-0000-0000-0001-000000000006', 'Mexicana', 'PIZZA', 'true', '2026-04-02 21:35:43.967323+00', 'true') on conflict (id) do update set name = excluded.name, category = excluded.category, is_active = excluded.is_active, created_at = excluded.created_at, has_recipe = excluded.has_recipe;
insert into public.products (id, name, category, is_active, created_at, has_recipe) values ('00000000-0000-0000-0001-000000000007', 'Jamon y Queso', 'PIZZA', 'true', '2026-04-02 21:35:43.967323+00', 'true') on conflict (id) do update set name = excluded.name, category = excluded.category, is_active = excluded.is_active, created_at = excluded.created_at, has_recipe = excluded.has_recipe;
insert into public.products (id, name, category, is_active, created_at, has_recipe) values ('00000000-0000-0000-0001-000000000008', 'Gaseosa 1.5L', 'BEBIDA', 'true', '2026-04-02 21:35:43.967323+00', 'false') on conflict (id) do update set name = excluded.name, category = excluded.category, is_active = excluded.is_active, created_at = excluded.created_at, has_recipe = excluded.has_recipe;
insert into public.products (id, name, category, is_active, created_at, has_recipe) values ('00000000-0000-0000-0001-000000000009', 'Gaseosa Personal', 'BEBIDA', 'true', '2026-04-02 21:35:43.967323+00', 'false') on conflict (id) do update set name = excluded.name, category = excluded.category, is_active = excluded.is_active, created_at = excluded.created_at, has_recipe = excluded.has_recipe;
insert into public.products (id, name, category, is_active, created_at, has_recipe) values ('00000000-0000-0000-0001-000000000010', 'Mr. Soda', 'BEBIDA', 'true', '2026-04-02 21:35:43.967323+00', 'false') on conflict (id) do update set name = excluded.name, category = excluded.category, is_active = excluded.is_active, created_at = excluded.created_at, has_recipe = excluded.has_recipe;
insert into public.products (id, name, category, is_active, created_at, has_recipe) values ('00000000-0000-0000-0001-000000000011', 'Agua', 'BEBIDA', 'true', '2026-04-02 21:35:43.967323+00', 'false') on conflict (id) do update set name = excluded.name, category = excluded.category, is_active = excluded.is_active, created_at = excluded.created_at, has_recipe = excluded.has_recipe;
insert into public.products (id, name, category, is_active, created_at, has_recipe) values ('00000000-0000-0000-0001-000000000012', 'Jugo', 'BEBIDA', 'true', '2026-04-02 21:35:43.967323+00', 'false') on conflict (id) do update set name = excluded.name, category = excluded.category, is_active = excluded.is_active, created_at = excluded.created_at, has_recipe = excluded.has_recipe;
insert into public.products (id, name, category, is_active, created_at, has_recipe) values ('00000000-0000-0000-0001-000000000013', 'Margarita', 'PIZZA', 'true', '2026-04-02 21:35:43.967323+00', 'true') on conflict (id) do update set name = excluded.name, category = excluded.category, is_active = excluded.is_active, created_at = excluded.created_at, has_recipe = excluded.has_recipe;
insert into public.products (id, name, category, is_active, created_at, has_recipe) values ('00000000-0000-0000-0001-000000000014', 'Maicitos', 'PIZZA', 'true', '2026-04-02 21:35:43.967323+00', 'true') on conflict (id) do update set name = excluded.name, category = excluded.category, is_active = excluded.is_active, created_at = excluded.created_at, has_recipe = excluded.has_recipe;
insert into public.products (id, name, category, is_active, created_at, has_recipe) values ('00000000-0000-0000-0001-000000000015', 'Gaseosa 3L', 'BEBIDA', 'true', '2026-04-02 21:35:43.967323+00', 'false') on conflict (id) do update set name = excluded.name, category = excluded.category, is_active = excluded.is_active, created_at = excluded.created_at, has_recipe = excluded.has_recipe;
insert into public.products (id, name, category, is_active, created_at, has_recipe) values ('00000000-0000-0000-0001-000000000016', 'Vaso Gaseosa', 'BEBIDA', 'true', '2026-04-02 21:35:43.967323+00', 'false') on conflict (id) do update set name = excluded.name, category = excluded.category, is_active = excluded.is_active, created_at = excluded.created_at, has_recipe = excluded.has_recipe;
insert into public.products (id, name, category, is_active, created_at, has_recipe) values ('00000000-0000-0000-0001-000000000017', 'Estella', 'BEBIDA', 'true', '2026-04-02 21:35:43.967323+00', 'false') on conflict (id) do update set name = excluded.name, category = excluded.category, is_active = excluded.is_active, created_at = excluded.created_at, has_recipe = excluded.has_recipe;
insert into public.products (id, name, category, is_active, created_at, has_recipe) values ('00000000-0000-0000-0001-000000000100', 'Pizza Diamante', 'PIZZA', 'true', '2026-04-11 18:52:20.762681+00', 'true') on conflict (id) do update set name = excluded.name, category = excluded.category, is_active = excluded.is_active, created_at = excluded.created_at, has_recipe = excluded.has_recipe;

-- public.product_prices (44 rows)
insert into public.product_prices (id, product_id, size, price, is_active, created_at) values ('0629abfa-9d6d-4431-9887-215b2012fe96', '00000000-0000-0000-0001-000000000001', 'INDIVIDUAL', '7900', 'true', '2026-04-02 21:35:43.967323+00') on conflict (id) do update set product_id = excluded.product_id, size = excluded.size, price = excluded.price, is_active = excluded.is_active, created_at = excluded.created_at;
insert into public.product_prices (id, product_id, size, price, is_active, created_at) values ('0a512861-6d86-4158-828b-8caa8372cabd', '00000000-0000-0000-0001-000000000013', 'MEDIANA', '24000', 'true', '2026-04-02 21:35:43.967323+00') on conflict (id) do update set product_id = excluded.product_id, size = excluded.size, price = excluded.price, is_active = excluded.is_active, created_at = excluded.created_at;
insert into public.product_prices (id, product_id, size, price, is_active, created_at) values ('16eeaf26-9d7c-436a-b5d3-7c2b03001233', '00000000-0000-0000-0001-000000000015', 'INDIVIDUAL', '12500', 'true', '2026-04-02 21:35:43.967323+00') on conflict (id) do update set product_id = excluded.product_id, size = excluded.size, price = excluded.price, is_active = excluded.is_active, created_at = excluded.created_at;
insert into public.product_prices (id, product_id, size, price, is_active, created_at) values ('18aacff9-5679-429d-b963-f23027683f9a', '00000000-0000-0000-0001-000000000005', 'INDIVIDUAL', '6000', 'true', '2026-04-02 21:35:43.967323+00') on conflict (id) do update set product_id = excluded.product_id, size = excluded.size, price = excluded.price, is_active = excluded.is_active, created_at = excluded.created_at;
insert into public.product_prices (id, product_id, size, price, is_active, created_at) values ('20cbe989-6a29-4855-877e-2dc75d51b344', '00000000-0000-0000-0001-000000000006', 'FAMILIAR', '68000', 'true', '2026-04-02 21:35:43.967323+00') on conflict (id) do update set product_id = excluded.product_id, size = excluded.size, price = excluded.price, is_active = excluded.is_active, created_at = excluded.created_at;
insert into public.product_prices (id, product_id, size, price, is_active, created_at) values ('299af4f1-dc89-49e3-9c98-412811e473e0', '00000000-0000-0000-0001-000000000008', 'INDIVIDUAL', '7000', 'true', '2026-04-02 21:35:43.967323+00') on conflict (id) do update set product_id = excluded.product_id, size = excluded.size, price = excluded.price, is_active = excluded.is_active, created_at = excluded.created_at;
insert into public.product_prices (id, product_id, size, price, is_active, created_at) values ('2f631ce9-0e10-4d7f-877b-3076da95886c', '00000000-0000-0000-0001-000000000007', 'FAMILIAR', '48000', 'true', '2026-04-02 21:35:43.967323+00') on conflict (id) do update set product_id = excluded.product_id, size = excluded.size, price = excluded.price, is_active = excluded.is_active, created_at = excluded.created_at;
insert into public.product_prices (id, product_id, size, price, is_active, created_at) values ('31913514-865c-43b0-a9d3-1aa9edc52db9', '00000000-0000-0000-0001-000000000007', 'INDIVIDUAL', '6000', 'true', '2026-04-02 21:35:43.967323+00') on conflict (id) do update set product_id = excluded.product_id, size = excluded.size, price = excluded.price, is_active = excluded.is_active, created_at = excluded.created_at;
insert into public.product_prices (id, product_id, size, price, is_active, created_at) values ('3adb1c39-19c7-4555-a962-b7b46ad29d55', '00000000-0000-0000-0001-000000000005', 'MEDIANA', '24000', 'true', '2026-04-02 21:35:43.967323+00') on conflict (id) do update set product_id = excluded.product_id, size = excluded.size, price = excluded.price, is_active = excluded.is_active, created_at = excluded.created_at;
insert into public.product_prices (id, product_id, size, price, is_active, created_at) values ('3f16a3b1-992a-4363-acb0-c7261047faf4', '00000000-0000-0000-0001-000000000004', 'MEDIANA', '31600', 'true', '2026-04-02 21:35:43.967323+00') on conflict (id) do update set product_id = excluded.product_id, size = excluded.size, price = excluded.price, is_active = excluded.is_active, created_at = excluded.created_at;
insert into public.product_prices (id, product_id, size, price, is_active, created_at) values ('4ae16729-ada6-4adc-8a8c-79b67f62d7d5', '00000000-0000-0000-0001-000000000014', 'DIAMANTE', '12000', 'true', '2026-04-02 21:35:43.967323+00') on conflict (id) do update set product_id = excluded.product_id, size = excluded.size, price = excluded.price, is_active = excluded.is_active, created_at = excluded.created_at;
insert into public.product_prices (id, product_id, size, price, is_active, created_at) values ('4bb11537-0286-4bf2-9b0c-e50ca3b924ec', '00000000-0000-0000-0001-000000000001', 'DIAMANTE', '15800', 'true', '2026-04-02 21:35:43.967323+00') on conflict (id) do update set product_id = excluded.product_id, size = excluded.size, price = excluded.price, is_active = excluded.is_active, created_at = excluded.created_at;
insert into public.product_prices (id, product_id, size, price, is_active, created_at) values ('4cd49fe9-dea5-4634-b9bd-67bfe975ec68', '00000000-0000-0000-0001-000000000004', 'FAMILIAR', '63200', 'true', '2026-04-02 21:35:43.967323+00') on conflict (id) do update set product_id = excluded.product_id, size = excluded.size, price = excluded.price, is_active = excluded.is_active, created_at = excluded.created_at;
insert into public.product_prices (id, product_id, size, price, is_active, created_at) values ('6997ed4e-cbfc-45a0-8175-331d8593f7fa', '00000000-0000-0000-0001-000000000003', 'FAMILIAR', '63200', 'true', '2026-04-02 21:35:43.967323+00') on conflict (id) do update set product_id = excluded.product_id, size = excluded.size, price = excluded.price, is_active = excluded.is_active, created_at = excluded.created_at;
insert into public.product_prices (id, product_id, size, price, is_active, created_at) values ('7968daeb-7bfe-4d07-a799-e1dabf4297df', '00000000-0000-0000-0001-000000000014', 'FAMILIAR', '48000', 'true', '2026-04-02 21:35:43.967323+00') on conflict (id) do update set product_id = excluded.product_id, size = excluded.size, price = excluded.price, is_active = excluded.is_active, created_at = excluded.created_at;
insert into public.product_prices (id, product_id, size, price, is_active, created_at) values ('7acd2467-c06b-4a1f-8ba8-edbe9716b94a', '00000000-0000-0000-0001-000000000005', 'FAMILIAR', '48000', 'true', '2026-04-02 21:35:43.967323+00') on conflict (id) do update set product_id = excluded.product_id, size = excluded.size, price = excluded.price, is_active = excluded.is_active, created_at = excluded.created_at;
insert into public.product_prices (id, product_id, size, price, is_active, created_at) values ('811c2c44-6420-4805-880f-97722a691b57', '00000000-0000-0000-0001-000000000011', 'INDIVIDUAL', '2000', 'true', '2026-04-02 21:35:43.967323+00') on conflict (id) do update set product_id = excluded.product_id, size = excluded.size, price = excluded.price, is_active = excluded.is_active, created_at = excluded.created_at;
insert into public.product_prices (id, product_id, size, price, is_active, created_at) values ('85bce44d-7fba-4536-960b-93962d370a5a', '00000000-0000-0000-0001-000000000004', 'DIAMANTE', '15800', 'true', '2026-04-02 21:35:43.967323+00') on conflict (id) do update set product_id = excluded.product_id, size = excluded.size, price = excluded.price, is_active = excluded.is_active, created_at = excluded.created_at;
insert into public.product_prices (id, product_id, size, price, is_active, created_at) values ('8959845d-07d4-4168-b334-e55e93b950c6', '00000000-0000-0000-0001-000000000003', 'MEDIANA', '31600', 'true', '2026-04-02 21:35:43.967323+00') on conflict (id) do update set product_id = excluded.product_id, size = excluded.size, price = excluded.price, is_active = excluded.is_active, created_at = excluded.created_at;
insert into public.product_prices (id, product_id, size, price, is_active, created_at) values ('95de2fbb-87e7-4e95-b3d7-f7fa1fbcc5be', '00000000-0000-0000-0001-000000000013', 'FAMILIAR', '48000', 'true', '2026-04-02 21:35:43.967323+00') on conflict (id) do update set product_id = excluded.product_id, size = excluded.size, price = excluded.price, is_active = excluded.is_active, created_at = excluded.created_at;
insert into public.product_prices (id, product_id, size, price, is_active, created_at) values ('95fb1848-5980-45c3-a9b6-03161a6189a1', '00000000-0000-0000-0001-000000000003', 'DIAMANTE', '15800', 'true', '2026-04-02 21:35:43.967323+00') on conflict (id) do update set product_id = excluded.product_id, size = excluded.size, price = excluded.price, is_active = excluded.is_active, created_at = excluded.created_at;
insert into public.product_prices (id, product_id, size, price, is_active, created_at) values ('a9c52ec6-6248-46fa-bc59-bdba0dbe2149', '00000000-0000-0000-0001-000000000001', 'MEDIANA', '31600', 'true', '2026-04-02 21:35:43.967323+00') on conflict (id) do update set product_id = excluded.product_id, size = excluded.size, price = excluded.price, is_active = excluded.is_active, created_at = excluded.created_at;
insert into public.product_prices (id, product_id, size, price, is_active, created_at) values ('a9d48c6f-944c-4a68-9e52-3e0a51f76633', '00000000-0000-0000-0001-000000000010', 'INDIVIDUAL', '3000', 'true', '2026-04-02 21:35:43.967323+00') on conflict (id) do update set product_id = excluded.product_id, size = excluded.size, price = excluded.price, is_active = excluded.is_active, created_at = excluded.created_at;
insert into public.product_prices (id, product_id, size, price, is_active, created_at) values ('b30050b9-350a-4466-b527-4982e3789c73', '00000000-0000-0000-0001-000000000002', 'INDIVIDUAL', '7900', 'true', '2026-04-02 21:35:43.967323+00') on conflict (id) do update set product_id = excluded.product_id, size = excluded.size, price = excluded.price, is_active = excluded.is_active, created_at = excluded.created_at;
insert into public.product_prices (id, product_id, size, price, is_active, created_at) values ('b420680b-a35a-434d-b7aa-744362b94ba1', '00000000-0000-0000-0001-000000000016', 'INDIVIDUAL', '1000', 'true', '2026-04-02 21:35:43.967323+00') on conflict (id) do update set product_id = excluded.product_id, size = excluded.size, price = excluded.price, is_active = excluded.is_active, created_at = excluded.created_at;
insert into public.product_prices (id, product_id, size, price, is_active, created_at) values ('b89137be-89f3-498d-bd21-5d364992cca1', '00000000-0000-0000-0001-000000000014', 'INDIVIDUAL', '6000', 'true', '2026-04-02 21:35:43.967323+00') on conflict (id) do update set product_id = excluded.product_id, size = excluded.size, price = excluded.price, is_active = excluded.is_active, created_at = excluded.created_at;
insert into public.product_prices (id, product_id, size, price, is_active, created_at) values ('b9f4deb8-1c82-490f-9229-dde11b0b9290', '00000000-0000-0000-0001-000000000002', 'DIAMANTE', '15800', 'true', '2026-04-02 21:35:43.967323+00') on conflict (id) do update set product_id = excluded.product_id, size = excluded.size, price = excluded.price, is_active = excluded.is_active, created_at = excluded.created_at;
insert into public.product_prices (id, product_id, size, price, is_active, created_at) values ('bae0934e-4b29-4fba-91ca-062461d55e94', '00000000-0000-0000-0001-000000000009', 'INDIVIDUAL', '2600', 'true', '2026-04-02 21:35:43.967323+00') on conflict (id) do update set product_id = excluded.product_id, size = excluded.size, price = excluded.price, is_active = excluded.is_active, created_at = excluded.created_at;
insert into public.product_prices (id, product_id, size, price, is_active, created_at) values ('c9a8ef4a-bf43-4f2e-af1f-c9a991e2649e', '00000000-0000-0000-0001-000000000006', 'DIAMANTE', '17000', 'true', '2026-04-02 21:35:43.967323+00') on conflict (id) do update set product_id = excluded.product_id, size = excluded.size, price = excluded.price, is_active = excluded.is_active, created_at = excluded.created_at;
insert into public.product_prices (id, product_id, size, price, is_active, created_at) values ('cd76096e-65d1-4ef7-b3e3-01e1f516aee9', '00000000-0000-0000-0001-000000000006', 'INDIVIDUAL', '8500', 'true', '2026-04-02 21:35:43.967323+00') on conflict (id) do update set product_id = excluded.product_id, size = excluded.size, price = excluded.price, is_active = excluded.is_active, created_at = excluded.created_at;
insert into public.product_prices (id, product_id, size, price, is_active, created_at) values ('d0cc6069-36c7-4251-b16e-8c3a94a39b89', '00000000-0000-0000-0001-000000000004', 'INDIVIDUAL', '7900', 'true', '2026-04-02 21:35:43.967323+00') on conflict (id) do update set product_id = excluded.product_id, size = excluded.size, price = excluded.price, is_active = excluded.is_active, created_at = excluded.created_at;
insert into public.product_prices (id, product_id, size, price, is_active, created_at) values ('d1f3464e-a75d-43df-bd29-19732ec49d0c', '00000000-0000-0000-0001-000000000002', 'FAMILIAR', '63200', 'true', '2026-04-02 21:35:43.967323+00') on conflict (id) do update set product_id = excluded.product_id, size = excluded.size, price = excluded.price, is_active = excluded.is_active, created_at = excluded.created_at;
insert into public.product_prices (id, product_id, size, price, is_active, created_at) values ('d279662c-00b5-4716-ac3e-ec4848249fad', '00000000-0000-0000-0001-000000000001', 'FAMILIAR', '63200', 'true', '2026-04-02 21:35:43.967323+00') on conflict (id) do update set product_id = excluded.product_id, size = excluded.size, price = excluded.price, is_active = excluded.is_active, created_at = excluded.created_at;
insert into public.product_prices (id, product_id, size, price, is_active, created_at) values ('d2807cbf-e2ee-4c7c-85e7-0995ac0a9ff5', '00000000-0000-0000-0001-000000000014', 'MEDIANA', '24000', 'true', '2026-04-02 21:35:43.967323+00') on conflict (id) do update set product_id = excluded.product_id, size = excluded.size, price = excluded.price, is_active = excluded.is_active, created_at = excluded.created_at;
insert into public.product_prices (id, product_id, size, price, is_active, created_at) values ('d55b6e10-9698-471e-90b1-5ff3e6d1537b', '00000000-0000-0000-0001-000000000002', 'MEDIANA', '31600', 'true', '2026-04-02 21:35:43.967323+00') on conflict (id) do update set product_id = excluded.product_id, size = excluded.size, price = excluded.price, is_active = excluded.is_active, created_at = excluded.created_at;
insert into public.product_prices (id, product_id, size, price, is_active, created_at) values ('dca796f0-ed65-4d4c-b4b7-48726fa0a528', '00000000-0000-0000-0001-000000000006', 'MEDIANA', '34000', 'true', '2026-04-02 21:35:43.967323+00') on conflict (id) do update set product_id = excluded.product_id, size = excluded.size, price = excluded.price, is_active = excluded.is_active, created_at = excluded.created_at;
insert into public.product_prices (id, product_id, size, price, is_active, created_at) values ('dcc89cf1-07a2-4458-86fd-36f8e39657ce', '00000000-0000-0000-0001-000000000012', 'INDIVIDUAL', '3000', 'true', '2026-04-02 21:35:43.967323+00') on conflict (id) do update set product_id = excluded.product_id, size = excluded.size, price = excluded.price, is_active = excluded.is_active, created_at = excluded.created_at;
insert into public.product_prices (id, product_id, size, price, is_active, created_at) values ('de877b4e-27bc-4622-9d5b-d10f1ec2636d', '00000000-0000-0000-0001-000000000013', 'DIAMANTE', '12000', 'true', '2026-04-02 21:35:43.967323+00') on conflict (id) do update set product_id = excluded.product_id, size = excluded.size, price = excluded.price, is_active = excluded.is_active, created_at = excluded.created_at;
insert into public.product_prices (id, product_id, size, price, is_active, created_at) values ('eed21bf9-95cb-41ba-b099-b29ac32cd1be', '00000000-0000-0000-0001-000000000007', 'DIAMANTE', '12000', 'true', '2026-04-02 21:35:43.967323+00') on conflict (id) do update set product_id = excluded.product_id, size = excluded.size, price = excluded.price, is_active = excluded.is_active, created_at = excluded.created_at;
insert into public.product_prices (id, product_id, size, price, is_active, created_at) values ('efe3ffcd-0ec3-47a5-955b-b2e2b27ab567', '00000000-0000-0000-0001-000000000003', 'INDIVIDUAL', '7900', 'true', '2026-04-02 21:35:43.967323+00') on conflict (id) do update set product_id = excluded.product_id, size = excluded.size, price = excluded.price, is_active = excluded.is_active, created_at = excluded.created_at;
insert into public.product_prices (id, product_id, size, price, is_active, created_at) values ('f10fd02e-2429-4aaf-9097-666afffe7935', '00000000-0000-0000-0001-000000000007', 'MEDIANA', '24000', 'true', '2026-04-02 21:35:43.967323+00') on conflict (id) do update set product_id = excluded.product_id, size = excluded.size, price = excluded.price, is_active = excluded.is_active, created_at = excluded.created_at;
insert into public.product_prices (id, product_id, size, price, is_active, created_at) values ('f38f15b4-03dd-46b9-9e4d-a93a65649dfa', '00000000-0000-0000-0001-000000000005', 'DIAMANTE', '12000', 'true', '2026-04-02 21:35:43.967323+00') on conflict (id) do update set product_id = excluded.product_id, size = excluded.size, price = excluded.price, is_active = excluded.is_active, created_at = excluded.created_at;
insert into public.product_prices (id, product_id, size, price, is_active, created_at) values ('f80ae918-d428-467e-95bd-eecc771257f6', '00000000-0000-0000-0001-000000000013', 'INDIVIDUAL', '6000', 'true', '2026-04-02 21:35:43.967323+00') on conflict (id) do update set product_id = excluded.product_id, size = excluded.size, price = excluded.price, is_active = excluded.is_active, created_at = excluded.created_at;
insert into public.product_prices (id, product_id, size, price, is_active, created_at) values ('fb5d3843-d2fa-40a4-be48-005dee2e2e52', '00000000-0000-0000-0001-000000000017', 'INDIVIDUAL', '6000', 'true', '2026-04-02 21:35:43.967323+00') on conflict (id) do update set product_id = excluded.product_id, size = excluded.size, price = excluded.price, is_active = excluded.is_active, created_at = excluded.created_at;

-- public.recipes (10 rows)
insert into public.recipes (id, product_id, created_at) values ('00000000-0000-0000-0003-000000000001', '00000000-0000-0000-0001-000000000001', '2026-04-02 21:35:43.967323+00') on conflict (id) do update set product_id = excluded.product_id, created_at = excluded.created_at;
insert into public.recipes (id, product_id, created_at) values ('00000000-0000-0000-0003-000000000002', '00000000-0000-0000-0001-000000000002', '2026-04-02 21:35:43.967323+00') on conflict (id) do update set product_id = excluded.product_id, created_at = excluded.created_at;
insert into public.recipes (id, product_id, created_at) values ('00000000-0000-0000-0003-000000000003', '00000000-0000-0000-0001-000000000003', '2026-04-02 21:35:43.967323+00') on conflict (id) do update set product_id = excluded.product_id, created_at = excluded.created_at;
insert into public.recipes (id, product_id, created_at) values ('00000000-0000-0000-0003-000000000004', '00000000-0000-0000-0001-000000000004', '2026-04-02 21:35:43.967323+00') on conflict (id) do update set product_id = excluded.product_id, created_at = excluded.created_at;
insert into public.recipes (id, product_id, created_at) values ('00000000-0000-0000-0003-000000000005', '00000000-0000-0000-0001-000000000005', '2026-04-02 21:35:43.967323+00') on conflict (id) do update set product_id = excluded.product_id, created_at = excluded.created_at;
insert into public.recipes (id, product_id, created_at) values ('00000000-0000-0000-0003-000000000006', '00000000-0000-0000-0001-000000000006', '2026-04-02 21:35:43.967323+00') on conflict (id) do update set product_id = excluded.product_id, created_at = excluded.created_at;
insert into public.recipes (id, product_id, created_at) values ('00000000-0000-0000-0003-000000000007', '00000000-0000-0000-0001-000000000007', '2026-04-02 21:35:43.967323+00') on conflict (id) do update set product_id = excluded.product_id, created_at = excluded.created_at;
insert into public.recipes (id, product_id, created_at) values ('00000000-0000-0000-0003-000000000008', '00000000-0000-0000-0001-000000000013', '2026-04-02 21:35:43.967323+00') on conflict (id) do update set product_id = excluded.product_id, created_at = excluded.created_at;
insert into public.recipes (id, product_id, created_at) values ('00000000-0000-0000-0003-000000000009', '00000000-0000-0000-0001-000000000014', '2026-04-02 21:35:43.967323+00') on conflict (id) do update set product_id = excluded.product_id, created_at = excluded.created_at;
insert into public.recipes (id, product_id, created_at) values ('00000000-0000-0000-0003-000000000100', '00000000-0000-0000-0001-000000000100', '2026-04-11 18:52:20.762681+00') on conflict (id) do update set product_id = excluded.product_id, created_at = excluded.created_at;

-- public.recipe_ingredients (50 rows)
insert into public.recipe_ingredients (id, recipe_id, supply_id, grams_per_portion) values ('0966a6cd-a1ca-4278-a0df-d19830fc03b9', '00000000-0000-0000-0003-000000000008', '1a3a180b-1984-4077-ab06-d80474f8aa48', '39.1') on conflict (id) do update set recipe_id = excluded.recipe_id, supply_id = excluded.supply_id, grams_per_portion = excluded.grams_per_portion;
insert into public.recipe_ingredients (id, recipe_id, supply_id, grams_per_portion) values ('0c9bd867-ffad-416e-9758-93cc0a6bcf62', '00000000-0000-0000-0003-000000000005', '1a3a180b-1984-4077-ab06-d80474f8aa48', '39.1') on conflict (id) do update set recipe_id = excluded.recipe_id, supply_id = excluded.supply_id, grams_per_portion = excluded.grams_per_portion;
insert into public.recipe_ingredients (id, recipe_id, supply_id, grams_per_portion) values ('112fc205-cdd5-4dca-8912-696a8cfe9728', '00000000-0000-0000-0003-000000000100', '00000000-0000-0000-0002-000000000003', '100') on conflict (id) do update set recipe_id = excluded.recipe_id, supply_id = excluded.supply_id, grams_per_portion = excluded.grams_per_portion;
insert into public.recipe_ingredients (id, recipe_id, supply_id, grams_per_portion) values ('11fb5d5c-a9cb-4d63-933b-262cb072c433', '00000000-0000-0000-0003-000000000004', '00000000-0000-0000-0002-000000000003', '50') on conflict (id) do update set recipe_id = excluded.recipe_id, supply_id = excluded.supply_id, grams_per_portion = excluded.grams_per_portion;
insert into public.recipe_ingredients (id, recipe_id, supply_id, grams_per_portion) values ('1d26045e-67f8-47f0-85b7-513148534ddf', '00000000-0000-0000-0003-000000000005', '00000000-0000-0000-0002-000000000003', '50') on conflict (id) do update set recipe_id = excluded.recipe_id, supply_id = excluded.supply_id, grams_per_portion = excluded.grams_per_portion;
insert into public.recipe_ingredients (id, recipe_id, supply_id, grams_per_portion) values ('232e1689-201a-4425-898e-38b45cec6f90', '00000000-0000-0000-0003-000000000006', '00000000-0000-0000-0002-000000000012', '25') on conflict (id) do update set recipe_id = excluded.recipe_id, supply_id = excluded.supply_id, grams_per_portion = excluded.grams_per_portion;
insert into public.recipe_ingredients (id, recipe_id, supply_id, grams_per_portion) values ('24fb01a5-6693-4de6-b696-9999b1459997', '00000000-0000-0000-0003-000000000003', '00000000-0000-0000-0002-000000000001', '75.2') on conflict (id) do update set recipe_id = excluded.recipe_id, supply_id = excluded.supply_id, grams_per_portion = excluded.grams_per_portion;
insert into public.recipe_ingredients (id, recipe_id, supply_id, grams_per_portion) values ('255aeb47-ec35-4b49-9066-416e1ec4097f', '00000000-0000-0000-0003-000000000005', '00000000-0000-0000-0002-000000000001', '75.2') on conflict (id) do update set recipe_id = excluded.recipe_id, supply_id = excluded.supply_id, grams_per_portion = excluded.grams_per_portion;
insert into public.recipe_ingredients (id, recipe_id, supply_id, grams_per_portion) values ('2ac08107-9bdb-4477-962a-1a5d40dc37ed', '00000000-0000-0000-0003-000000000001', '00000000-0000-0000-0002-000000000003', '50') on conflict (id) do update set recipe_id = excluded.recipe_id, supply_id = excluded.supply_id, grams_per_portion = excluded.grams_per_portion;
insert into public.recipe_ingredients (id, recipe_id, supply_id, grams_per_portion) values ('38c11ee0-57a5-4b8e-92fa-0a7ea3bbcf45', '00000000-0000-0000-0003-000000000003', '00000000-0000-0000-0002-000000000003', '50') on conflict (id) do update set recipe_id = excluded.recipe_id, supply_id = excluded.supply_id, grams_per_portion = excluded.grams_per_portion;
insert into public.recipe_ingredients (id, recipe_id, supply_id, grams_per_portion) values ('4158ad1c-2222-4293-babb-67a022600485', '00000000-0000-0000-0003-000000000002', '00000000-0000-0000-0002-000000000003', '50') on conflict (id) do update set recipe_id = excluded.recipe_id, supply_id = excluded.supply_id, grams_per_portion = excluded.grams_per_portion;
insert into public.recipe_ingredients (id, recipe_id, supply_id, grams_per_portion) values ('41c3f1b9-b0a9-4cd3-abf6-ba35af8cd7b6', '00000000-0000-0000-0003-000000000100', '00000000-0000-0000-0002-000000000001', '150.4') on conflict (id) do update set recipe_id = excluded.recipe_id, supply_id = excluded.supply_id, grams_per_portion = excluded.grams_per_portion;
insert into public.recipe_ingredients (id, recipe_id, supply_id, grams_per_portion) values ('471c9211-8288-4e0b-821a-5ff8d849e7ab', '00000000-0000-0000-0003-000000000001', '00000000-0000-0000-0002-000000000001', '75.2') on conflict (id) do update set recipe_id = excluded.recipe_id, supply_id = excluded.supply_id, grams_per_portion = excluded.grams_per_portion;
insert into public.recipe_ingredients (id, recipe_id, supply_id, grams_per_portion) values ('51dab3bf-196c-4625-a5bf-0f54c6359297', '00000000-0000-0000-0003-000000000004', '37850381-d932-4188-9f63-fad110bd8628', '12.5') on conflict (id) do update set recipe_id = excluded.recipe_id, supply_id = excluded.supply_id, grams_per_portion = excluded.grams_per_portion;
insert into public.recipe_ingredients (id, recipe_id, supply_id, grams_per_portion) values ('5ef63e56-6f55-46b0-ab3a-13fe3362b76b', '00000000-0000-0000-0003-000000000006', '00000000-0000-0000-0002-000000000017', '50') on conflict (id) do update set recipe_id = excluded.recipe_id, supply_id = excluded.supply_id, grams_per_portion = excluded.grams_per_portion;
insert into public.recipe_ingredients (id, recipe_id, supply_id, grams_per_portion) values ('63ac065f-a96c-4e91-8039-8b647d4ab1bc', '00000000-0000-0000-0003-000000000007', '00000000-0000-0000-0002-000000000001', '75.2') on conflict (id) do update set recipe_id = excluded.recipe_id, supply_id = excluded.supply_id, grams_per_portion = excluded.grams_per_portion;
insert into public.recipe_ingredients (id, recipe_id, supply_id, grams_per_portion) values ('6481051e-50d6-4355-9ce8-c114556bd39d', '00000000-0000-0000-0003-000000000007', '00000000-0000-0000-0002-000000000003', '50') on conflict (id) do update set recipe_id = excluded.recipe_id, supply_id = excluded.supply_id, grams_per_portion = excluded.grams_per_portion;
insert into public.recipe_ingredients (id, recipe_id, supply_id, grams_per_portion) values ('68cd2363-64b2-4d85-ade3-ee0ca8e3dae0', '00000000-0000-0000-0003-000000000002', 'a8d18486-d904-4045-89c0-fd90038c1fb9', '17.4') on conflict (id) do update set recipe_id = excluded.recipe_id, supply_id = excluded.supply_id, grams_per_portion = excluded.grams_per_portion;
insert into public.recipe_ingredients (id, recipe_id, supply_id, grams_per_portion) values ('6e2795ed-e71d-466b-bcf6-0862f2fa3baa', '00000000-0000-0000-0003-000000000007', 'a8d18486-d904-4045-89c0-fd90038c1fb9', '17.4') on conflict (id) do update set recipe_id = excluded.recipe_id, supply_id = excluded.supply_id, grams_per_portion = excluded.grams_per_portion;
insert into public.recipe_ingredients (id, recipe_id, supply_id, grams_per_portion) values ('7494a0da-b85a-491e-97ba-d1834bd70a5d', '00000000-0000-0000-0003-000000000006', '00000000-0000-0000-0002-000000000019', '5') on conflict (id) do update set recipe_id = excluded.recipe_id, supply_id = excluded.supply_id, grams_per_portion = excluded.grams_per_portion;
insert into public.recipe_ingredients (id, recipe_id, supply_id, grams_per_portion) values ('75e917f6-ef2a-4123-82c1-32bd1f4597f3', '00000000-0000-0000-0003-000000000008', '00000000-0000-0000-0002-000000000003', '50') on conflict (id) do update set recipe_id = excluded.recipe_id, supply_id = excluded.supply_id, grams_per_portion = excluded.grams_per_portion;
insert into public.recipe_ingredients (id, recipe_id, supply_id, grams_per_portion) values ('8d96682f-9c14-4a42-97a5-110f474ecfab', '00000000-0000-0000-0003-000000000003', '00000000-0000-0000-0002-000000000007', '31.3') on conflict (id) do update set recipe_id = excluded.recipe_id, supply_id = excluded.supply_id, grams_per_portion = excluded.grams_per_portion;
insert into public.recipe_ingredients (id, recipe_id, supply_id, grams_per_portion) values ('8e5d66b8-c770-47cc-a6b5-2439d6646edf', '00000000-0000-0000-0003-000000000008', 'd68a18c3-79d6-48e1-b06b-81f6b2743cab', '25') on conflict (id) do update set recipe_id = excluded.recipe_id, supply_id = excluded.supply_id, grams_per_portion = excluded.grams_per_portion;
insert into public.recipe_ingredients (id, recipe_id, supply_id, grams_per_portion) values ('92071aed-826f-4258-b8a1-6d61be573895', '00000000-0000-0000-0003-000000000006', '00000000-0000-0000-0002-000000000003', '50') on conflict (id) do update set recipe_id = excluded.recipe_id, supply_id = excluded.supply_id, grams_per_portion = excluded.grams_per_portion;
insert into public.recipe_ingredients (id, recipe_id, supply_id, grams_per_portion) values ('9e083c1e-4353-4d73-9c01-84674390d17b', '00000000-0000-0000-0003-000000000001', 'a594e8d0-67f2-481c-acc4-f093c74e28ad', '26.7') on conflict (id) do update set recipe_id = excluded.recipe_id, supply_id = excluded.supply_id, grams_per_portion = excluded.grams_per_portion;
insert into public.recipe_ingredients (id, recipe_id, supply_id, grams_per_portion) values ('a3de8913-012e-4757-8450-40de8d174274', '00000000-0000-0000-0003-000000000001', 'a8d18486-d904-4045-89c0-fd90038c1fb9', '17.4') on conflict (id) do update set recipe_id = excluded.recipe_id, supply_id = excluded.supply_id, grams_per_portion = excluded.grams_per_portion;
insert into public.recipe_ingredients (id, recipe_id, supply_id, grams_per_portion) values ('a41ffcd3-66f0-4ebf-a16a-973504319689', '00000000-0000-0000-0003-000000000006', '00000000-0000-0000-0002-000000000013', '41.7') on conflict (id) do update set recipe_id = excluded.recipe_id, supply_id = excluded.supply_id, grams_per_portion = excluded.grams_per_portion;
insert into public.recipe_ingredients (id, recipe_id, supply_id, grams_per_portion) values ('a44b6e37-b993-422e-97c0-c880c693fa1a', '00000000-0000-0000-0003-000000000006', '1a3a180b-1984-4077-ab06-d80474f8aa48', '39.1') on conflict (id) do update set recipe_id = excluded.recipe_id, supply_id = excluded.supply_id, grams_per_portion = excluded.grams_per_portion;
insert into public.recipe_ingredients (id, recipe_id, supply_id, grams_per_portion) values ('a506cb73-36d7-4ce8-9c5e-06900496519d', '00000000-0000-0000-0003-000000000006', '359d23ef-0eeb-4f2f-a4b6-7190de90728a', '30') on conflict (id) do update set recipe_id = excluded.recipe_id, supply_id = excluded.supply_id, grams_per_portion = excluded.grams_per_portion;
insert into public.recipe_ingredients (id, recipe_id, supply_id, grams_per_portion) values ('a5408cf4-425e-4ed8-a87b-b0a17795d64a', '00000000-0000-0000-0003-000000000008', '00000000-0000-0000-0002-000000000001', '75.2') on conflict (id) do update set recipe_id = excluded.recipe_id, supply_id = excluded.supply_id, grams_per_portion = excluded.grams_per_portion;
insert into public.recipe_ingredients (id, recipe_id, supply_id, grams_per_portion) values ('a6e47224-3ae9-4ba5-aa8a-6256bb2185cb', '00000000-0000-0000-0003-000000000002', '1a3a180b-1984-4077-ab06-d80474f8aa48', '39.1') on conflict (id) do update set recipe_id = excluded.recipe_id, supply_id = excluded.supply_id, grams_per_portion = excluded.grams_per_portion;
insert into public.recipe_ingredients (id, recipe_id, supply_id, grams_per_portion) values ('a79c41fc-60d5-47e4-9f30-6cc1ba901fa1', '00000000-0000-0000-0003-000000000005', 'd68a18c3-79d6-48e1-b06b-81f6b2743cab', '150') on conflict (id) do update set recipe_id = excluded.recipe_id, supply_id = excluded.supply_id, grams_per_portion = excluded.grams_per_portion;
insert into public.recipe_ingredients (id, recipe_id, supply_id, grams_per_portion) values ('ac6aafaa-1e5b-442f-8186-46c2ec0a9648', '00000000-0000-0000-0003-000000000003', '1a3a180b-1984-4077-ab06-d80474f8aa48', '39.1') on conflict (id) do update set recipe_id = excluded.recipe_id, supply_id = excluded.supply_id, grams_per_portion = excluded.grams_per_portion;
insert into public.recipe_ingredients (id, recipe_id, supply_id, grams_per_portion) values ('b298c4bc-868b-4dce-8daa-338428df3215', '00000000-0000-0000-0003-000000000006', '00000000-0000-0000-0002-000000000001', '75.2') on conflict (id) do update set recipe_id = excluded.recipe_id, supply_id = excluded.supply_id, grams_per_portion = excluded.grams_per_portion;
insert into public.recipe_ingredients (id, recipe_id, supply_id, grams_per_portion) values ('b4d40eed-de39-4ec1-b7cb-7a8d0d1ab769', '00000000-0000-0000-0003-000000000002', '00000000-0000-0000-0002-000000000005', '15.6') on conflict (id) do update set recipe_id = excluded.recipe_id, supply_id = excluded.supply_id, grams_per_portion = excluded.grams_per_portion;
insert into public.recipe_ingredients (id, recipe_id, supply_id, grams_per_portion) values ('bd1213b2-5a76-4460-a262-de699e1edc43', '00000000-0000-0000-0003-000000000004', '1a3a180b-1984-4077-ab06-d80474f8aa48', '39.1') on conflict (id) do update set recipe_id = excluded.recipe_id, supply_id = excluded.supply_id, grams_per_portion = excluded.grams_per_portion;
insert into public.recipe_ingredients (id, recipe_id, supply_id, grams_per_portion) values ('c5e07dc2-ca9f-4ff6-b22f-6b565dcbc1bd', '00000000-0000-0000-0003-000000000006', '00000000-0000-0000-0002-000000000016', '50') on conflict (id) do update set recipe_id = excluded.recipe_id, supply_id = excluded.supply_id, grams_per_portion = excluded.grams_per_portion;
insert into public.recipe_ingredients (id, recipe_id, supply_id, grams_per_portion) values ('ccfe00bc-11a8-4ed2-a1f8-f90dcb24154f', '00000000-0000-0000-0003-000000000004', '00000000-0000-0000-0002-000000000001', '75.2') on conflict (id) do update set recipe_id = excluded.recipe_id, supply_id = excluded.supply_id, grams_per_portion = excluded.grams_per_portion;
insert into public.recipe_ingredients (id, recipe_id, supply_id, grams_per_portion) values ('ce0e6be5-8056-455a-8163-2e65072d8c63', '00000000-0000-0000-0003-000000000009', '00000000-0000-0000-0002-000000000001', '75.2') on conflict (id) do update set recipe_id = excluded.recipe_id, supply_id = excluded.supply_id, grams_per_portion = excluded.grams_per_portion;
insert into public.recipe_ingredients (id, recipe_id, supply_id, grams_per_portion) values ('d48493e0-5cc2-4f20-b8a8-b8a73c5ef698', '00000000-0000-0000-0003-000000000006', '82fa538f-9a96-46ee-8272-553ab1158b15', '10') on conflict (id) do update set recipe_id = excluded.recipe_id, supply_id = excluded.supply_id, grams_per_portion = excluded.grams_per_portion;
insert into public.recipe_ingredients (id, recipe_id, supply_id, grams_per_portion) values ('d6974be4-5ce5-40b6-96b4-9a6cc94bed78', '00000000-0000-0000-0003-000000000009', 'e30a1dd4-4358-4b9d-ab4c-7db3c3dbc1c7', '30') on conflict (id) do update set recipe_id = excluded.recipe_id, supply_id = excluded.supply_id, grams_per_portion = excluded.grams_per_portion;
insert into public.recipe_ingredients (id, recipe_id, supply_id, grams_per_portion) values ('d903b074-ed74-4677-a875-8b29c58a6d50', '00000000-0000-0000-0003-000000000007', '1a3a180b-1984-4077-ab06-d80474f8aa48', '39') on conflict (id) do update set recipe_id = excluded.recipe_id, supply_id = excluded.supply_id, grams_per_portion = excluded.grams_per_portion;
insert into public.recipe_ingredients (id, recipe_id, supply_id, grams_per_portion) values ('dd0ab5f2-a29f-403b-aa1c-4178f08694d2', '00000000-0000-0000-0003-000000000002', '00000000-0000-0000-0002-000000000001', '75.2') on conflict (id) do update set recipe_id = excluded.recipe_id, supply_id = excluded.supply_id, grams_per_portion = excluded.grams_per_portion;
insert into public.recipe_ingredients (id, recipe_id, supply_id, grams_per_portion) values ('e0fbc59d-ec37-43c1-8856-048521fb0237', '00000000-0000-0000-0003-000000000001', '1a3a180b-1984-4077-ab06-d80474f8aa48', '39.1') on conflict (id) do update set recipe_id = excluded.recipe_id, supply_id = excluded.supply_id, grams_per_portion = excluded.grams_per_portion;
insert into public.recipe_ingredients (id, recipe_id, supply_id, grams_per_portion) values ('e2b64ee0-21a4-434c-baab-2cdb2dcc5cc2', '00000000-0000-0000-0003-000000000009', '1a3a180b-1984-4077-ab06-d80474f8aa48', '39.1') on conflict (id) do update set recipe_id = excluded.recipe_id, supply_id = excluded.supply_id, grams_per_portion = excluded.grams_per_portion;
insert into public.recipe_ingredients (id, recipe_id, supply_id, grams_per_portion) values ('e3a793ba-4269-48e3-9a3f-7a13f1a32f67', '00000000-0000-0000-0003-000000000005', 'ba403d20-2f69-4f04-9fa6-ca8a240bf75b', '20') on conflict (id) do update set recipe_id = excluded.recipe_id, supply_id = excluded.supply_id, grams_per_portion = excluded.grams_per_portion;
insert into public.recipe_ingredients (id, recipe_id, supply_id, grams_per_portion) values ('e97b3679-9810-416c-9215-ad6398892e22', '00000000-0000-0000-0003-000000000100', '00000000-0000-0000-0002-000000000002', '78.2') on conflict (id) do update set recipe_id = excluded.recipe_id, supply_id = excluded.supply_id, grams_per_portion = excluded.grams_per_portion;
insert into public.recipe_ingredients (id, recipe_id, supply_id, grams_per_portion) values ('f0b8733e-1a36-4482-8d9d-a881c61caed5', '00000000-0000-0000-0003-000000000009', '00000000-0000-0000-0002-000000000003', '50') on conflict (id) do update set recipe_id = excluded.recipe_id, supply_id = excluded.supply_id, grams_per_portion = excluded.grams_per_portion;
insert into public.recipe_ingredients (id, recipe_id, supply_id, grams_per_portion) values ('f965c546-066f-4c3e-9925-e49cc1cdecab', '00000000-0000-0000-0003-000000000008', 'ba403d20-2f69-4f04-9fa6-ca8a240bf75b', '5') on conflict (id) do update set recipe_id = excluded.recipe_id, supply_id = excluded.supply_id, grams_per_portion = excluded.grams_per_portion;
insert into public.recipe_ingredients (id, recipe_id, supply_id, grams_per_portion) values ('fc002d0e-2e1d-4bf5-a3c7-bcaa2d212f26', '00000000-0000-0000-0003-000000000004', '00000000-0000-0000-0002-000000000009', '31.4') on conflict (id) do update set recipe_id = excluded.recipe_id, supply_id = excluded.supply_id, grams_per_portion = excluded.grams_per_portion;

-- public.product_formats (36 rows)
insert into public.product_formats (id, product_id, name, portions, price, is_active, sort_order, created_at) values ('05868d23-5264-444e-8173-0eb52bdf968a', '00000000-0000-0000-0001-000000000003', 'Mediana', '4', '31600', 'true', '3', '2026-04-02 21:35:43.967323+00') on conflict (id) do update set product_id = excluded.product_id, name = excluded.name, portions = excluded.portions, price = excluded.price, is_active = excluded.is_active, sort_order = excluded.sort_order, created_at = excluded.created_at;
insert into public.product_formats (id, product_id, name, portions, price, is_active, sort_order, created_at) values ('15a846b4-1b7b-44cb-9f26-b00271901739', '00000000-0000-0000-0001-000000000005', 'Individual', '1', '6000', 'true', '1', '2026-04-02 21:35:43.967323+00') on conflict (id) do update set product_id = excluded.product_id, name = excluded.name, portions = excluded.portions, price = excluded.price, is_active = excluded.is_active, sort_order = excluded.sort_order, created_at = excluded.created_at;
insert into public.product_formats (id, product_id, name, portions, price, is_active, sort_order, created_at) values ('212caae0-0f84-41f8-a518-f13cd735f657', '00000000-0000-0000-0001-000000000002', 'Familiar', '8', '63200', 'true', '4', '2026-04-02 21:35:43.967323+00') on conflict (id) do update set product_id = excluded.product_id, name = excluded.name, portions = excluded.portions, price = excluded.price, is_active = excluded.is_active, sort_order = excluded.sort_order, created_at = excluded.created_at;
insert into public.product_formats (id, product_id, name, portions, price, is_active, sort_order, created_at) values ('3051d941-3c79-4311-8efa-779fd715b540', '00000000-0000-0000-0001-000000000011', 'Individual', '1', '2000', 'true', '1', '2026-04-02 21:35:43.967323+00') on conflict (id) do update set product_id = excluded.product_id, name = excluded.name, portions = excluded.portions, price = excluded.price, is_active = excluded.is_active, sort_order = excluded.sort_order, created_at = excluded.created_at;
insert into public.product_formats (id, product_id, name, portions, price, is_active, sort_order, created_at) values ('389a4673-a142-4fab-a2c4-76f2a042295f', '00000000-0000-0000-0001-000000000007', 'Individual', '1', '6000', 'true', '1', '2026-04-02 21:35:43.967323+00') on conflict (id) do update set product_id = excluded.product_id, name = excluded.name, portions = excluded.portions, price = excluded.price, is_active = excluded.is_active, sort_order = excluded.sort_order, created_at = excluded.created_at;
insert into public.product_formats (id, product_id, name, portions, price, is_active, sort_order, created_at) values ('3b521025-1970-4f7b-9415-eb76bd12753e', '00000000-0000-0000-0001-000000000007', 'Mediana', '4', '24000', 'true', '3', '2026-04-02 21:35:43.967323+00') on conflict (id) do update set product_id = excluded.product_id, name = excluded.name, portions = excluded.portions, price = excluded.price, is_active = excluded.is_active, sort_order = excluded.sort_order, created_at = excluded.created_at;
insert into public.product_formats (id, product_id, name, portions, price, is_active, sort_order, created_at) values ('4245975d-205b-4b2d-a32a-118799ff653a', '00000000-0000-0000-0001-000000000004', 'Mediana', '4', '31600', 'true', '3', '2026-04-02 21:35:43.967323+00') on conflict (id) do update set product_id = excluded.product_id, name = excluded.name, portions = excluded.portions, price = excluded.price, is_active = excluded.is_active, sort_order = excluded.sort_order, created_at = excluded.created_at;
insert into public.product_formats (id, product_id, name, portions, price, is_active, sort_order, created_at) values ('462f53bc-a2e4-41a1-917c-f303cc79a91f', '00000000-0000-0000-0001-000000000006', 'Individual', '1', '8500', 'true', '1', '2026-04-02 21:35:43.967323+00') on conflict (id) do update set product_id = excluded.product_id, name = excluded.name, portions = excluded.portions, price = excluded.price, is_active = excluded.is_active, sort_order = excluded.sort_order, created_at = excluded.created_at;
insert into public.product_formats (id, product_id, name, portions, price, is_active, sort_order, created_at) values ('4933cc6f-1e05-487c-b4f7-428418382302', '00000000-0000-0000-0001-000000000008', 'Individual', '1', '7000', 'true', '1', '2026-04-02 21:35:43.967323+00') on conflict (id) do update set product_id = excluded.product_id, name = excluded.name, portions = excluded.portions, price = excluded.price, is_active = excluded.is_active, sort_order = excluded.sort_order, created_at = excluded.created_at;
insert into public.product_formats (id, product_id, name, portions, price, is_active, sort_order, created_at) values ('50cb994f-c464-4319-8ae0-d9aed00f625c', '00000000-0000-0000-0001-000000000006', 'Familiar', '8', '68000', 'true', '4', '2026-04-02 21:35:43.967323+00') on conflict (id) do update set product_id = excluded.product_id, name = excluded.name, portions = excluded.portions, price = excluded.price, is_active = excluded.is_active, sort_order = excluded.sort_order, created_at = excluded.created_at;
insert into public.product_formats (id, product_id, name, portions, price, is_active, sort_order, created_at) values ('52daf59d-2fa1-4675-8657-6767a602d676', '00000000-0000-0000-0001-000000000001', 'Individual', '1', '7900', 'true', '1', '2026-04-02 21:35:43.967323+00') on conflict (id) do update set product_id = excluded.product_id, name = excluded.name, portions = excluded.portions, price = excluded.price, is_active = excluded.is_active, sort_order = excluded.sort_order, created_at = excluded.created_at;
insert into public.product_formats (id, product_id, name, portions, price, is_active, sort_order, created_at) values ('54edbdeb-313e-4985-867a-8af3a687d9b1', '00000000-0000-0000-0001-000000000004', 'Individual', '1', '7900', 'true', '1', '2026-04-02 21:35:43.967323+00') on conflict (id) do update set product_id = excluded.product_id, name = excluded.name, portions = excluded.portions, price = excluded.price, is_active = excluded.is_active, sort_order = excluded.sort_order, created_at = excluded.created_at;
insert into public.product_formats (id, product_id, name, portions, price, is_active, sort_order, created_at) values ('560273c0-172d-47d3-83b7-2e95be293b29', '00000000-0000-0000-0001-000000000001', 'Mediana', '4', '31600', 'true', '3', '2026-04-02 21:35:43.967323+00') on conflict (id) do update set product_id = excluded.product_id, name = excluded.name, portions = excluded.portions, price = excluded.price, is_active = excluded.is_active, sort_order = excluded.sort_order, created_at = excluded.created_at;
insert into public.product_formats (id, product_id, name, portions, price, is_active, sort_order, created_at) values ('5c085f0f-2965-428e-b2e8-8a43dbb1bea6', '00000000-0000-0000-0001-000000000013', 'Familiar', '8', '48000', 'true', '4', '2026-04-02 21:35:43.967323+00') on conflict (id) do update set product_id = excluded.product_id, name = excluded.name, portions = excluded.portions, price = excluded.price, is_active = excluded.is_active, sort_order = excluded.sort_order, created_at = excluded.created_at;
insert into public.product_formats (id, product_id, name, portions, price, is_active, sort_order, created_at) values ('66cd2881-b7dc-4043-b3ad-d781a1fdd423', '00000000-0000-0000-0001-000000000001', 'Familiar', '8', '63200', 'true', '4', '2026-04-02 21:35:43.967323+00') on conflict (id) do update set product_id = excluded.product_id, name = excluded.name, portions = excluded.portions, price = excluded.price, is_active = excluded.is_active, sort_order = excluded.sort_order, created_at = excluded.created_at;
insert into public.product_formats (id, product_id, name, portions, price, is_active, sort_order, created_at) values ('731472ff-a486-4443-8179-435b653ecd36', '00000000-0000-0000-0001-000000000014', 'Individual', '1', '6000', 'true', '1', '2026-04-02 21:35:43.967323+00') on conflict (id) do update set product_id = excluded.product_id, name = excluded.name, portions = excluded.portions, price = excluded.price, is_active = excluded.is_active, sort_order = excluded.sort_order, created_at = excluded.created_at;
insert into public.product_formats (id, product_id, name, portions, price, is_active, sort_order, created_at) values ('74f3718a-6df1-46a7-8f31-5fe177fffbc5', '00000000-0000-0000-0001-000000000007', 'Familiar', '8', '48000', 'true', '4', '2026-04-02 21:35:43.967323+00') on conflict (id) do update set product_id = excluded.product_id, name = excluded.name, portions = excluded.portions, price = excluded.price, is_active = excluded.is_active, sort_order = excluded.sort_order, created_at = excluded.created_at;
insert into public.product_formats (id, product_id, name, portions, price, is_active, sort_order, created_at) values ('782942e1-c2f9-4074-8fc0-bcca7a237bdc', '00000000-0000-0000-0001-000000000015', 'Individual', '1', '12500', 'true', '1', '2026-04-02 21:35:43.967323+00') on conflict (id) do update set product_id = excluded.product_id, name = excluded.name, portions = excluded.portions, price = excluded.price, is_active = excluded.is_active, sort_order = excluded.sort_order, created_at = excluded.created_at;
insert into public.product_formats (id, product_id, name, portions, price, is_active, sort_order, created_at) values ('7bf4336c-59d6-4221-a0b1-910211e1e031', '00000000-0000-0000-0001-000000000002', 'Individual', '1', '7900', 'true', '1', '2026-04-02 21:35:43.967323+00') on conflict (id) do update set product_id = excluded.product_id, name = excluded.name, portions = excluded.portions, price = excluded.price, is_active = excluded.is_active, sort_order = excluded.sort_order, created_at = excluded.created_at;
insert into public.product_formats (id, product_id, name, portions, price, is_active, sort_order, created_at) values ('7ccb56fa-c8b4-42b5-bea8-8618145f4ccb', '00000000-0000-0000-0001-000000000010', 'Individual', '1', '3000', 'true', '1', '2026-04-02 21:35:43.967323+00') on conflict (id) do update set product_id = excluded.product_id, name = excluded.name, portions = excluded.portions, price = excluded.price, is_active = excluded.is_active, sort_order = excluded.sort_order, created_at = excluded.created_at;
insert into public.product_formats (id, product_id, name, portions, price, is_active, sort_order, created_at) values ('894a1675-8ad8-4417-8b64-596102577cb7', '00000000-0000-0000-0001-000000000003', 'Familiar', '8', '63200', 'true', '4', '2026-04-02 21:35:43.967323+00') on conflict (id) do update set product_id = excluded.product_id, name = excluded.name, portions = excluded.portions, price = excluded.price, is_active = excluded.is_active, sort_order = excluded.sort_order, created_at = excluded.created_at;
insert into public.product_formats (id, product_id, name, portions, price, is_active, sort_order, created_at) values ('8b9f43b8-126a-41ef-a9e3-37df34edc44b', '00000000-0000-0000-0001-000000000014', 'Mediana', '4', '24000', 'true', '3', '2026-04-02 21:35:43.967323+00') on conflict (id) do update set product_id = excluded.product_id, name = excluded.name, portions = excluded.portions, price = excluded.price, is_active = excluded.is_active, sort_order = excluded.sort_order, created_at = excluded.created_at;
insert into public.product_formats (id, product_id, name, portions, price, is_active, sort_order, created_at) values ('8ebd1523-3ac0-4770-98d9-78c584bdcc36', '00000000-0000-0000-0001-000000000006', 'Mediana', '4', '34000', 'true', '3', '2026-04-02 21:35:43.967323+00') on conflict (id) do update set product_id = excluded.product_id, name = excluded.name, portions = excluded.portions, price = excluded.price, is_active = excluded.is_active, sort_order = excluded.sort_order, created_at = excluded.created_at;
insert into public.product_formats (id, product_id, name, portions, price, is_active, sort_order, created_at) values ('978b6152-47de-48f3-a7de-8a75d1902deb', '00000000-0000-0000-0001-000000000005', 'Mediana', '4', '24000', 'true', '3', '2026-04-02 21:35:43.967323+00') on conflict (id) do update set product_id = excluded.product_id, name = excluded.name, portions = excluded.portions, price = excluded.price, is_active = excluded.is_active, sort_order = excluded.sort_order, created_at = excluded.created_at;
insert into public.product_formats (id, product_id, name, portions, price, is_active, sort_order, created_at) values ('9c33e49b-7ad8-47d7-83d0-a1ec7fedf439', '00000000-0000-0000-0001-000000000003', 'Individual', '1', '7900', 'true', '1', '2026-04-02 21:35:43.967323+00') on conflict (id) do update set product_id = excluded.product_id, name = excluded.name, portions = excluded.portions, price = excluded.price, is_active = excluded.is_active, sort_order = excluded.sort_order, created_at = excluded.created_at;
insert into public.product_formats (id, product_id, name, portions, price, is_active, sort_order, created_at) values ('9c724ed2-5154-4793-9f2f-20a6b30956a5', '00000000-0000-0000-0001-000000000014', 'Familiar', '8', '48000', 'true', '4', '2026-04-02 21:35:43.967323+00') on conflict (id) do update set product_id = excluded.product_id, name = excluded.name, portions = excluded.portions, price = excluded.price, is_active = excluded.is_active, sort_order = excluded.sort_order, created_at = excluded.created_at;
insert into public.product_formats (id, product_id, name, portions, price, is_active, sort_order, created_at) values ('a3a99307-2bc9-413c-804d-1b0dda4b4488', '00000000-0000-0000-0001-000000000016', 'Individual', '1', '1000', 'true', '1', '2026-04-02 21:35:43.967323+00') on conflict (id) do update set product_id = excluded.product_id, name = excluded.name, portions = excluded.portions, price = excluded.price, is_active = excluded.is_active, sort_order = excluded.sort_order, created_at = excluded.created_at;
insert into public.product_formats (id, product_id, name, portions, price, is_active, sort_order, created_at) values ('a8bed84e-7890-4c9c-98d9-417bf76e91f5', '00000000-0000-0000-0001-000000000013', 'Mediana', '4', '24000', 'true', '3', '2026-04-02 21:35:43.967323+00') on conflict (id) do update set product_id = excluded.product_id, name = excluded.name, portions = excluded.portions, price = excluded.price, is_active = excluded.is_active, sort_order = excluded.sort_order, created_at = excluded.created_at;
insert into public.product_formats (id, product_id, name, portions, price, is_active, sort_order, created_at) values ('afabb066-075c-499c-bfb7-81dc30d2c3fe', '00000000-0000-0000-0001-000000000005', 'Familiar', '8', '48000', 'true', '4', '2026-04-02 21:35:43.967323+00') on conflict (id) do update set product_id = excluded.product_id, name = excluded.name, portions = excluded.portions, price = excluded.price, is_active = excluded.is_active, sort_order = excluded.sort_order, created_at = excluded.created_at;
insert into public.product_formats (id, product_id, name, portions, price, is_active, sort_order, created_at) values ('b310e1df-0de1-4da6-bd95-eaa7a51f2e81', '00000000-0000-0000-0001-000000000100', 'Diamante', '1', '10000', 'true', '1', '2026-04-11 18:52:20.762681+00') on conflict (id) do update set product_id = excluded.product_id, name = excluded.name, portions = excluded.portions, price = excluded.price, is_active = excluded.is_active, sort_order = excluded.sort_order, created_at = excluded.created_at;
insert into public.product_formats (id, product_id, name, portions, price, is_active, sort_order, created_at) values ('c70aef5b-f3d6-4879-8c7d-109d647891df', '00000000-0000-0000-0001-000000000013', 'Individual', '1', '6000', 'true', '1', '2026-04-02 21:35:43.967323+00') on conflict (id) do update set product_id = excluded.product_id, name = excluded.name, portions = excluded.portions, price = excluded.price, is_active = excluded.is_active, sort_order = excluded.sort_order, created_at = excluded.created_at;
insert into public.product_formats (id, product_id, name, portions, price, is_active, sort_order, created_at) values ('d2afd424-0b64-44a7-87cf-33d3ec93f9c3', '00000000-0000-0000-0001-000000000012', 'Individual', '1', '3000', 'true', '1', '2026-04-02 21:35:43.967323+00') on conflict (id) do update set product_id = excluded.product_id, name = excluded.name, portions = excluded.portions, price = excluded.price, is_active = excluded.is_active, sort_order = excluded.sort_order, created_at = excluded.created_at;
insert into public.product_formats (id, product_id, name, portions, price, is_active, sort_order, created_at) values ('d77153ba-ed83-4662-88ca-8279a5541e96', '00000000-0000-0000-0001-000000000004', 'Familiar', '8', '63200', 'true', '4', '2026-04-02 21:35:43.967323+00') on conflict (id) do update set product_id = excluded.product_id, name = excluded.name, portions = excluded.portions, price = excluded.price, is_active = excluded.is_active, sort_order = excluded.sort_order, created_at = excluded.created_at;
insert into public.product_formats (id, product_id, name, portions, price, is_active, sort_order, created_at) values ('ee4bff3e-cc84-439d-97b5-561d0ade13e3', '00000000-0000-0000-0001-000000000002', 'Mediana', '4', '31600', 'true', '3', '2026-04-02 21:35:43.967323+00') on conflict (id) do update set product_id = excluded.product_id, name = excluded.name, portions = excluded.portions, price = excluded.price, is_active = excluded.is_active, sort_order = excluded.sort_order, created_at = excluded.created_at;
insert into public.product_formats (id, product_id, name, portions, price, is_active, sort_order, created_at) values ('f9590eb3-f443-49bd-b4e4-7f83a9949a78', '00000000-0000-0000-0001-000000000009', 'Individual', '1', '2600', 'true', '1', '2026-04-02 21:35:43.967323+00') on conflict (id) do update set product_id = excluded.product_id, name = excluded.name, portions = excluded.portions, price = excluded.price, is_active = excluded.is_active, sort_order = excluded.sort_order, created_at = excluded.created_at;
insert into public.product_formats (id, product_id, name, portions, price, is_active, sort_order, created_at) values ('fe406ea2-32b4-4e14-af2a-49e9887e51f8', '00000000-0000-0000-0001-000000000017', 'Individual', '1', '6000', 'true', '1', '2026-04-02 21:35:43.967323+00') on conflict (id) do update set product_id = excluded.product_id, name = excluded.name, portions = excluded.portions, price = excluded.price, is_active = excluded.is_active, sort_order = excluded.sort_order, created_at = excluded.created_at;

-- public.product_store_assignments (36 rows)
insert into public.product_store_assignments (product_id, store_id, is_active) values ('00000000-0000-0000-0001-000000000001', '00000000-0000-0000-0000-000000000001', 'true') on conflict (product_id, store_id) do update set is_active = excluded.is_active;
insert into public.product_store_assignments (product_id, store_id, is_active) values ('00000000-0000-0000-0001-000000000001', '00000000-0000-0000-0000-000000000002', 'true') on conflict (product_id, store_id) do update set is_active = excluded.is_active;
insert into public.product_store_assignments (product_id, store_id, is_active) values ('00000000-0000-0000-0001-000000000002', '00000000-0000-0000-0000-000000000001', 'true') on conflict (product_id, store_id) do update set is_active = excluded.is_active;
insert into public.product_store_assignments (product_id, store_id, is_active) values ('00000000-0000-0000-0001-000000000002', '00000000-0000-0000-0000-000000000002', 'true') on conflict (product_id, store_id) do update set is_active = excluded.is_active;
insert into public.product_store_assignments (product_id, store_id, is_active) values ('00000000-0000-0000-0001-000000000003', '00000000-0000-0000-0000-000000000001', 'true') on conflict (product_id, store_id) do update set is_active = excluded.is_active;
insert into public.product_store_assignments (product_id, store_id, is_active) values ('00000000-0000-0000-0001-000000000003', '00000000-0000-0000-0000-000000000002', 'true') on conflict (product_id, store_id) do update set is_active = excluded.is_active;
insert into public.product_store_assignments (product_id, store_id, is_active) values ('00000000-0000-0000-0001-000000000004', '00000000-0000-0000-0000-000000000001', 'true') on conflict (product_id, store_id) do update set is_active = excluded.is_active;
insert into public.product_store_assignments (product_id, store_id, is_active) values ('00000000-0000-0000-0001-000000000004', '00000000-0000-0000-0000-000000000002', 'true') on conflict (product_id, store_id) do update set is_active = excluded.is_active;
insert into public.product_store_assignments (product_id, store_id, is_active) values ('00000000-0000-0000-0001-000000000005', '00000000-0000-0000-0000-000000000001', 'true') on conflict (product_id, store_id) do update set is_active = excluded.is_active;
insert into public.product_store_assignments (product_id, store_id, is_active) values ('00000000-0000-0000-0001-000000000005', '00000000-0000-0000-0000-000000000002', 'true') on conflict (product_id, store_id) do update set is_active = excluded.is_active;
insert into public.product_store_assignments (product_id, store_id, is_active) values ('00000000-0000-0000-0001-000000000006', '00000000-0000-0000-0000-000000000001', 'true') on conflict (product_id, store_id) do update set is_active = excluded.is_active;
insert into public.product_store_assignments (product_id, store_id, is_active) values ('00000000-0000-0000-0001-000000000006', '00000000-0000-0000-0000-000000000002', 'true') on conflict (product_id, store_id) do update set is_active = excluded.is_active;
insert into public.product_store_assignments (product_id, store_id, is_active) values ('00000000-0000-0000-0001-000000000007', '00000000-0000-0000-0000-000000000001', 'true') on conflict (product_id, store_id) do update set is_active = excluded.is_active;
insert into public.product_store_assignments (product_id, store_id, is_active) values ('00000000-0000-0000-0001-000000000007', '00000000-0000-0000-0000-000000000002', 'true') on conflict (product_id, store_id) do update set is_active = excluded.is_active;
insert into public.product_store_assignments (product_id, store_id, is_active) values ('00000000-0000-0000-0001-000000000008', '00000000-0000-0000-0000-000000000001', 'true') on conflict (product_id, store_id) do update set is_active = excluded.is_active;
insert into public.product_store_assignments (product_id, store_id, is_active) values ('00000000-0000-0000-0001-000000000008', '00000000-0000-0000-0000-000000000002', 'true') on conflict (product_id, store_id) do update set is_active = excluded.is_active;
insert into public.product_store_assignments (product_id, store_id, is_active) values ('00000000-0000-0000-0001-000000000009', '00000000-0000-0000-0000-000000000001', 'true') on conflict (product_id, store_id) do update set is_active = excluded.is_active;
insert into public.product_store_assignments (product_id, store_id, is_active) values ('00000000-0000-0000-0001-000000000009', '00000000-0000-0000-0000-000000000002', 'true') on conflict (product_id, store_id) do update set is_active = excluded.is_active;
insert into public.product_store_assignments (product_id, store_id, is_active) values ('00000000-0000-0000-0001-000000000010', '00000000-0000-0000-0000-000000000001', 'true') on conflict (product_id, store_id) do update set is_active = excluded.is_active;
insert into public.product_store_assignments (product_id, store_id, is_active) values ('00000000-0000-0000-0001-000000000010', '00000000-0000-0000-0000-000000000002', 'true') on conflict (product_id, store_id) do update set is_active = excluded.is_active;
insert into public.product_store_assignments (product_id, store_id, is_active) values ('00000000-0000-0000-0001-000000000011', '00000000-0000-0000-0000-000000000001', 'true') on conflict (product_id, store_id) do update set is_active = excluded.is_active;
insert into public.product_store_assignments (product_id, store_id, is_active) values ('00000000-0000-0000-0001-000000000011', '00000000-0000-0000-0000-000000000002', 'true') on conflict (product_id, store_id) do update set is_active = excluded.is_active;
insert into public.product_store_assignments (product_id, store_id, is_active) values ('00000000-0000-0000-0001-000000000012', '00000000-0000-0000-0000-000000000001', 'true') on conflict (product_id, store_id) do update set is_active = excluded.is_active;
insert into public.product_store_assignments (product_id, store_id, is_active) values ('00000000-0000-0000-0001-000000000012', '00000000-0000-0000-0000-000000000002', 'true') on conflict (product_id, store_id) do update set is_active = excluded.is_active;
insert into public.product_store_assignments (product_id, store_id, is_active) values ('00000000-0000-0000-0001-000000000013', '00000000-0000-0000-0000-000000000001', 'true') on conflict (product_id, store_id) do update set is_active = excluded.is_active;
insert into public.product_store_assignments (product_id, store_id, is_active) values ('00000000-0000-0000-0001-000000000013', '00000000-0000-0000-0000-000000000002', 'true') on conflict (product_id, store_id) do update set is_active = excluded.is_active;
insert into public.product_store_assignments (product_id, store_id, is_active) values ('00000000-0000-0000-0001-000000000014', '00000000-0000-0000-0000-000000000001', 'true') on conflict (product_id, store_id) do update set is_active = excluded.is_active;
insert into public.product_store_assignments (product_id, store_id, is_active) values ('00000000-0000-0000-0001-000000000014', '00000000-0000-0000-0000-000000000002', 'true') on conflict (product_id, store_id) do update set is_active = excluded.is_active;
insert into public.product_store_assignments (product_id, store_id, is_active) values ('00000000-0000-0000-0001-000000000015', '00000000-0000-0000-0000-000000000001', 'true') on conflict (product_id, store_id) do update set is_active = excluded.is_active;
insert into public.product_store_assignments (product_id, store_id, is_active) values ('00000000-0000-0000-0001-000000000015', '00000000-0000-0000-0000-000000000002', 'true') on conflict (product_id, store_id) do update set is_active = excluded.is_active;
insert into public.product_store_assignments (product_id, store_id, is_active) values ('00000000-0000-0000-0001-000000000016', '00000000-0000-0000-0000-000000000001', 'true') on conflict (product_id, store_id) do update set is_active = excluded.is_active;
insert into public.product_store_assignments (product_id, store_id, is_active) values ('00000000-0000-0000-0001-000000000016', '00000000-0000-0000-0000-000000000002', 'true') on conflict (product_id, store_id) do update set is_active = excluded.is_active;
insert into public.product_store_assignments (product_id, store_id, is_active) values ('00000000-0000-0000-0001-000000000017', '00000000-0000-0000-0000-000000000001', 'true') on conflict (product_id, store_id) do update set is_active = excluded.is_active;
insert into public.product_store_assignments (product_id, store_id, is_active) values ('00000000-0000-0000-0001-000000000017', '00000000-0000-0000-0000-000000000002', 'true') on conflict (product_id, store_id) do update set is_active = excluded.is_active;
insert into public.product_store_assignments (product_id, store_id, is_active) values ('00000000-0000-0000-0001-000000000100', '00000000-0000-0000-0000-000000000001', 'true') on conflict (product_id, store_id) do update set is_active = excluded.is_active;
insert into public.product_store_assignments (product_id, store_id, is_active) values ('00000000-0000-0000-0001-000000000100', '00000000-0000-0000-0000-000000000002', 'true') on conflict (product_id, store_id) do update set is_active = excluded.is_active;

-- public.addition_catalog (756 rows)
insert into public.addition_catalog (id, supply_id, format_id, name, price, grams, is_active, sort_order, created_at) values ('007d9f02-e7a4-4b0b-8bcf-4e6bb857d57d', '00000000-0000-0000-0002-000000000002', '978b6152-47de-48f3-a7de-8a75d1902deb', 'Extra Queso', '2000', '39', 'true', '1', '2026-04-11 18:52:20.762681+00') on conflict (id) do update set supply_id = excluded.supply_id, format_id = excluded.format_id, name = excluded.name, price = excluded.price, grams = excluded.grams, is_active = excluded.is_active, sort_order = excluded.sort_order, created_at = excluded.created_at;
insert into public.addition_catalog (id, supply_id, format_id, name, price, grams, is_active, sort_order, created_at) values ('007f8082-cb67-4241-8aec-757e929b64dc', '00000000-0000-0000-0002-000000000003', '15a846b4-1b7b-44cb-9f26-b00271901739', 'Extra Salsa Napolitana', '1000', '50', 'true', '2', '2026-04-11 18:52:20.762681+00') on conflict (id) do update set supply_id = excluded.supply_id, format_id = excluded.format_id, name = excluded.name, price = excluded.price, grams = excluded.grams, is_active = excluded.is_active, sort_order = excluded.sort_order, created_at = excluded.created_at;
insert into public.addition_catalog (id, supply_id, format_id, name, price, grams, is_active, sort_order, created_at) values ('0190b796-9e45-4f58-86ec-6f5684f8c8bf', '00000000-0000-0000-0002-000000000007', 'f9590eb3-f443-49bd-b4e4-7f83a9949a78', 'Extra Pepperoni', '2000', '31', 'true', '6', '2026-04-11 18:52:20.762681+00') on conflict (id) do update set supply_id = excluded.supply_id, format_id = excluded.format_id, name = excluded.name, price = excluded.price, grams = excluded.grams, is_active = excluded.is_active, sort_order = excluded.sort_order, created_at = excluded.created_at;
insert into public.addition_catalog (id, supply_id, format_id, name, price, grams, is_active, sort_order, created_at) values ('01c071d7-7c08-4e41-adfb-b8eef57a9dde', '00000000-0000-0000-0002-000000000007', '05868d23-5264-444e-8173-0eb52bdf968a', 'Extra Pepperoni', '2000', '31', 'true', '6', '2026-04-11 18:52:20.762681+00') on conflict (id) do update set supply_id = excluded.supply_id, format_id = excluded.format_id, name = excluded.name, price = excluded.price, grams = excluded.grams, is_active = excluded.is_active, sort_order = excluded.sort_order, created_at = excluded.created_at;
insert into public.addition_catalog (id, supply_id, format_id, name, price, grams, is_active, sort_order, created_at) values ('02044476-9a7a-4f7b-a3be-caaaac57be4b', '00000000-0000-0000-0002-000000000025', '66cd2881-b7dc-4043-b3ad-d781a1fdd423', 'Extra Salsa de Ajo', '1000', '10', 'true', '16', '2026-04-11 18:52:20.762681+00') on conflict (id) do update set supply_id = excluded.supply_id, format_id = excluded.format_id, name = excluded.name, price = excluded.price, grams = excluded.grams, is_active = excluded.is_active, sort_order = excluded.sort_order, created_at = excluded.created_at;
insert into public.addition_catalog (id, supply_id, format_id, name, price, grams, is_active, sort_order, created_at) values ('026db68e-8cdd-4468-af29-859405aeb7d7', '00000000-0000-0000-0002-000000000006', '731472ff-a486-4443-8179-435b653ecd36', 'Extra Piña', '1000', '27', 'true', '7', '2026-04-11 18:52:20.762681+00') on conflict (id) do update set supply_id = excluded.supply_id, format_id = excluded.format_id, name = excluded.name, price = excluded.price, grams = excluded.grams, is_active = excluded.is_active, sort_order = excluded.sort_order, created_at = excluded.created_at;
insert into public.addition_catalog (id, supply_id, format_id, name, price, grams, is_active, sort_order, created_at) values ('029f6573-d9c1-48d7-9582-d0baea0ec4c0', '00000000-0000-0000-0002-000000000003', '560273c0-172d-47d3-83b7-2e95be293b29', 'Extra Salsa Napolitana', '1000', '50', 'true', '2', '2026-04-11 18:52:20.762681+00') on conflict (id) do update set supply_id = excluded.supply_id, format_id = excluded.format_id, name = excluded.name, price = excluded.price, grams = excluded.grams, is_active = excluded.is_active, sort_order = excluded.sort_order, created_at = excluded.created_at;
insert into public.addition_catalog (id, supply_id, format_id, name, price, grams, is_active, sort_order, created_at) values ('02d63b90-4d03-469d-a940-89d9573cf2be', '00000000-0000-0000-0002-000000000022', '50cb994f-c464-4319-8ae0-d9aed00f625c', 'Extra Aceitunas', '2000', '19', 'true', '11', '2026-04-11 18:52:20.762681+00') on conflict (id) do update set supply_id = excluded.supply_id, format_id = excluded.format_id, name = excluded.name, price = excluded.price, grams = excluded.grams, is_active = excluded.is_active, sort_order = excluded.sort_order, created_at = excluded.created_at;
insert into public.addition_catalog (id, supply_id, format_id, name, price, grams, is_active, sort_order, created_at) values ('04bd0724-453a-4ccd-9dc8-b7eb086a011c', '00000000-0000-0000-0002-000000000009', '7ccb56fa-c8b4-42b5-bea8-8618145f4ccb', 'Extra Champiñones', '2000', '31', 'true', '8', '2026-04-11 18:52:20.762681+00') on conflict (id) do update set supply_id = excluded.supply_id, format_id = excluded.format_id, name = excluded.name, price = excluded.price, grams = excluded.grams, is_active = excluded.is_active, sort_order = excluded.sort_order, created_at = excluded.created_at;
insert into public.addition_catalog (id, supply_id, format_id, name, price, grams, is_active, sort_order, created_at) values ('052d6aa4-4fc6-4538-8940-ffe97a208d16', '00000000-0000-0000-0002-000000000022', '4245975d-205b-4b2d-a32a-118799ff653a', 'Extra Aceitunas', '2000', '19', 'true', '11', '2026-04-11 18:52:20.762681+00') on conflict (id) do update set supply_id = excluded.supply_id, format_id = excluded.format_id, name = excluded.name, price = excluded.price, grams = excluded.grams, is_active = excluded.is_active, sort_order = excluded.sort_order, created_at = excluded.created_at;
insert into public.addition_catalog (id, supply_id, format_id, name, price, grams, is_active, sort_order, created_at) values ('053e82cd-9f8e-4af2-9da3-11b31f903130', '00000000-0000-0000-0002-000000000006', '15a846b4-1b7b-44cb-9f26-b00271901739', 'Extra Piña', '1000', '27', 'true', '7', '2026-04-11 18:52:20.762681+00') on conflict (id) do update set supply_id = excluded.supply_id, format_id = excluded.format_id, name = excluded.name, price = excluded.price, grams = excluded.grams, is_active = excluded.is_active, sort_order = excluded.sort_order, created_at = excluded.created_at;
insert into public.addition_catalog (id, supply_id, format_id, name, price, grams, is_active, sort_order, created_at) values ('05a713b5-35b8-4ecd-b027-be65ce266fd1', '00000000-0000-0000-0002-000000000009', '66cd2881-b7dc-4043-b3ad-d781a1fdd423', 'Extra Champiñones', '2000', '31', 'true', '8', '2026-04-11 18:52:20.762681+00') on conflict (id) do update set supply_id = excluded.supply_id, format_id = excluded.format_id, name = excluded.name, price = excluded.price, grams = excluded.grams, is_active = excluded.is_active, sort_order = excluded.sort_order, created_at = excluded.created_at;
insert into public.addition_catalog (id, supply_id, format_id, name, price, grams, is_active, sort_order, created_at) values ('06a885ea-cede-44c9-ad8c-39750a9420cc', '00000000-0000-0000-0002-000000000013', 'a3a99307-2bc9-413c-804d-1b0dda4b4488', 'Extra Guacamole', '1000', '42', 'true', '15', '2026-04-11 18:52:20.762681+00') on conflict (id) do update set supply_id = excluded.supply_id, format_id = excluded.format_id, name = excluded.name, price = excluded.price, grams = excluded.grams, is_active = excluded.is_active, sort_order = excluded.sort_order, created_at = excluded.created_at;
insert into public.addition_catalog (id, supply_id, format_id, name, price, grams, is_active, sort_order, created_at) values ('06d0f94f-04ea-448e-b563-c45028a87f41', '00000000-0000-0000-0002-000000000027', '15a846b4-1b7b-44cb-9f26-b00271901739', 'Extra Pimienta Cayena', '1000', '50', 'true', '20', '2026-04-11 18:52:20.762681+00') on conflict (id) do update set supply_id = excluded.supply_id, format_id = excluded.format_id, name = excluded.name, price = excluded.price, grams = excluded.grams, is_active = excluded.is_active, sort_order = excluded.sort_order, created_at = excluded.created_at;
insert into public.addition_catalog (id, supply_id, format_id, name, price, grams, is_active, sort_order, created_at) values ('06e969c0-2bc7-428b-afe8-34a18463eacd', '00000000-0000-0000-0002-000000000022', '782942e1-c2f9-4074-8fc0-bcca7a237bdc', 'Extra Aceitunas', '2000', '19', 'true', '11', '2026-04-11 18:52:20.762681+00') on conflict (id) do update set supply_id = excluded.supply_id, format_id = excluded.format_id, name = excluded.name, price = excluded.price, grams = excluded.grams, is_active = excluded.is_active, sort_order = excluded.sort_order, created_at = excluded.created_at;
insert into public.addition_catalog (id, supply_id, format_id, name, price, grams, is_active, sort_order, created_at) values ('06fff3f3-25e1-4bda-a184-188e31876656', '00000000-0000-0000-0002-000000000009', 'd2afd424-0b64-44a7-87cf-33d3ec93f9c3', 'Extra Champiñones', '2000', '31', 'true', '8', '2026-04-11 18:52:20.762681+00') on conflict (id) do update set supply_id = excluded.supply_id, format_id = excluded.format_id, name = excluded.name, price = excluded.price, grams = excluded.grams, is_active = excluded.is_active, sort_order = excluded.sort_order, created_at = excluded.created_at;
insert into public.addition_catalog (id, supply_id, format_id, name, price, grams, is_active, sort_order, created_at) values ('0722f549-85e6-48da-9a09-ae31d5480a93', '00000000-0000-0000-0002-000000000003', '462f53bc-a2e4-41a1-917c-f303cc79a91f', 'Extra Salsa Napolitana', '1000', '50', 'true', '2', '2026-04-11 18:52:20.762681+00') on conflict (id) do update set supply_id = excluded.supply_id, format_id = excluded.format_id, name = excluded.name, price = excluded.price, grams = excluded.grams, is_active = excluded.is_active, sort_order = excluded.sort_order, created_at = excluded.created_at;
insert into public.addition_catalog (id, supply_id, format_id, name, price, grams, is_active, sort_order, created_at) values ('073d1803-d6c4-4e9d-a027-8030ff2dc217', '00000000-0000-0000-0002-000000000025', '978b6152-47de-48f3-a7de-8a75d1902deb', 'Extra Salsa de Ajo', '1000', '10', 'true', '16', '2026-04-11 18:52:20.762681+00') on conflict (id) do update set supply_id = excluded.supply_id, format_id = excluded.format_id, name = excluded.name, price = excluded.price, grams = excluded.grams, is_active = excluded.is_active, sort_order = excluded.sort_order, created_at = excluded.created_at;
insert into public.addition_catalog (id, supply_id, format_id, name, price, grams, is_active, sort_order, created_at) values ('0812b2be-b088-460a-a547-aeb98b99940f', '00000000-0000-0000-0002-000000000006', '3b521025-1970-4f7b-9415-eb76bd12753e', 'Extra Piña', '1000', '27', 'true', '7', '2026-04-11 18:52:20.762681+00') on conflict (id) do update set supply_id = excluded.supply_id, format_id = excluded.format_id, name = excluded.name, price = excluded.price, grams = excluded.grams, is_active = excluded.is_active, sort_order = excluded.sort_order, created_at = excluded.created_at;
insert into public.addition_catalog (id, supply_id, format_id, name, price, grams, is_active, sort_order, created_at) values ('0876c38a-2c1b-4246-bcfd-c40f28ec8fe1', '00000000-0000-0000-0002-000000000002', '560273c0-172d-47d3-83b7-2e95be293b29', 'Extra Queso', '2000', '39', 'true', '1', '2026-04-11 18:52:20.762681+00') on conflict (id) do update set supply_id = excluded.supply_id, format_id = excluded.format_id, name = excluded.name, price = excluded.price, grams = excluded.grams, is_active = excluded.is_active, sort_order = excluded.sort_order, created_at = excluded.created_at;
insert into public.addition_catalog (id, supply_id, format_id, name, price, grams, is_active, sort_order, created_at) values ('088fdf2a-7576-47ca-bb0f-e5db53b49674', '00000000-0000-0000-0002-000000000025', '560273c0-172d-47d3-83b7-2e95be293b29', 'Extra Salsa de Ajo', '1000', '10', 'true', '16', '2026-04-11 18:52:20.762681+00') on conflict (id) do update set supply_id = excluded.supply_id, format_id = excluded.format_id, name = excluded.name, price = excluded.price, grams = excluded.grams, is_active = excluded.is_active, sort_order = excluded.sort_order, created_at = excluded.created_at;
insert into public.addition_catalog (id, supply_id, format_id, name, price, grams, is_active, sort_order, created_at) values ('08d472dc-be0e-4730-9af1-ba8a4d0bb5f3', '00000000-0000-0000-0002-000000000022', '462f53bc-a2e4-41a1-917c-f303cc79a91f', 'Extra Aceitunas', '2000', '19', 'true', '11', '2026-04-11 18:52:20.762681+00') on conflict (id) do update set supply_id = excluded.supply_id, format_id = excluded.format_id, name = excluded.name, price = excluded.price, grams = excluded.grams, is_active = excluded.is_active, sort_order = excluded.sort_order, created_at = excluded.created_at;
insert into public.addition_catalog (id, supply_id, format_id, name, price, grams, is_active, sort_order, created_at) values ('08e92f76-ba6a-4682-8afc-9521f5c34923', '00000000-0000-0000-0002-000000000005', 'a3a99307-2bc9-413c-804d-1b0dda4b4488', 'Extra Tocineta', '2000', '31', 'true', '5', '2026-04-11 18:52:20.762681+00') on conflict (id) do update set supply_id = excluded.supply_id, format_id = excluded.format_id, name = excluded.name, price = excluded.price, grams = excluded.grams, is_active = excluded.is_active, sort_order = excluded.sort_order, created_at = excluded.created_at;
insert into public.addition_catalog (id, supply_id, format_id, name, price, grams, is_active, sort_order, created_at) values ('090c8ac4-d79f-4ff9-85a2-4708ced5bdcd', '00000000-0000-0000-0002-000000000020', '9c33e49b-7ad8-47d7-83d0-a1ec7fedf439', 'Extra Maicitos', '1000', '40', 'true', '9', '2026-04-11 18:52:20.762681+00') on conflict (id) do update set supply_id = excluded.supply_id, format_id = excluded.format_id, name = excluded.name, price = excluded.price, grams = excluded.grams, is_active = excluded.is_active, sort_order = excluded.sort_order, created_at = excluded.created_at;
insert into public.addition_catalog (id, supply_id, format_id, name, price, grams, is_active, sort_order, created_at) values ('0a23b429-2791-44bb-bad8-0dfce1570390', '00000000-0000-0000-0002-000000000006', 'd2afd424-0b64-44a7-87cf-33d3ec93f9c3', 'Extra Piña', '1000', '27', 'true', '7', '2026-04-11 18:52:20.762681+00') on conflict (id) do update set supply_id = excluded.supply_id, format_id = excluded.format_id, name = excluded.name, price = excluded.price, grams = excluded.grams, is_active = excluded.is_active, sort_order = excluded.sort_order, created_at = excluded.created_at;
insert into public.addition_catalog (id, supply_id, format_id, name, price, grams, is_active, sort_order, created_at) values ('0a993f4b-152f-4bec-986b-4b97b36980b9', '00000000-0000-0000-0002-000000000008', '4245975d-205b-4b2d-a32a-118799ff653a', 'Extra Pechuga', '2000', '13', 'true', '4', '2026-04-11 18:52:20.762681+00') on conflict (id) do update set supply_id = excluded.supply_id, format_id = excluded.format_id, name = excluded.name, price = excluded.price, grams = excluded.grams, is_active = excluded.is_active, sort_order = excluded.sort_order, created_at = excluded.created_at;
insert into public.addition_catalog (id, supply_id, format_id, name, price, grams, is_active, sort_order, created_at) values ('0b117085-f6ba-4a46-b29d-99fccbe5f23d', '00000000-0000-0000-0002-000000000027', '8ebd1523-3ac0-4770-98d9-78c584bdcc36', 'Extra Pimienta Cayena', '1000', '50', 'true', '20', '2026-04-11 18:52:20.762681+00') on conflict (id) do update set supply_id = excluded.supply_id, format_id = excluded.format_id, name = excluded.name, price = excluded.price, grams = excluded.grams, is_active = excluded.is_active, sort_order = excluded.sort_order, created_at = excluded.created_at;
insert into public.addition_catalog (id, supply_id, format_id, name, price, grams, is_active, sort_order, created_at) values ('0b8547f7-54ae-4de9-8ade-e78470d291fb', '00000000-0000-0000-0002-000000000028', '894a1675-8ad8-4417-8b64-596102577cb7', 'Extra Atún', '2000', '25', 'true', '21', '2026-04-11 18:52:20.762681+00') on conflict (id) do update set supply_id = excluded.supply_id, format_id = excluded.format_id, name = excluded.name, price = excluded.price, grams = excluded.grams, is_active = excluded.is_active, sort_order = excluded.sort_order, created_at = excluded.created_at;
insert into public.addition_catalog (id, supply_id, format_id, name, price, grams, is_active, sort_order, created_at) values ('0c55f0f2-64e3-4953-a67d-fd622ece35d2', '00000000-0000-0000-0002-000000000025', 'a3a99307-2bc9-413c-804d-1b0dda4b4488', 'Extra Salsa de Ajo', '1000', '10', 'true', '16', '2026-04-11 18:52:20.762681+00') on conflict (id) do update set supply_id = excluded.supply_id, format_id = excluded.format_id, name = excluded.name, price = excluded.price, grams = excluded.grams, is_active = excluded.is_active, sort_order = excluded.sort_order, created_at = excluded.created_at;
insert into public.addition_catalog (id, supply_id, format_id, name, price, grams, is_active, sort_order, created_at) values ('0ca10cbc-0d02-400b-8405-059e1d824a36', '00000000-0000-0000-0002-000000000021', '782942e1-c2f9-4074-8fc0-bcca7a237bdc', 'Extra Jalapeño', '1000', '25', 'true', '10', '2026-04-11 18:52:20.762681+00') on conflict (id) do update set supply_id = excluded.supply_id, format_id = excluded.format_id, name = excluded.name, price = excluded.price, grams = excluded.grams, is_active = excluded.is_active, sort_order = excluded.sort_order, created_at = excluded.created_at;
insert into public.addition_catalog (id, supply_id, format_id, name, price, grams, is_active, sort_order, created_at) values ('0d1d6655-342f-4103-9b14-2673aa6208de', '00000000-0000-0000-0002-000000000009', 'a3a99307-2bc9-413c-804d-1b0dda4b4488', 'Extra Champiñones', '2000', '31', 'true', '8', '2026-04-11 18:52:20.762681+00') on conflict (id) do update set supply_id = excluded.supply_id, format_id = excluded.format_id, name = excluded.name, price = excluded.price, grams = excluded.grams, is_active = excluded.is_active, sort_order = excluded.sort_order, created_at = excluded.created_at;
insert into public.addition_catalog (id, supply_id, format_id, name, price, grams, is_active, sort_order, created_at) values ('0d428383-9173-4ab7-ab97-cc6674bcd50a', '00000000-0000-0000-0002-000000000009', '9c33e49b-7ad8-47d7-83d0-a1ec7fedf439', 'Extra Champiñones', '2000', '31', 'true', '8', '2026-04-11 18:52:20.762681+00') on conflict (id) do update set supply_id = excluded.supply_id, format_id = excluded.format_id, name = excluded.name, price = excluded.price, grams = excluded.grams, is_active = excluded.is_active, sort_order = excluded.sort_order, created_at = excluded.created_at;
insert into public.addition_catalog (id, supply_id, format_id, name, price, grams, is_active, sort_order, created_at) values ('0d6fd118-79b1-4ee4-bb25-cba835c7a8ed', '00000000-0000-0000-0002-000000000005', '4245975d-205b-4b2d-a32a-118799ff653a', 'Extra Tocineta', '2000', '31', 'true', '5', '2026-04-11 18:52:20.762681+00') on conflict (id) do update set supply_id = excluded.supply_id, format_id = excluded.format_id, name = excluded.name, price = excluded.price, grams = excluded.grams, is_active = excluded.is_active, sort_order = excluded.sort_order, created_at = excluded.created_at;
insert into public.addition_catalog (id, supply_id, format_id, name, price, grams, is_active, sort_order, created_at) values ('0e19ea09-489c-487d-b35b-bc91fe145c36', '00000000-0000-0000-0002-000000000021', '52daf59d-2fa1-4675-8657-6767a602d676', 'Extra Jalapeño', '1000', '25', 'true', '10', '2026-04-11 18:52:20.762681+00') on conflict (id) do update set supply_id = excluded.supply_id, format_id = excluded.format_id, name = excluded.name, price = excluded.price, grams = excluded.grams, is_active = excluded.is_active, sort_order = excluded.sort_order, created_at = excluded.created_at;
insert into public.addition_catalog (id, supply_id, format_id, name, price, grams, is_active, sort_order, created_at) values ('0e5116e3-ecf4-44c0-aa0e-04417bc43e7f', '00000000-0000-0000-0002-000000000016', '5c085f0f-2965-428e-b2e8-8a43dbb1bea6', 'Extra Salsa de Albahaca', '1000', '50', 'true', '18', '2026-04-11 18:52:20.762681+00') on conflict (id) do update set supply_id = excluded.supply_id, format_id = excluded.format_id, name = excluded.name, price = excluded.price, grams = excluded.grams, is_active = excluded.is_active, sort_order = excluded.sort_order, created_at = excluded.created_at;
insert into public.addition_catalog (id, supply_id, format_id, name, price, grams, is_active, sort_order, created_at) values ('0eaa683c-111e-41da-8140-631b48065be0', '00000000-0000-0000-0002-000000000026', '7bf4336c-59d6-4221-a0b1-910211e1e031', 'Extra Miel Picante', '1000', '50', 'true', '19', '2026-04-11 18:52:20.762681+00') on conflict (id) do update set supply_id = excluded.supply_id, format_id = excluded.format_id, name = excluded.name, price = excluded.price, grams = excluded.grams, is_active = excluded.is_active, sort_order = excluded.sort_order, created_at = excluded.created_at;
insert into public.addition_catalog (id, supply_id, format_id, name, price, grams, is_active, sort_order, created_at) values ('0edf7a75-7f57-4308-b3e4-beac1c952714', '00000000-0000-0000-0002-000000000006', '3051d941-3c79-4311-8efa-779fd715b540', 'Extra Piña', '1000', '27', 'true', '7', '2026-04-11 18:52:20.762681+00') on conflict (id) do update set supply_id = excluded.supply_id, format_id = excluded.format_id, name = excluded.name, price = excluded.price, grams = excluded.grams, is_active = excluded.is_active, sort_order = excluded.sort_order, created_at = excluded.created_at;
insert into public.addition_catalog (id, supply_id, format_id, name, price, grams, is_active, sort_order, created_at) values ('0f5083ec-1eb7-4e9c-be76-1b4a1d2581ed', '00000000-0000-0000-0002-000000000023', '782942e1-c2f9-4074-8fc0-bcca7a237bdc', 'Extra Tomate Pico de Gallo', '1000', '42', 'true', '13', '2026-04-11 18:52:20.762681+00') on conflict (id) do update set supply_id = excluded.supply_id, format_id = excluded.format_id, name = excluded.name, price = excluded.price, grams = excluded.grams, is_active = excluded.is_active, sort_order = excluded.sort_order, created_at = excluded.created_at;
insert into public.addition_catalog (id, supply_id, format_id, name, price, grams, is_active, sort_order, created_at) values ('1077b0a2-c722-431c-b64c-57c47f0574a0', '00000000-0000-0000-0002-000000000002', '782942e1-c2f9-4074-8fc0-bcca7a237bdc', 'Extra Queso', '2000', '39', 'true', '1', '2026-04-11 18:52:20.762681+00') on conflict (id) do update set supply_id = excluded.supply_id, format_id = excluded.format_id, name = excluded.name, price = excluded.price, grams = excluded.grams, is_active = excluded.is_active, sort_order = excluded.sort_order, created_at = excluded.created_at;
insert into public.addition_catalog (id, supply_id, format_id, name, price, grams, is_active, sort_order, created_at) values ('108906a8-2f3f-4326-bb65-a8213a7587e8', '00000000-0000-0000-0002-000000000012', 'f9590eb3-f443-49bd-b4e4-7f83a9949a78', 'Extra Carne Molida', '2000', '25', 'true', '12', '2026-04-11 18:52:20.762681+00') on conflict (id) do update set supply_id = excluded.supply_id, format_id = excluded.format_id, name = excluded.name, price = excluded.price, grams = excluded.grams, is_active = excluded.is_active, sort_order = excluded.sort_order, created_at = excluded.created_at;
insert into public.addition_catalog (id, supply_id, format_id, name, price, grams, is_active, sort_order, created_at) values ('1113db02-70bc-4a4f-8afc-6f0dd31ae8d0', '00000000-0000-0000-0002-000000000024', '389a4673-a142-4fab-a2c4-76f2a042295f', 'Extra Pimentón Cebolla Cilantro', '1000', '42', 'true', '14', '2026-04-11 18:52:20.762681+00') on conflict (id) do update set supply_id = excluded.supply_id, format_id = excluded.format_id, name = excluded.name, price = excluded.price, grams = excluded.grams, is_active = excluded.is_active, sort_order = excluded.sort_order, created_at = excluded.created_at;
insert into public.addition_catalog (id, supply_id, format_id, name, price, grams, is_active, sort_order, created_at) values ('11762895-b72f-4380-b68c-2674a54fda03', '00000000-0000-0000-0002-000000000026', '978b6152-47de-48f3-a7de-8a75d1902deb', 'Extra Miel Picante', '1000', '50', 'true', '19', '2026-04-11 18:52:20.762681+00') on conflict (id) do update set supply_id = excluded.supply_id, format_id = excluded.format_id, name = excluded.name, price = excluded.price, grams = excluded.grams, is_active = excluded.is_active, sort_order = excluded.sort_order, created_at = excluded.created_at;
insert into public.addition_catalog (id, supply_id, format_id, name, price, grams, is_active, sort_order, created_at) values ('119ba92a-8ec4-42dc-8c6b-0563d52b8b4f', '00000000-0000-0000-0002-000000000027', '52daf59d-2fa1-4675-8657-6767a602d676', 'Extra Pimienta Cayena', '1000', '50', 'true', '20', '2026-04-11 18:52:20.762681+00') on conflict (id) do update set supply_id = excluded.supply_id, format_id = excluded.format_id, name = excluded.name, price = excluded.price, grams = excluded.grams, is_active = excluded.is_active, sort_order = excluded.sort_order, created_at = excluded.created_at;
insert into public.addition_catalog (id, supply_id, format_id, name, price, grams, is_active, sort_order, created_at) values ('11dcf6b3-1c3e-4c8a-8aaa-019c60837619', '00000000-0000-0000-0002-000000000028', 'd2afd424-0b64-44a7-87cf-33d3ec93f9c3', 'Extra Atún', '2000', '25', 'true', '21', '2026-04-11 18:52:20.762681+00') on conflict (id) do update set supply_id = excluded.supply_id, format_id = excluded.format_id, name = excluded.name, price = excluded.price, grams = excluded.grams, is_active = excluded.is_active, sort_order = excluded.sort_order, created_at = excluded.created_at;
insert into public.addition_catalog (id, supply_id, format_id, name, price, grams, is_active, sort_order, created_at) values ('11e5c903-9bc0-49b4-86d8-ff448127e716', '00000000-0000-0000-0002-000000000023', '50cb994f-c464-4319-8ae0-d9aed00f625c', 'Extra Tomate Pico de Gallo', '1000', '42', 'true', '13', '2026-04-11 18:52:20.762681+00') on conflict (id) do update set supply_id = excluded.supply_id, format_id = excluded.format_id, name = excluded.name, price = excluded.price, grams = excluded.grams, is_active = excluded.is_active, sort_order = excluded.sort_order, created_at = excluded.created_at;
insert into public.addition_catalog (id, supply_id, format_id, name, price, grams, is_active, sort_order, created_at) values ('1327117c-130b-4f36-a298-bf816a6683b2', '00000000-0000-0000-0002-000000000003', '9c33e49b-7ad8-47d7-83d0-a1ec7fedf439', 'Extra Salsa Napolitana', '1000', '50', 'true', '2', '2026-04-11 18:52:20.762681+00') on conflict (id) do update set supply_id = excluded.supply_id, format_id = excluded.format_id, name = excluded.name, price = excluded.price, grams = excluded.grams, is_active = excluded.is_active, sort_order = excluded.sort_order, created_at = excluded.created_at;
insert into public.addition_catalog (id, supply_id, format_id, name, price, grams, is_active, sort_order, created_at) values ('13378321-864c-4bf7-9226-cd7efe134ac6', '00000000-0000-0000-0002-000000000006', '4245975d-205b-4b2d-a32a-118799ff653a', 'Extra Piña', '1000', '27', 'true', '7', '2026-04-11 18:52:20.762681+00') on conflict (id) do update set supply_id = excluded.supply_id, format_id = excluded.format_id, name = excluded.name, price = excluded.price, grams = excluded.grams, is_active = excluded.is_active, sort_order = excluded.sort_order, created_at = excluded.created_at;
insert into public.addition_catalog (id, supply_id, format_id, name, price, grams, is_active, sort_order, created_at) values ('134359d1-468b-44e4-9167-93c74d277181', '00000000-0000-0000-0002-000000000003', '05868d23-5264-444e-8173-0eb52bdf968a', 'Extra Salsa Napolitana', '1000', '50', 'true', '2', '2026-04-11 18:52:20.762681+00') on conflict (id) do update set supply_id = excluded.supply_id, format_id = excluded.format_id, name = excluded.name, price = excluded.price, grams = excluded.grams, is_active = excluded.is_active, sort_order = excluded.sort_order, created_at = excluded.created_at;
insert into public.addition_catalog (id, supply_id, format_id, name, price, grams, is_active, sort_order, created_at) values ('137ebddd-edab-4c39-9dc3-55b13f50d3dd', '00000000-0000-0000-0002-000000000008', 'ee4bff3e-cc84-439d-97b5-561d0ade13e3', 'Extra Pechuga', '2000', '13', 'true', '4', '2026-04-11 18:52:20.762681+00') on conflict (id) do update set supply_id = excluded.supply_id, format_id = excluded.format_id, name = excluded.name, price = excluded.price, grams = excluded.grams, is_active = excluded.is_active, sort_order = excluded.sort_order, created_at = excluded.created_at;
insert into public.addition_catalog (id, supply_id, format_id, name, price, grams, is_active, sort_order, created_at) values ('1396f635-1f08-41b8-8c2a-18c8d4c29764', '00000000-0000-0000-0002-000000000022', '7ccb56fa-c8b4-42b5-bea8-8618145f4ccb', 'Extra Aceitunas', '2000', '19', 'true', '11', '2026-04-11 18:52:20.762681+00') on conflict (id) do update set supply_id = excluded.supply_id, format_id = excluded.format_id, name = excluded.name, price = excluded.price, grams = excluded.grams, is_active = excluded.is_active, sort_order = excluded.sort_order, created_at = excluded.created_at;
insert into public.addition_catalog (id, supply_id, format_id, name, price, grams, is_active, sort_order, created_at) values ('13aa32c3-f7e6-4786-af17-039f1c2b8169', '00000000-0000-0000-0002-000000000022', 'a8bed84e-7890-4c9c-98d9-417bf76e91f5', 'Extra Aceitunas', '2000', '19', 'true', '11', '2026-04-11 18:52:20.762681+00') on conflict (id) do update set supply_id = excluded.supply_id, format_id = excluded.format_id, name = excluded.name, price = excluded.price, grams = excluded.grams, is_active = excluded.is_active, sort_order = excluded.sort_order, created_at = excluded.created_at;
insert into public.addition_catalog (id, supply_id, format_id, name, price, grams, is_active, sort_order, created_at) values ('140e2348-3885-450a-aaee-84f4b8bb9110', '00000000-0000-0000-0002-000000000012', '5c085f0f-2965-428e-b2e8-8a43dbb1bea6', 'Extra Carne Molida', '2000', '25', 'true', '12', '2026-04-11 18:52:20.762681+00') on conflict (id) do update set supply_id = excluded.supply_id, format_id = excluded.format_id, name = excluded.name, price = excluded.price, grams = excluded.grams, is_active = excluded.is_active, sort_order = excluded.sort_order, created_at = excluded.created_at;
insert into public.addition_catalog (id, supply_id, format_id, name, price, grams, is_active, sort_order, created_at) values ('142977b5-b53d-4011-ba2f-be312d6ad8bd', '00000000-0000-0000-0002-000000000025', 'b310e1df-0de1-4da6-bd95-eaa7a51f2e81', 'Extra Salsa de Ajo', '1500', '21', 'true', '16', '2026-04-11 18:52:20.762681+00') on conflict (id) do update set supply_id = excluded.supply_id, format_id = excluded.format_id, name = excluded.name, price = excluded.price, grams = excluded.grams, is_active = excluded.is_active, sort_order = excluded.sort_order, created_at = excluded.created_at;
insert into public.addition_catalog (id, supply_id, format_id, name, price, grams, is_active, sort_order, created_at) values ('14304af4-42a3-485d-8cb8-1d13bc7d0860', '00000000-0000-0000-0002-000000000008', '560273c0-172d-47d3-83b7-2e95be293b29', 'Extra Pechuga', '2000', '13', 'true', '4', '2026-04-11 18:52:20.762681+00') on conflict (id) do update set supply_id = excluded.supply_id, format_id = excluded.format_id, name = excluded.name, price = excluded.price, grams = excluded.grams, is_active = excluded.is_active, sort_order = excluded.sort_order, created_at = excluded.created_at;
insert into public.addition_catalog (id, supply_id, format_id, name, price, grams, is_active, sort_order, created_at) values ('143858de-ae99-4c92-b0ba-14f3e57caf0d', '00000000-0000-0000-0002-000000000025', 'c70aef5b-f3d6-4879-8c7d-109d647891df', 'Extra Salsa de Ajo', '1000', '10', 'true', '16', '2026-04-11 18:52:20.762681+00') on conflict (id) do update set supply_id = excluded.supply_id, format_id = excluded.format_id, name = excluded.name, price = excluded.price, grams = excluded.grams, is_active = excluded.is_active, sort_order = excluded.sort_order, created_at = excluded.created_at;
insert into public.addition_catalog (id, supply_id, format_id, name, price, grams, is_active, sort_order, created_at) values ('14791a7b-673a-4cff-b9f5-aea6c8847a37', '00000000-0000-0000-0002-000000000013', 'd77153ba-ed83-4662-88ca-8279a5541e96', 'Extra Guacamole', '1000', '42', 'true', '15', '2026-04-11 18:52:20.762681+00') on conflict (id) do update set supply_id = excluded.supply_id, format_id = excluded.format_id, name = excluded.name, price = excluded.price, grams = excluded.grams, is_active = excluded.is_active, sort_order = excluded.sort_order, created_at = excluded.created_at;
insert into public.addition_catalog (id, supply_id, format_id, name, price, grams, is_active, sort_order, created_at) values ('14f195fd-4459-4e6d-bae6-22806a323b38', '00000000-0000-0000-0002-000000000026', 'c70aef5b-f3d6-4879-8c7d-109d647891df', 'Extra Miel Picante', '1000', '50', 'true', '19', '2026-04-11 18:52:20.762681+00') on conflict (id) do update set supply_id = excluded.supply_id, format_id = excluded.format_id, name = excluded.name, price = excluded.price, grams = excluded.grams, is_active = excluded.is_active, sort_order = excluded.sort_order, created_at = excluded.created_at;
insert into public.addition_catalog (id, supply_id, format_id, name, price, grams, is_active, sort_order, created_at) values ('152dac6a-63dc-4a52-9194-1d782c97e6d6', '00000000-0000-0000-0002-000000000013', 'a8bed84e-7890-4c9c-98d9-417bf76e91f5', 'Extra Guacamole', '1000', '42', 'true', '15', '2026-04-11 18:52:20.762681+00') on conflict (id) do update set supply_id = excluded.supply_id, format_id = excluded.format_id, name = excluded.name, price = excluded.price, grams = excluded.grams, is_active = excluded.is_active, sort_order = excluded.sort_order, created_at = excluded.created_at;
insert into public.addition_catalog (id, supply_id, format_id, name, price, grams, is_active, sort_order, created_at) values ('154d5841-02ff-4cac-a879-4a36cb223b7a', '00000000-0000-0000-0002-000000000027', '782942e1-c2f9-4074-8fc0-bcca7a237bdc', 'Extra Pimienta Cayena', '1000', '50', 'true', '20', '2026-04-11 18:52:20.762681+00') on conflict (id) do update set supply_id = excluded.supply_id, format_id = excluded.format_id, name = excluded.name, price = excluded.price, grams = excluded.grams, is_active = excluded.is_active, sort_order = excluded.sort_order, created_at = excluded.created_at;
insert into public.addition_catalog (id, supply_id, format_id, name, price, grams, is_active, sort_order, created_at) values ('15547bb1-8404-47a7-9b15-c7304fae651f', '00000000-0000-0000-0002-000000000017', '389a4673-a142-4fab-a2c4-76f2a042295f', 'Extra Salsa de Jalapeño', '1000', '50', 'true', '17', '2026-04-11 18:52:20.762681+00') on conflict (id) do update set supply_id = excluded.supply_id, format_id = excluded.format_id, name = excluded.name, price = excluded.price, grams = excluded.grams, is_active = excluded.is_active, sort_order = excluded.sort_order, created_at = excluded.created_at;
insert into public.addition_catalog (id, supply_id, format_id, name, price, grams, is_active, sort_order, created_at) values ('15a73329-dddb-455b-8cac-7e557bb445ce', '00000000-0000-0000-0002-000000000004', '4245975d-205b-4b2d-a32a-118799ff653a', 'Extra Jamón', '2000', '17', 'true', '3', '2026-04-11 18:52:20.762681+00') on conflict (id) do update set supply_id = excluded.supply_id, format_id = excluded.format_id, name = excluded.name, price = excluded.price, grams = excluded.grams, is_active = excluded.is_active, sort_order = excluded.sort_order, created_at = excluded.created_at;
insert into public.addition_catalog (id, supply_id, format_id, name, price, grams, is_active, sort_order, created_at) values ('15e54770-a8d7-459e-8e36-b24715627de0', '00000000-0000-0000-0002-000000000017', 'f9590eb3-f443-49bd-b4e4-7f83a9949a78', 'Extra Salsa de Jalapeño', '1000', '50', 'true', '17', '2026-04-11 18:52:20.762681+00') on conflict (id) do update set supply_id = excluded.supply_id, format_id = excluded.format_id, name = excluded.name, price = excluded.price, grams = excluded.grams, is_active = excluded.is_active, sort_order = excluded.sort_order, created_at = excluded.created_at;
insert into public.addition_catalog (id, supply_id, format_id, name, price, grams, is_active, sort_order, created_at) values ('16f2234c-6635-432d-9eb7-b3962098f28c', '00000000-0000-0000-0002-000000000020', '66cd2881-b7dc-4043-b3ad-d781a1fdd423', 'Extra Maicitos', '1000', '40', 'true', '9', '2026-04-11 18:52:20.762681+00') on conflict (id) do update set supply_id = excluded.supply_id, format_id = excluded.format_id, name = excluded.name, price = excluded.price, grams = excluded.grams, is_active = excluded.is_active, sort_order = excluded.sort_order, created_at = excluded.created_at;
insert into public.addition_catalog (id, supply_id, format_id, name, price, grams, is_active, sort_order, created_at) values ('179bb5ba-f544-433c-975c-7303c93689bb', '00000000-0000-0000-0002-000000000005', 'd2afd424-0b64-44a7-87cf-33d3ec93f9c3', 'Extra Tocineta', '2000', '31', 'true', '5', '2026-04-11 18:52:20.762681+00') on conflict (id) do update set supply_id = excluded.supply_id, format_id = excluded.format_id, name = excluded.name, price = excluded.price, grams = excluded.grams, is_active = excluded.is_active, sort_order = excluded.sort_order, created_at = excluded.created_at;
insert into public.addition_catalog (id, supply_id, format_id, name, price, grams, is_active, sort_order, created_at) values ('18059259-3116-4335-84bb-6319276a04d7', '00000000-0000-0000-0002-000000000012', 'd2afd424-0b64-44a7-87cf-33d3ec93f9c3', 'Extra Carne Molida', '2000', '25', 'true', '12', '2026-04-11 18:52:20.762681+00') on conflict (id) do update set supply_id = excluded.supply_id, format_id = excluded.format_id, name = excluded.name, price = excluded.price, grams = excluded.grams, is_active = excluded.is_active, sort_order = excluded.sort_order, created_at = excluded.created_at;
insert into public.addition_catalog (id, supply_id, format_id, name, price, grams, is_active, sort_order, created_at) values ('180d9374-992b-444f-a8d7-2f19f5098e92', '00000000-0000-0000-0002-000000000008', '462f53bc-a2e4-41a1-917c-f303cc79a91f', 'Extra Pechuga', '2000', '13', 'true', '4', '2026-04-11 18:52:20.762681+00') on conflict (id) do update set supply_id = excluded.supply_id, format_id = excluded.format_id, name = excluded.name, price = excluded.price, grams = excluded.grams, is_active = excluded.is_active, sort_order = excluded.sort_order, created_at = excluded.created_at;
insert into public.addition_catalog (id, supply_id, format_id, name, price, grams, is_active, sort_order, created_at) values ('1898c99d-177a-4a5b-8b48-e8bedec506f0', '00000000-0000-0000-0002-000000000026', 'd2afd424-0b64-44a7-87cf-33d3ec93f9c3', 'Extra Miel Picante', '1000', '50', 'true', '19', '2026-04-11 18:52:20.762681+00') on conflict (id) do update set supply_id = excluded.supply_id, format_id = excluded.format_id, name = excluded.name, price = excluded.price, grams = excluded.grams, is_active = excluded.is_active, sort_order = excluded.sort_order, created_at = excluded.created_at;
insert into public.addition_catalog (id, supply_id, format_id, name, price, grams, is_active, sort_order, created_at) values ('1952dfd3-4d2b-4495-a24b-063a95349180', '00000000-0000-0000-0002-000000000021', '4245975d-205b-4b2d-a32a-118799ff653a', 'Extra Jalapeño', '1000', '25', 'true', '10', '2026-04-11 18:52:20.762681+00') on conflict (id) do update set supply_id = excluded.supply_id, format_id = excluded.format_id, name = excluded.name, price = excluded.price, grams = excluded.grams, is_active = excluded.is_active, sort_order = excluded.sort_order, created_at = excluded.created_at;
insert into public.addition_catalog (id, supply_id, format_id, name, price, grams, is_active, sort_order, created_at) values ('19852b11-7c06-4d2c-a271-f5a1214d8241', '00000000-0000-0000-0002-000000000017', '212caae0-0f84-41f8-a518-f13cd735f657', 'Extra Salsa de Jalapeño', '1000', '50', 'true', '17', '2026-04-11 18:52:20.762681+00') on conflict (id) do update set supply_id = excluded.supply_id, format_id = excluded.format_id, name = excluded.name, price = excluded.price, grams = excluded.grams, is_active = excluded.is_active, sort_order = excluded.sort_order, created_at = excluded.created_at;
insert into public.addition_catalog (id, supply_id, format_id, name, price, grams, is_active, sort_order, created_at) values ('19c3f7b2-2287-4c33-ba74-b140d6086d9a', '00000000-0000-0000-0002-000000000012', '4245975d-205b-4b2d-a32a-118799ff653a', 'Extra Carne Molida', '2000', '25', 'true', '12', '2026-04-11 18:52:20.762681+00') on conflict (id) do update set supply_id = excluded.supply_id, format_id = excluded.format_id, name = excluded.name, price = excluded.price, grams = excluded.grams, is_active = excluded.is_active, sort_order = excluded.sort_order, created_at = excluded.created_at;
insert into public.addition_catalog (id, supply_id, format_id, name, price, grams, is_active, sort_order, created_at) values ('19f8a6b5-9668-47e1-a003-ef88bfc1f343', '00000000-0000-0000-0002-000000000008', '7ccb56fa-c8b4-42b5-bea8-8618145f4ccb', 'Extra Pechuga', '2000', '13', 'true', '4', '2026-04-11 18:52:20.762681+00') on conflict (id) do update set supply_id = excluded.supply_id, format_id = excluded.format_id, name = excluded.name, price = excluded.price, grams = excluded.grams, is_active = excluded.is_active, sort_order = excluded.sort_order, created_at = excluded.created_at;
insert into public.addition_catalog (id, supply_id, format_id, name, price, grams, is_active, sort_order, created_at) values ('1a93554c-eb51-4a4d-9420-1dfc29fa5914', '00000000-0000-0000-0002-000000000020', '4245975d-205b-4b2d-a32a-118799ff653a', 'Extra Maicitos', '1000', '40', 'true', '9', '2026-04-11 18:52:20.762681+00') on conflict (id) do update set supply_id = excluded.supply_id, format_id = excluded.format_id, name = excluded.name, price = excluded.price, grams = excluded.grams, is_active = excluded.is_active, sort_order = excluded.sort_order, created_at = excluded.created_at;
insert into public.addition_catalog (id, supply_id, format_id, name, price, grams, is_active, sort_order, created_at) values ('1a9e9fc2-357a-4695-853e-664d1d8eef22', '00000000-0000-0000-0002-000000000008', '3b521025-1970-4f7b-9415-eb76bd12753e', 'Extra Pechuga', '2000', '13', 'true', '4', '2026-04-11 18:52:20.762681+00') on conflict (id) do update set supply_id = excluded.supply_id, format_id = excluded.format_id, name = excluded.name, price = excluded.price, grams = excluded.grams, is_active = excluded.is_active, sort_order = excluded.sort_order, created_at = excluded.created_at;
insert into public.addition_catalog (id, supply_id, format_id, name, price, grams, is_active, sort_order, created_at) values ('1aeaf146-7797-464e-8cfc-ef8ff910c466', '00000000-0000-0000-0002-000000000005', '3051d941-3c79-4311-8efa-779fd715b540', 'Extra Tocineta', '2000', '31', 'true', '5', '2026-04-11 18:52:20.762681+00') on conflict (id) do update set supply_id = excluded.supply_id, format_id = excluded.format_id, name = excluded.name, price = excluded.price, grams = excluded.grams, is_active = excluded.is_active, sort_order = excluded.sort_order, created_at = excluded.created_at;
insert into public.addition_catalog (id, supply_id, format_id, name, price, grams, is_active, sort_order, created_at) values ('1b2f8fa3-c7fc-435a-b063-090437481cb1', '00000000-0000-0000-0002-000000000020', '560273c0-172d-47d3-83b7-2e95be293b29', 'Extra Maicitos', '1000', '40', 'true', '9', '2026-04-11 18:52:20.762681+00') on conflict (id) do update set supply_id = excluded.supply_id, format_id = excluded.format_id, name = excluded.name, price = excluded.price, grams = excluded.grams, is_active = excluded.is_active, sort_order = excluded.sort_order, created_at = excluded.created_at;
insert into public.addition_catalog (id, supply_id, format_id, name, price, grams, is_active, sort_order, created_at) values ('1b4a5b9b-09b6-469f-afd7-fbccb14069cf', '00000000-0000-0000-0002-000000000022', '8b9f43b8-126a-41ef-a9e3-37df34edc44b', 'Extra Aceitunas', '2000', '19', 'true', '11', '2026-04-11 18:52:20.762681+00') on conflict (id) do update set supply_id = excluded.supply_id, format_id = excluded.format_id, name = excluded.name, price = excluded.price, grams = excluded.grams, is_active = excluded.is_active, sort_order = excluded.sort_order, created_at = excluded.created_at;
insert into public.addition_catalog (id, supply_id, format_id, name, price, grams, is_active, sort_order, created_at) values ('1bb67028-88ef-4e36-b90a-89bfffca48c3', '00000000-0000-0000-0002-000000000028', '9c33e49b-7ad8-47d7-83d0-a1ec7fedf439', 'Extra Atún', '2000', '25', 'true', '21', '2026-04-11 18:52:20.762681+00') on conflict (id) do update set supply_id = excluded.supply_id, format_id = excluded.format_id, name = excluded.name, price = excluded.price, grams = excluded.grams, is_active = excluded.is_active, sort_order = excluded.sort_order, created_at = excluded.created_at;
insert into public.addition_catalog (id, supply_id, format_id, name, price, grams, is_active, sort_order, created_at) values ('1cb6b5f4-3b56-4b8b-baf0-b28e0adb5032', '00000000-0000-0000-0002-000000000021', 'd2afd424-0b64-44a7-87cf-33d3ec93f9c3', 'Extra Jalapeño', '1000', '25', 'true', '10', '2026-04-11 18:52:20.762681+00') on conflict (id) do update set supply_id = excluded.supply_id, format_id = excluded.format_id, name = excluded.name, price = excluded.price, grams = excluded.grams, is_active = excluded.is_active, sort_order = excluded.sort_order, created_at = excluded.created_at;
insert into public.addition_catalog (id, supply_id, format_id, name, price, grams, is_active, sort_order, created_at) values ('1cbd3de8-950d-4e49-bf07-ef66ac1af07b', '00000000-0000-0000-0002-000000000005', '3b521025-1970-4f7b-9415-eb76bd12753e', 'Extra Tocineta', '2000', '31', 'true', '5', '2026-04-11 18:52:20.762681+00') on conflict (id) do update set supply_id = excluded.supply_id, format_id = excluded.format_id, name = excluded.name, price = excluded.price, grams = excluded.grams, is_active = excluded.is_active, sort_order = excluded.sort_order, created_at = excluded.created_at;
insert into public.addition_catalog (id, supply_id, format_id, name, price, grams, is_active, sort_order, created_at) values ('1cd1be9c-b9a5-49a2-bff5-5103112c9948', '00000000-0000-0000-0002-000000000017', 'b310e1df-0de1-4da6-bd95-eaa7a51f2e81', 'Extra Salsa de Jalapeño', '1500', '100', 'true', '17', '2026-04-11 18:52:20.762681+00') on conflict (id) do update set supply_id = excluded.supply_id, format_id = excluded.format_id, name = excluded.name, price = excluded.price, grams = excluded.grams, is_active = excluded.is_active, sort_order = excluded.sort_order, created_at = excluded.created_at;
insert into public.addition_catalog (id, supply_id, format_id, name, price, grams, is_active, sort_order, created_at) values ('1cf10d7f-30fd-4af6-896b-79b29c372dee', '00000000-0000-0000-0002-000000000004', '782942e1-c2f9-4074-8fc0-bcca7a237bdc', 'Extra Jamón', '2000', '17', 'true', '3', '2026-04-11 18:52:20.762681+00') on conflict (id) do update set supply_id = excluded.supply_id, format_id = excluded.format_id, name = excluded.name, price = excluded.price, grams = excluded.grams, is_active = excluded.is_active, sort_order = excluded.sort_order, created_at = excluded.created_at;
insert into public.addition_catalog (id, supply_id, format_id, name, price, grams, is_active, sort_order, created_at) values ('1d8d23ff-b34e-4c49-b89e-ef22cd96a52e', '00000000-0000-0000-0002-000000000013', '731472ff-a486-4443-8179-435b653ecd36', 'Extra Guacamole', '1000', '42', 'true', '15', '2026-04-11 18:52:20.762681+00') on conflict (id) do update set supply_id = excluded.supply_id, format_id = excluded.format_id, name = excluded.name, price = excluded.price, grams = excluded.grams, is_active = excluded.is_active, sort_order = excluded.sort_order, created_at = excluded.created_at;
insert into public.addition_catalog (id, supply_id, format_id, name, price, grams, is_active, sort_order, created_at) values ('1dd55227-2be7-43bc-b3ab-f2369e92a10e', '00000000-0000-0000-0002-000000000004', '05868d23-5264-444e-8173-0eb52bdf968a', 'Extra Jamón', '2000', '17', 'true', '3', '2026-04-11 18:52:20.762681+00') on conflict (id) do update set supply_id = excluded.supply_id, format_id = excluded.format_id, name = excluded.name, price = excluded.price, grams = excluded.grams, is_active = excluded.is_active, sort_order = excluded.sort_order, created_at = excluded.created_at;
insert into public.addition_catalog (id, supply_id, format_id, name, price, grams, is_active, sort_order, created_at) values ('1e09753a-c631-481f-bc5c-52c17c968e46', '00000000-0000-0000-0002-000000000026', '462f53bc-a2e4-41a1-917c-f303cc79a91f', 'Extra Miel Picante', '1000', '50', 'true', '19', '2026-04-11 18:52:20.762681+00') on conflict (id) do update set supply_id = excluded.supply_id, format_id = excluded.format_id, name = excluded.name, price = excluded.price, grams = excluded.grams, is_active = excluded.is_active, sort_order = excluded.sort_order, created_at = excluded.created_at;
insert into public.addition_catalog (id, supply_id, format_id, name, price, grams, is_active, sort_order, created_at) values ('1e879540-e587-4178-b18e-c2a6d0e70cac', '00000000-0000-0000-0002-000000000017', '3b521025-1970-4f7b-9415-eb76bd12753e', 'Extra Salsa de Jalapeño', '1000', '50', 'true', '17', '2026-04-11 18:52:20.762681+00') on conflict (id) do update set supply_id = excluded.supply_id, format_id = excluded.format_id, name = excluded.name, price = excluded.price, grams = excluded.grams, is_active = excluded.is_active, sort_order = excluded.sort_order, created_at = excluded.created_at;
insert into public.addition_catalog (id, supply_id, format_id, name, price, grams, is_active, sort_order, created_at) values ('1ecde161-7594-413a-bc3b-496d0d017b71', '00000000-0000-0000-0002-000000000025', '782942e1-c2f9-4074-8fc0-bcca7a237bdc', 'Extra Salsa de Ajo', '1000', '10', 'true', '16', '2026-04-11 18:52:20.762681+00') on conflict (id) do update set supply_id = excluded.supply_id, format_id = excluded.format_id, name = excluded.name, price = excluded.price, grams = excluded.grams, is_active = excluded.is_active, sort_order = excluded.sort_order, created_at = excluded.created_at;
insert into public.addition_catalog (id, supply_id, format_id, name, price, grams, is_active, sort_order, created_at) values ('1f237254-ed76-444e-b30a-9f2139f0820e', '00000000-0000-0000-0002-000000000002', '3051d941-3c79-4311-8efa-779fd715b540', 'Extra Queso', '2000', '39', 'true', '1', '2026-04-11 18:52:20.762681+00') on conflict (id) do update set supply_id = excluded.supply_id, format_id = excluded.format_id, name = excluded.name, price = excluded.price, grams = excluded.grams, is_active = excluded.is_active, sort_order = excluded.sort_order, created_at = excluded.created_at;
insert into public.addition_catalog (id, supply_id, format_id, name, price, grams, is_active, sort_order, created_at) values ('1f3b24ec-ff38-4b43-b50e-06f17cc9eb9a', '00000000-0000-0000-0002-000000000027', '74f3718a-6df1-46a7-8f31-5fe177fffbc5', 'Extra Pimienta Cayena', '1000', '50', 'true', '20', '2026-04-11 18:52:20.762681+00') on conflict (id) do update set supply_id = excluded.supply_id, format_id = excluded.format_id, name = excluded.name, price = excluded.price, grams = excluded.grams, is_active = excluded.is_active, sort_order = excluded.sort_order, created_at = excluded.created_at;
insert into public.addition_catalog (id, supply_id, format_id, name, price, grams, is_active, sort_order, created_at) values ('1f7234aa-6b08-42f8-9366-b251957cccee', '00000000-0000-0000-0002-000000000025', '212caae0-0f84-41f8-a518-f13cd735f657', 'Extra Salsa de Ajo', '1000', '10', 'true', '16', '2026-04-11 18:52:20.762681+00') on conflict (id) do update set supply_id = excluded.supply_id, format_id = excluded.format_id, name = excluded.name, price = excluded.price, grams = excluded.grams, is_active = excluded.is_active, sort_order = excluded.sort_order, created_at = excluded.created_at;
insert into public.addition_catalog (id, supply_id, format_id, name, price, grams, is_active, sort_order, created_at) values ('1f7e734e-8657-45bf-b3bf-2822f3bf0fb7', '00000000-0000-0000-0002-000000000004', '389a4673-a142-4fab-a2c4-76f2a042295f', 'Extra Jamón', '2000', '17', 'true', '3', '2026-04-11 18:52:20.762681+00') on conflict (id) do update set supply_id = excluded.supply_id, format_id = excluded.format_id, name = excluded.name, price = excluded.price, grams = excluded.grams, is_active = excluded.is_active, sort_order = excluded.sort_order, created_at = excluded.created_at;
insert into public.addition_catalog (id, supply_id, format_id, name, price, grams, is_active, sort_order, created_at) values ('1fd16623-c622-44dc-9c53-a8f75381bfa1', '00000000-0000-0000-0002-000000000008', 'a3a99307-2bc9-413c-804d-1b0dda4b4488', 'Extra Pechuga', '2000', '13', 'true', '4', '2026-04-11 18:52:20.762681+00') on conflict (id) do update set supply_id = excluded.supply_id, format_id = excluded.format_id, name = excluded.name, price = excluded.price, grams = excluded.grams, is_active = excluded.is_active, sort_order = excluded.sort_order, created_at = excluded.created_at;
insert into public.addition_catalog (id, supply_id, format_id, name, price, grams, is_active, sort_order, created_at) values ('203ea0a1-b9e3-457b-a937-bd7f18255082', '00000000-0000-0000-0002-000000000017', '462f53bc-a2e4-41a1-917c-f303cc79a91f', 'Extra Salsa de Jalapeño', '1000', '50', 'true', '17', '2026-04-11 18:52:20.762681+00') on conflict (id) do update set supply_id = excluded.supply_id, format_id = excluded.format_id, name = excluded.name, price = excluded.price, grams = excluded.grams, is_active = excluded.is_active, sort_order = excluded.sort_order, created_at = excluded.created_at;
insert into public.addition_catalog (id, supply_id, format_id, name, price, grams, is_active, sort_order, created_at) values ('20c0cf87-547e-4f56-a1ca-f6ff07a20e7d', '00000000-0000-0000-0002-000000000012', '9c33e49b-7ad8-47d7-83d0-a1ec7fedf439', 'Extra Carne Molida', '2000', '25', 'true', '12', '2026-04-11 18:52:20.762681+00') on conflict (id) do update set supply_id = excluded.supply_id, format_id = excluded.format_id, name = excluded.name, price = excluded.price, grams = excluded.grams, is_active = excluded.is_active, sort_order = excluded.sort_order, created_at = excluded.created_at;
insert into public.addition_catalog (id, supply_id, format_id, name, price, grams, is_active, sort_order, created_at) values ('20f05682-f6db-43c5-94da-5119957559f7', '00000000-0000-0000-0002-000000000003', '894a1675-8ad8-4417-8b64-596102577cb7', 'Extra Salsa Napolitana', '1000', '50', 'true', '2', '2026-04-11 18:52:20.762681+00') on conflict (id) do update set supply_id = excluded.supply_id, format_id = excluded.format_id, name = excluded.name, price = excluded.price, grams = excluded.grams, is_active = excluded.is_active, sort_order = excluded.sort_order, created_at = excluded.created_at;
insert into public.addition_catalog (id, supply_id, format_id, name, price, grams, is_active, sort_order, created_at) values ('21645341-db0e-41d8-81b7-8aae3381ef00', '00000000-0000-0000-0002-000000000006', '50cb994f-c464-4319-8ae0-d9aed00f625c', 'Extra Piña', '1000', '27', 'true', '7', '2026-04-11 18:52:20.762681+00') on conflict (id) do update set supply_id = excluded.supply_id, format_id = excluded.format_id, name = excluded.name, price = excluded.price, grams = excluded.grams, is_active = excluded.is_active, sort_order = excluded.sort_order, created_at = excluded.created_at;
insert into public.addition_catalog (id, supply_id, format_id, name, price, grams, is_active, sort_order, created_at) values ('2164793e-9712-4b07-bf23-9930b94eaa51', '00000000-0000-0000-0002-000000000007', '560273c0-172d-47d3-83b7-2e95be293b29', 'Extra Pepperoni', '2000', '31', 'true', '6', '2026-04-11 18:52:20.762681+00') on conflict (id) do update set supply_id = excluded.supply_id, format_id = excluded.format_id, name = excluded.name, price = excluded.price, grams = excluded.grams, is_active = excluded.is_active, sort_order = excluded.sort_order, created_at = excluded.created_at;
insert into public.addition_catalog (id, supply_id, format_id, name, price, grams, is_active, sort_order, created_at) values ('21dbd08a-9451-43cf-8055-da00ddeb5cc1', '00000000-0000-0000-0002-000000000009', '978b6152-47de-48f3-a7de-8a75d1902deb', 'Extra Champiñones', '2000', '31', 'true', '8', '2026-04-11 18:52:20.762681+00') on conflict (id) do update set supply_id = excluded.supply_id, format_id = excluded.format_id, name = excluded.name, price = excluded.price, grams = excluded.grams, is_active = excluded.is_active, sort_order = excluded.sort_order, created_at = excluded.created_at;
insert into public.addition_catalog (id, supply_id, format_id, name, price, grams, is_active, sort_order, created_at) values ('21e26940-c726-403e-8b8d-2f79a1d4856a', '00000000-0000-0000-0002-000000000020', '212caae0-0f84-41f8-a518-f13cd735f657', 'Extra Maicitos', '1000', '40', 'true', '9', '2026-04-11 18:52:20.762681+00') on conflict (id) do update set supply_id = excluded.supply_id, format_id = excluded.format_id, name = excluded.name, price = excluded.price, grams = excluded.grams, is_active = excluded.is_active, sort_order = excluded.sort_order, created_at = excluded.created_at;
insert into public.addition_catalog (id, supply_id, format_id, name, price, grams, is_active, sort_order, created_at) values ('2247c0c4-0e0a-4be4-841d-64540dfb84e3', '00000000-0000-0000-0002-000000000006', 'b310e1df-0de1-4da6-bd95-eaa7a51f2e81', 'Extra Piña', '1500', '53', 'true', '7', '2026-04-11 18:52:20.762681+00') on conflict (id) do update set supply_id = excluded.supply_id, format_id = excluded.format_id, name = excluded.name, price = excluded.price, grams = excluded.grams, is_active = excluded.is_active, sort_order = excluded.sort_order, created_at = excluded.created_at;
insert into public.addition_catalog (id, supply_id, format_id, name, price, grams, is_active, sort_order, created_at) values ('22561173-2830-4ab5-ae05-218535b3a614', '00000000-0000-0000-0002-000000000028', '389a4673-a142-4fab-a2c4-76f2a042295f', 'Extra Atún', '2000', '25', 'true', '21', '2026-04-11 18:52:20.762681+00') on conflict (id) do update set supply_id = excluded.supply_id, format_id = excluded.format_id, name = excluded.name, price = excluded.price, grams = excluded.grams, is_active = excluded.is_active, sort_order = excluded.sort_order, created_at = excluded.created_at;
insert into public.addition_catalog (id, supply_id, format_id, name, price, grams, is_active, sort_order, created_at) values ('22aef664-2ef3-43cb-bb00-694cb8bbd193', '00000000-0000-0000-0002-000000000017', '9c33e49b-7ad8-47d7-83d0-a1ec7fedf439', 'Extra Salsa de Jalapeño', '1000', '50', 'true', '17', '2026-04-11 18:52:20.762681+00') on conflict (id) do update set supply_id = excluded.supply_id, format_id = excluded.format_id, name = excluded.name, price = excluded.price, grams = excluded.grams, is_active = excluded.is_active, sort_order = excluded.sort_order, created_at = excluded.created_at;
insert into public.addition_catalog (id, supply_id, format_id, name, price, grams, is_active, sort_order, created_at) values ('22b6962b-8e80-4f2b-820e-85f5781a8566', '00000000-0000-0000-0002-000000000023', '978b6152-47de-48f3-a7de-8a75d1902deb', 'Extra Tomate Pico de Gallo', '1000', '42', 'true', '13', '2026-04-11 18:52:20.762681+00') on conflict (id) do update set supply_id = excluded.supply_id, format_id = excluded.format_id, name = excluded.name, price = excluded.price, grams = excluded.grams, is_active = excluded.is_active, sort_order = excluded.sort_order, created_at = excluded.created_at;
insert into public.addition_catalog (id, supply_id, format_id, name, price, grams, is_active, sort_order, created_at) values ('234816de-b812-4520-a124-a9d0ad1aaf4a', '00000000-0000-0000-0002-000000000003', '4933cc6f-1e05-487c-b4f7-428418382302', 'Extra Salsa Napolitana', '1000', '50', 'true', '2', '2026-04-11 18:52:20.762681+00') on conflict (id) do update set supply_id = excluded.supply_id, format_id = excluded.format_id, name = excluded.name, price = excluded.price, grams = excluded.grams, is_active = excluded.is_active, sort_order = excluded.sort_order, created_at = excluded.created_at;
insert into public.addition_catalog (id, supply_id, format_id, name, price, grams, is_active, sort_order, created_at) values ('23e1dd7f-00b1-4bd2-b931-1f076610f3e0', '00000000-0000-0000-0002-000000000012', '978b6152-47de-48f3-a7de-8a75d1902deb', 'Extra Carne Molida', '2000', '25', 'true', '12', '2026-04-11 18:52:20.762681+00') on conflict (id) do update set supply_id = excluded.supply_id, format_id = excluded.format_id, name = excluded.name, price = excluded.price, grams = excluded.grams, is_active = excluded.is_active, sort_order = excluded.sort_order, created_at = excluded.created_at;
insert into public.addition_catalog (id, supply_id, format_id, name, price, grams, is_active, sort_order, created_at) values ('23e993a9-057a-4405-8206-3bcdd3f6c1aa', '00000000-0000-0000-0002-000000000025', '3051d941-3c79-4311-8efa-779fd715b540', 'Extra Salsa de Ajo', '1000', '10', 'true', '16', '2026-04-11 18:52:20.762681+00') on conflict (id) do update set supply_id = excluded.supply_id, format_id = excluded.format_id, name = excluded.name, price = excluded.price, grams = excluded.grams, is_active = excluded.is_active, sort_order = excluded.sort_order, created_at = excluded.created_at;
insert into public.addition_catalog (id, supply_id, format_id, name, price, grams, is_active, sort_order, created_at) values ('259547e5-319a-449a-9e2f-5bc46777ae3e', '00000000-0000-0000-0002-000000000012', '54edbdeb-313e-4985-867a-8af3a687d9b1', 'Extra Carne Molida', '2000', '25', 'true', '12', '2026-04-11 18:52:20.762681+00') on conflict (id) do update set supply_id = excluded.supply_id, format_id = excluded.format_id, name = excluded.name, price = excluded.price, grams = excluded.grams, is_active = excluded.is_active, sort_order = excluded.sort_order, created_at = excluded.created_at;
insert into public.addition_catalog (id, supply_id, format_id, name, price, grams, is_active, sort_order, created_at) values ('25a26a88-abf7-4514-b66d-410b7e178864', '00000000-0000-0000-0002-000000000008', '782942e1-c2f9-4074-8fc0-bcca7a237bdc', 'Extra Pechuga', '2000', '13', 'true', '4', '2026-04-11 18:52:20.762681+00') on conflict (id) do update set supply_id = excluded.supply_id, format_id = excluded.format_id, name = excluded.name, price = excluded.price, grams = excluded.grams, is_active = excluded.is_active, sort_order = excluded.sort_order, created_at = excluded.created_at;
insert into public.addition_catalog (id, supply_id, format_id, name, price, grams, is_active, sort_order, created_at) values ('25c6f162-6f2f-411c-b363-c82db6f98fc2', '00000000-0000-0000-0002-000000000026', '66cd2881-b7dc-4043-b3ad-d781a1fdd423', 'Extra Miel Picante', '1000', '50', 'true', '19', '2026-04-11 18:52:20.762681+00') on conflict (id) do update set supply_id = excluded.supply_id, format_id = excluded.format_id, name = excluded.name, price = excluded.price, grams = excluded.grams, is_active = excluded.is_active, sort_order = excluded.sort_order, created_at = excluded.created_at;
insert into public.addition_catalog (id, supply_id, format_id, name, price, grams, is_active, sort_order, created_at) values ('25d70e24-a224-4105-914c-e0d2aa8f1a13', '00000000-0000-0000-0002-000000000009', '5c085f0f-2965-428e-b2e8-8a43dbb1bea6', 'Extra Champiñones', '2000', '31', 'true', '8', '2026-04-11 18:52:20.762681+00') on conflict (id) do update set supply_id = excluded.supply_id, format_id = excluded.format_id, name = excluded.name, price = excluded.price, grams = excluded.grams, is_active = excluded.is_active, sort_order = excluded.sort_order, created_at = excluded.created_at;
insert into public.addition_catalog (id, supply_id, format_id, name, price, grams, is_active, sort_order, created_at) values ('25e7ab1e-da76-4bc0-8a9c-7c7f8e506db7', '00000000-0000-0000-0002-000000000013', '3051d941-3c79-4311-8efa-779fd715b540', 'Extra Guacamole', '1000', '42', 'true', '15', '2026-04-11 18:52:20.762681+00') on conflict (id) do update set supply_id = excluded.supply_id, format_id = excluded.format_id, name = excluded.name, price = excluded.price, grams = excluded.grams, is_active = excluded.is_active, sort_order = excluded.sort_order, created_at = excluded.created_at;
insert into public.addition_catalog (id, supply_id, format_id, name, price, grams, is_active, sort_order, created_at) values ('25ead7e2-97ca-4d1f-98e3-46a53ccff4e7', '00000000-0000-0000-0002-000000000005', '4933cc6f-1e05-487c-b4f7-428418382302', 'Extra Tocineta', '2000', '31', 'true', '5', '2026-04-11 18:52:20.762681+00') on conflict (id) do update set supply_id = excluded.supply_id, format_id = excluded.format_id, name = excluded.name, price = excluded.price, grams = excluded.grams, is_active = excluded.is_active, sort_order = excluded.sort_order, created_at = excluded.created_at;
insert into public.addition_catalog (id, supply_id, format_id, name, price, grams, is_active, sort_order, created_at) values ('2626c3d5-a675-4209-9b70-b5b8dfe471c8', '00000000-0000-0000-0002-000000000002', 'f9590eb3-f443-49bd-b4e4-7f83a9949a78', 'Extra Queso', '2000', '39', 'true', '1', '2026-04-11 18:52:20.762681+00') on conflict (id) do update set supply_id = excluded.supply_id, format_id = excluded.format_id, name = excluded.name, price = excluded.price, grams = excluded.grams, is_active = excluded.is_active, sort_order = excluded.sort_order, created_at = excluded.created_at;
insert into public.addition_catalog (id, supply_id, format_id, name, price, grams, is_active, sort_order, created_at) values ('2629b8c8-b22a-495f-b7f0-12f0a52bbb79', '00000000-0000-0000-0002-000000000024', '05868d23-5264-444e-8173-0eb52bdf968a', 'Extra Pimentón Cebolla Cilantro', '1000', '42', 'true', '14', '2026-04-11 18:52:20.762681+00') on conflict (id) do update set supply_id = excluded.supply_id, format_id = excluded.format_id, name = excluded.name, price = excluded.price, grams = excluded.grams, is_active = excluded.is_active, sort_order = excluded.sort_order, created_at = excluded.created_at;
insert into public.addition_catalog (id, supply_id, format_id, name, price, grams, is_active, sort_order, created_at) values ('266c0c29-d2bc-406e-ad7c-b00d45936690', '00000000-0000-0000-0002-000000000005', '9c33e49b-7ad8-47d7-83d0-a1ec7fedf439', 'Extra Tocineta', '2000', '31', 'true', '5', '2026-04-11 18:52:20.762681+00') on conflict (id) do update set supply_id = excluded.supply_id, format_id = excluded.format_id, name = excluded.name, price = excluded.price, grams = excluded.grams, is_active = excluded.is_active, sort_order = excluded.sort_order, created_at = excluded.created_at;
insert into public.addition_catalog (id, supply_id, format_id, name, price, grams, is_active, sort_order, created_at) values ('269a159b-a28f-44d5-b039-8bfa06bcfbca', '00000000-0000-0000-0002-000000000022', '894a1675-8ad8-4417-8b64-596102577cb7', 'Extra Aceitunas', '2000', '19', 'true', '11', '2026-04-11 18:52:20.762681+00') on conflict (id) do update set supply_id = excluded.supply_id, format_id = excluded.format_id, name = excluded.name, price = excluded.price, grams = excluded.grams, is_active = excluded.is_active, sort_order = excluded.sort_order, created_at = excluded.created_at;
insert into public.addition_catalog (id, supply_id, format_id, name, price, grams, is_active, sort_order, created_at) values ('26d8f592-f403-4848-bc35-745c869c7fef', '00000000-0000-0000-0002-000000000026', '389a4673-a142-4fab-a2c4-76f2a042295f', 'Extra Miel Picante', '1000', '50', 'true', '19', '2026-04-11 18:52:20.762681+00') on conflict (id) do update set supply_id = excluded.supply_id, format_id = excluded.format_id, name = excluded.name, price = excluded.price, grams = excluded.grams, is_active = excluded.is_active, sort_order = excluded.sort_order, created_at = excluded.created_at;
insert into public.addition_catalog (id, supply_id, format_id, name, price, grams, is_active, sort_order, created_at) values ('26e1cd0d-ab01-4d64-9dd3-a4db5c7ad928', '00000000-0000-0000-0002-000000000028', '3b521025-1970-4f7b-9415-eb76bd12753e', 'Extra Atún', '2000', '25', 'true', '21', '2026-04-11 18:52:20.762681+00') on conflict (id) do update set supply_id = excluded.supply_id, format_id = excluded.format_id, name = excluded.name, price = excluded.price, grams = excluded.grams, is_active = excluded.is_active, sort_order = excluded.sort_order, created_at = excluded.created_at;
insert into public.addition_catalog (id, supply_id, format_id, name, price, grams, is_active, sort_order, created_at) values ('272641a2-18b5-4350-a74f-e4d30528ea75', '00000000-0000-0000-0002-000000000012', '3051d941-3c79-4311-8efa-779fd715b540', 'Extra Carne Molida', '2000', '25', 'true', '12', '2026-04-11 18:52:20.762681+00') on conflict (id) do update set supply_id = excluded.supply_id, format_id = excluded.format_id, name = excluded.name, price = excluded.price, grams = excluded.grams, is_active = excluded.is_active, sort_order = excluded.sort_order, created_at = excluded.created_at;
insert into public.addition_catalog (id, supply_id, format_id, name, price, grams, is_active, sort_order, created_at) values ('27480d3a-73b7-4b73-a9ab-2bef4fd4eb56', '00000000-0000-0000-0002-000000000012', '50cb994f-c464-4319-8ae0-d9aed00f625c', 'Extra Carne Molida', '2000', '25', 'true', '12', '2026-04-11 18:52:20.762681+00') on conflict (id) do update set supply_id = excluded.supply_id, format_id = excluded.format_id, name = excluded.name, price = excluded.price, grams = excluded.grams, is_active = excluded.is_active, sort_order = excluded.sort_order, created_at = excluded.created_at;
insert into public.addition_catalog (id, supply_id, format_id, name, price, grams, is_active, sort_order, created_at) values ('279518d3-c86f-49de-8353-16a2dffb3780', '00000000-0000-0000-0002-000000000024', '74f3718a-6df1-46a7-8f31-5fe177fffbc5', 'Extra Pimentón Cebolla Cilantro', '1000', '42', 'true', '14', '2026-04-11 18:52:20.762681+00') on conflict (id) do update set supply_id = excluded.supply_id, format_id = excluded.format_id, name = excluded.name, price = excluded.price, grams = excluded.grams, is_active = excluded.is_active, sort_order = excluded.sort_order, created_at = excluded.created_at;
insert into public.addition_catalog (id, supply_id, format_id, name, price, grams, is_active, sort_order, created_at) values ('2845ae33-d251-43ce-bbff-a23acfb1a838', '00000000-0000-0000-0002-000000000020', 'a8bed84e-7890-4c9c-98d9-417bf76e91f5', 'Extra Maicitos', '1000', '40', 'true', '9', '2026-04-11 18:52:20.762681+00') on conflict (id) do update set supply_id = excluded.supply_id, format_id = excluded.format_id, name = excluded.name, price = excluded.price, grams = excluded.grams, is_active = excluded.is_active, sort_order = excluded.sort_order, created_at = excluded.created_at;
insert into public.addition_catalog (id, supply_id, format_id, name, price, grams, is_active, sort_order, created_at) values ('28ca1a5f-1195-4ce2-9c16-0735f1e2804d', '00000000-0000-0000-0002-000000000023', '52daf59d-2fa1-4675-8657-6767a602d676', 'Extra Tomate Pico de Gallo', '1000', '42', 'true', '13', '2026-04-11 18:52:20.762681+00') on conflict (id) do update set supply_id = excluded.supply_id, format_id = excluded.format_id, name = excluded.name, price = excluded.price, grams = excluded.grams, is_active = excluded.is_active, sort_order = excluded.sort_order, created_at = excluded.created_at;
insert into public.addition_catalog (id, supply_id, format_id, name, price, grams, is_active, sort_order, created_at) values ('28ea025e-a8df-43fe-9573-69c754e32fb1', '00000000-0000-0000-0002-000000000020', '50cb994f-c464-4319-8ae0-d9aed00f625c', 'Extra Maicitos', '1000', '40', 'true', '9', '2026-04-11 18:52:20.762681+00') on conflict (id) do update set supply_id = excluded.supply_id, format_id = excluded.format_id, name = excluded.name, price = excluded.price, grams = excluded.grams, is_active = excluded.is_active, sort_order = excluded.sort_order, created_at = excluded.created_at;
insert into public.addition_catalog (id, supply_id, format_id, name, price, grams, is_active, sort_order, created_at) values ('296f6efe-efeb-491d-8f26-8897faf661b1', '00000000-0000-0000-0002-000000000007', 'fe406ea2-32b4-4e14-af2a-49e9887e51f8', 'Extra Pepperoni', '2000', '31', 'true', '6', '2026-04-11 18:52:20.762681+00') on conflict (id) do update set supply_id = excluded.supply_id, format_id = excluded.format_id, name = excluded.name, price = excluded.price, grams = excluded.grams, is_active = excluded.is_active, sort_order = excluded.sort_order, created_at = excluded.created_at;
insert into public.addition_catalog (id, supply_id, format_id, name, price, grams, is_active, sort_order, created_at) values ('299f64a0-38f1-4e5c-91e7-6bb326657f13', '00000000-0000-0000-0002-000000000024', '54edbdeb-313e-4985-867a-8af3a687d9b1', 'Extra Pimentón Cebolla Cilantro', '1000', '42', 'true', '14', '2026-04-11 18:52:20.762681+00') on conflict (id) do update set supply_id = excluded.supply_id, format_id = excluded.format_id, name = excluded.name, price = excluded.price, grams = excluded.grams, is_active = excluded.is_active, sort_order = excluded.sort_order, created_at = excluded.created_at;
insert into public.addition_catalog (id, supply_id, format_id, name, price, grams, is_active, sort_order, created_at) values ('29b7a677-c7ad-41c0-aec2-432c47e15f14', '00000000-0000-0000-0002-000000000004', '66cd2881-b7dc-4043-b3ad-d781a1fdd423', 'Extra Jamón', '2000', '17', 'true', '3', '2026-04-11 18:52:20.762681+00') on conflict (id) do update set supply_id = excluded.supply_id, format_id = excluded.format_id, name = excluded.name, price = excluded.price, grams = excluded.grams, is_active = excluded.is_active, sort_order = excluded.sort_order, created_at = excluded.created_at;
insert into public.addition_catalog (id, supply_id, format_id, name, price, grams, is_active, sort_order, created_at) values ('29c762f0-d1b8-4f83-8f87-0d57963ad59a', '00000000-0000-0000-0002-000000000005', 'd77153ba-ed83-4662-88ca-8279a5541e96', 'Extra Tocineta', '2000', '31', 'true', '5', '2026-04-11 18:52:20.762681+00') on conflict (id) do update set supply_id = excluded.supply_id, format_id = excluded.format_id, name = excluded.name, price = excluded.price, grams = excluded.grams, is_active = excluded.is_active, sort_order = excluded.sort_order, created_at = excluded.created_at;
insert into public.addition_catalog (id, supply_id, format_id, name, price, grams, is_active, sort_order, created_at) values ('29d0ce37-9cfa-44bd-8bb6-9879880ca22a', '00000000-0000-0000-0002-000000000005', 'f9590eb3-f443-49bd-b4e4-7f83a9949a78', 'Extra Tocineta', '2000', '31', 'true', '5', '2026-04-11 18:52:20.762681+00') on conflict (id) do update set supply_id = excluded.supply_id, format_id = excluded.format_id, name = excluded.name, price = excluded.price, grams = excluded.grams, is_active = excluded.is_active, sort_order = excluded.sort_order, created_at = excluded.created_at;
insert into public.addition_catalog (id, supply_id, format_id, name, price, grams, is_active, sort_order, created_at) values ('29e63551-c2c6-4b9e-a97d-66ffb1298595', '00000000-0000-0000-0002-000000000028', '50cb994f-c464-4319-8ae0-d9aed00f625c', 'Extra Atún', '2000', '25', 'true', '21', '2026-04-11 18:52:20.762681+00') on conflict (id) do update set supply_id = excluded.supply_id, format_id = excluded.format_id, name = excluded.name, price = excluded.price, grams = excluded.grams, is_active = excluded.is_active, sort_order = excluded.sort_order, created_at = excluded.created_at;
insert into public.addition_catalog (id, supply_id, format_id, name, price, grams, is_active, sort_order, created_at) values ('2a568090-9c97-439a-bd7e-b23bca29a5a7', '00000000-0000-0000-0002-000000000026', '731472ff-a486-4443-8179-435b653ecd36', 'Extra Miel Picante', '1000', '50', 'true', '19', '2026-04-11 18:52:20.762681+00') on conflict (id) do update set supply_id = excluded.supply_id, format_id = excluded.format_id, name = excluded.name, price = excluded.price, grams = excluded.grams, is_active = excluded.is_active, sort_order = excluded.sort_order, created_at = excluded.created_at;
insert into public.addition_catalog (id, supply_id, format_id, name, price, grams, is_active, sort_order, created_at) values ('2ab4f902-b625-4121-af89-04a73a2cc95a', '00000000-0000-0000-0002-000000000013', 'c70aef5b-f3d6-4879-8c7d-109d647891df', 'Extra Guacamole', '1000', '42', 'true', '15', '2026-04-11 18:52:20.762681+00') on conflict (id) do update set supply_id = excluded.supply_id, format_id = excluded.format_id, name = excluded.name, price = excluded.price, grams = excluded.grams, is_active = excluded.is_active, sort_order = excluded.sort_order, created_at = excluded.created_at;
insert into public.addition_catalog (id, supply_id, format_id, name, price, grams, is_active, sort_order, created_at) values ('2b3b248b-317e-43f1-9f95-98ba856b780d', '00000000-0000-0000-0002-000000000012', '15a846b4-1b7b-44cb-9f26-b00271901739', 'Extra Carne Molida', '2000', '25', 'true', '12', '2026-04-11 18:52:20.762681+00') on conflict (id) do update set supply_id = excluded.supply_id, format_id = excluded.format_id, name = excluded.name, price = excluded.price, grams = excluded.grams, is_active = excluded.is_active, sort_order = excluded.sort_order, created_at = excluded.created_at;
insert into public.addition_catalog (id, supply_id, format_id, name, price, grams, is_active, sort_order, created_at) values ('2b8e1937-829a-4d85-bba8-43e97d1187d1', '00000000-0000-0000-0002-000000000007', '54edbdeb-313e-4985-867a-8af3a687d9b1', 'Extra Pepperoni', '2000', '31', 'true', '6', '2026-04-11 18:52:20.762681+00') on conflict (id) do update set supply_id = excluded.supply_id, format_id = excluded.format_id, name = excluded.name, price = excluded.price, grams = excluded.grams, is_active = excluded.is_active, sort_order = excluded.sort_order, created_at = excluded.created_at;
insert into public.addition_catalog (id, supply_id, format_id, name, price, grams, is_active, sort_order, created_at) values ('2bbab3ed-1c96-4482-8b7e-7a8e5714e650', '00000000-0000-0000-0002-000000000020', '894a1675-8ad8-4417-8b64-596102577cb7', 'Extra Maicitos', '1000', '40', 'true', '9', '2026-04-11 18:52:20.762681+00') on conflict (id) do update set supply_id = excluded.supply_id, format_id = excluded.format_id, name = excluded.name, price = excluded.price, grams = excluded.grams, is_active = excluded.is_active, sort_order = excluded.sort_order, created_at = excluded.created_at;
insert into public.addition_catalog (id, supply_id, format_id, name, price, grams, is_active, sort_order, created_at) values ('2bc24063-58fa-47ec-88c6-56907c3fceff', '00000000-0000-0000-0002-000000000024', '4933cc6f-1e05-487c-b4f7-428418382302', 'Extra Pimentón Cebolla Cilantro', '1000', '42', 'true', '14', '2026-04-11 18:52:20.762681+00') on conflict (id) do update set supply_id = excluded.supply_id, format_id = excluded.format_id, name = excluded.name, price = excluded.price, grams = excluded.grams, is_active = excluded.is_active, sort_order = excluded.sort_order, created_at = excluded.created_at;
insert into public.addition_catalog (id, supply_id, format_id, name, price, grams, is_active, sort_order, created_at) values ('2bf6879e-513b-4250-ae58-baca40d986bf', '00000000-0000-0000-0002-000000000028', 'd77153ba-ed83-4662-88ca-8279a5541e96', 'Extra Atún', '2000', '25', 'true', '21', '2026-04-11 18:52:20.762681+00') on conflict (id) do update set supply_id = excluded.supply_id, format_id = excluded.format_id, name = excluded.name, price = excluded.price, grams = excluded.grams, is_active = excluded.is_active, sort_order = excluded.sort_order, created_at = excluded.created_at;
insert into public.addition_catalog (id, supply_id, format_id, name, price, grams, is_active, sort_order, created_at) values ('2c3fb781-96bf-447d-9370-9dab3ecd86a9', '00000000-0000-0000-0002-000000000027', '66cd2881-b7dc-4043-b3ad-d781a1fdd423', 'Extra Pimienta Cayena', '1000', '50', 'true', '20', '2026-04-11 18:52:20.762681+00') on conflict (id) do update set supply_id = excluded.supply_id, format_id = excluded.format_id, name = excluded.name, price = excluded.price, grams = excluded.grams, is_active = excluded.is_active, sort_order = excluded.sort_order, created_at = excluded.created_at;
insert into public.addition_catalog (id, supply_id, format_id, name, price, grams, is_active, sort_order, created_at) values ('2c6734f8-a911-4569-bc63-f3fa61e92438', '00000000-0000-0000-0002-000000000003', 'c70aef5b-f3d6-4879-8c7d-109d647891df', 'Extra Salsa Napolitana', '1000', '50', 'true', '2', '2026-04-11 18:52:20.762681+00') on conflict (id) do update set supply_id = excluded.supply_id, format_id = excluded.format_id, name = excluded.name, price = excluded.price, grams = excluded.grams, is_active = excluded.is_active, sort_order = excluded.sort_order, created_at = excluded.created_at;
insert into public.addition_catalog (id, supply_id, format_id, name, price, grams, is_active, sort_order, created_at) values ('2cf5f22f-eda2-448c-8d30-899975c0bf2e', '00000000-0000-0000-0002-000000000003', '782942e1-c2f9-4074-8fc0-bcca7a237bdc', 'Extra Salsa Napolitana', '1000', '50', 'true', '2', '2026-04-11 18:52:20.762681+00') on conflict (id) do update set supply_id = excluded.supply_id, format_id = excluded.format_id, name = excluded.name, price = excluded.price, grams = excluded.grams, is_active = excluded.is_active, sort_order = excluded.sort_order, created_at = excluded.created_at;
insert into public.addition_catalog (id, supply_id, format_id, name, price, grams, is_active, sort_order, created_at) values ('2cf9286b-0924-47ba-85eb-63144dc4416c', '00000000-0000-0000-0002-000000000028', 'f9590eb3-f443-49bd-b4e4-7f83a9949a78', 'Extra Atún', '2000', '25', 'true', '21', '2026-04-11 18:52:20.762681+00') on conflict (id) do update set supply_id = excluded.supply_id, format_id = excluded.format_id, name = excluded.name, price = excluded.price, grams = excluded.grams, is_active = excluded.is_active, sort_order = excluded.sort_order, created_at = excluded.created_at;
insert into public.addition_catalog (id, supply_id, format_id, name, price, grams, is_active, sort_order, created_at) values ('2d651df5-580d-42cc-9733-1af584fad2b5', '00000000-0000-0000-0002-000000000004', '5c085f0f-2965-428e-b2e8-8a43dbb1bea6', 'Extra Jamón', '2000', '17', 'true', '3', '2026-04-11 18:52:20.762681+00') on conflict (id) do update set supply_id = excluded.supply_id, format_id = excluded.format_id, name = excluded.name, price = excluded.price, grams = excluded.grams, is_active = excluded.is_active, sort_order = excluded.sort_order, created_at = excluded.created_at;
insert into public.addition_catalog (id, supply_id, format_id, name, price, grams, is_active, sort_order, created_at) values ('2da97c9e-5ec3-4513-aec7-875d79716a25', '00000000-0000-0000-0002-000000000004', '9c33e49b-7ad8-47d7-83d0-a1ec7fedf439', 'Extra Jamón', '2000', '17', 'true', '3', '2026-04-11 18:52:20.762681+00') on conflict (id) do update set supply_id = excluded.supply_id, format_id = excluded.format_id, name = excluded.name, price = excluded.price, grams = excluded.grams, is_active = excluded.is_active, sort_order = excluded.sort_order, created_at = excluded.created_at;
insert into public.addition_catalog (id, supply_id, format_id, name, price, grams, is_active, sort_order, created_at) values ('2dd0d788-18b1-4d40-b41e-79fb6d413ce6', '00000000-0000-0000-0002-000000000016', '15a846b4-1b7b-44cb-9f26-b00271901739', 'Extra Salsa de Albahaca', '1000', '50', 'true', '18', '2026-04-11 18:52:20.762681+00') on conflict (id) do update set supply_id = excluded.supply_id, format_id = excluded.format_id, name = excluded.name, price = excluded.price, grams = excluded.grams, is_active = excluded.is_active, sort_order = excluded.sort_order, created_at = excluded.created_at;
insert into public.addition_catalog (id, supply_id, format_id, name, price, grams, is_active, sort_order, created_at) values ('2e5362fd-493d-4e3d-acb0-308f45c774b3', '00000000-0000-0000-0002-000000000022', '9c33e49b-7ad8-47d7-83d0-a1ec7fedf439', 'Extra Aceitunas', '2000', '19', 'true', '11', '2026-04-11 18:52:20.762681+00') on conflict (id) do update set supply_id = excluded.supply_id, format_id = excluded.format_id, name = excluded.name, price = excluded.price, grams = excluded.grams, is_active = excluded.is_active, sort_order = excluded.sort_order, created_at = excluded.created_at;
insert into public.addition_catalog (id, supply_id, format_id, name, price, grams, is_active, sort_order, created_at) values ('2f064359-e93c-4cc6-a380-ab7705f1b799', '00000000-0000-0000-0002-000000000006', '978b6152-47de-48f3-a7de-8a75d1902deb', 'Extra Piña', '1000', '27', 'true', '7', '2026-04-11 18:52:20.762681+00') on conflict (id) do update set supply_id = excluded.supply_id, format_id = excluded.format_id, name = excluded.name, price = excluded.price, grams = excluded.grams, is_active = excluded.is_active, sort_order = excluded.sort_order, created_at = excluded.created_at;
insert into public.addition_catalog (id, supply_id, format_id, name, price, grams, is_active, sort_order, created_at) values ('2f0706d8-5972-430f-9977-a7948bf9602e', '00000000-0000-0000-0002-000000000008', '05868d23-5264-444e-8173-0eb52bdf968a', 'Extra Pechuga', '2000', '13', 'true', '4', '2026-04-11 18:52:20.762681+00') on conflict (id) do update set supply_id = excluded.supply_id, format_id = excluded.format_id, name = excluded.name, price = excluded.price, grams = excluded.grams, is_active = excluded.is_active, sort_order = excluded.sort_order, created_at = excluded.created_at;
insert into public.addition_catalog (id, supply_id, format_id, name, price, grams, is_active, sort_order, created_at) values ('2f6c4a1d-91d0-4354-94ee-eef25510984b', '00000000-0000-0000-0002-000000000017', '4245975d-205b-4b2d-a32a-118799ff653a', 'Extra Salsa de Jalapeño', '1000', '50', 'true', '17', '2026-04-11 18:52:20.762681+00') on conflict (id) do update set supply_id = excluded.supply_id, format_id = excluded.format_id, name = excluded.name, price = excluded.price, grams = excluded.grams, is_active = excluded.is_active, sort_order = excluded.sort_order, created_at = excluded.created_at;
insert into public.addition_catalog (id, supply_id, format_id, name, price, grams, is_active, sort_order, created_at) values ('300f8c5d-7ec9-4037-90aa-f2986fbf31cb', '00000000-0000-0000-0002-000000000006', '7ccb56fa-c8b4-42b5-bea8-8618145f4ccb', 'Extra Piña', '1000', '27', 'true', '7', '2026-04-11 18:52:20.762681+00') on conflict (id) do update set supply_id = excluded.supply_id, format_id = excluded.format_id, name = excluded.name, price = excluded.price, grams = excluded.grams, is_active = excluded.is_active, sort_order = excluded.sort_order, created_at = excluded.created_at;
insert into public.addition_catalog (id, supply_id, format_id, name, price, grams, is_active, sort_order, created_at) values ('302ccbfe-7189-48d9-8f64-335b4aa88d65', '00000000-0000-0000-0002-000000000012', '7ccb56fa-c8b4-42b5-bea8-8618145f4ccb', 'Extra Carne Molida', '2000', '25', 'true', '12', '2026-04-11 18:52:20.762681+00') on conflict (id) do update set supply_id = excluded.supply_id, format_id = excluded.format_id, name = excluded.name, price = excluded.price, grams = excluded.grams, is_active = excluded.is_active, sort_order = excluded.sort_order, created_at = excluded.created_at;
insert into public.addition_catalog (id, supply_id, format_id, name, price, grams, is_active, sort_order, created_at) values ('303a89e5-0909-4492-b6d9-acf16cb42968', '00000000-0000-0000-0002-000000000024', '7bf4336c-59d6-4221-a0b1-910211e1e031', 'Extra Pimentón Cebolla Cilantro', '1000', '42', 'true', '14', '2026-04-11 18:52:20.762681+00') on conflict (id) do update set supply_id = excluded.supply_id, format_id = excluded.format_id, name = excluded.name, price = excluded.price, grams = excluded.grams, is_active = excluded.is_active, sort_order = excluded.sort_order, created_at = excluded.created_at;
insert into public.addition_catalog (id, supply_id, format_id, name, price, grams, is_active, sort_order, created_at) values ('305f4137-99cb-4234-96e4-aa045d2506dc', '00000000-0000-0000-0002-000000000007', '9c724ed2-5154-4793-9f2f-20a6b30956a5', 'Extra Pepperoni', '2000', '31', 'true', '6', '2026-04-11 18:52:20.762681+00') on conflict (id) do update set supply_id = excluded.supply_id, format_id = excluded.format_id, name = excluded.name, price = excluded.price, grams = excluded.grams, is_active = excluded.is_active, sort_order = excluded.sort_order, created_at = excluded.created_at;
insert into public.addition_catalog (id, supply_id, format_id, name, price, grams, is_active, sort_order, created_at) values ('30c239a2-212d-48c5-ae88-9fd9a02915c7', '00000000-0000-0000-0002-000000000004', '7ccb56fa-c8b4-42b5-bea8-8618145f4ccb', 'Extra Jamón', '2000', '17', 'true', '3', '2026-04-11 18:52:20.762681+00') on conflict (id) do update set supply_id = excluded.supply_id, format_id = excluded.format_id, name = excluded.name, price = excluded.price, grams = excluded.grams, is_active = excluded.is_active, sort_order = excluded.sort_order, created_at = excluded.created_at;
insert into public.addition_catalog (id, supply_id, format_id, name, price, grams, is_active, sort_order, created_at) values ('31257646-1506-4580-bf0a-3804f2fd55f8', '00000000-0000-0000-0002-000000000007', '212caae0-0f84-41f8-a518-f13cd735f657', 'Extra Pepperoni', '2000', '31', 'true', '6', '2026-04-11 18:52:20.762681+00') on conflict (id) do update set supply_id = excluded.supply_id, format_id = excluded.format_id, name = excluded.name, price = excluded.price, grams = excluded.grams, is_active = excluded.is_active, sort_order = excluded.sort_order, created_at = excluded.created_at;
insert into public.addition_catalog (id, supply_id, format_id, name, price, grams, is_active, sort_order, created_at) values ('319b74f0-b1fe-4441-a558-84959b4e3b1c', '00000000-0000-0000-0002-000000000009', '8b9f43b8-126a-41ef-a9e3-37df34edc44b', 'Extra Champiñones', '2000', '31', 'true', '8', '2026-04-11 18:52:20.762681+00') on conflict (id) do update set supply_id = excluded.supply_id, format_id = excluded.format_id, name = excluded.name, price = excluded.price, grams = excluded.grams, is_active = excluded.is_active, sort_order = excluded.sort_order, created_at = excluded.created_at;
insert into public.addition_catalog (id, supply_id, format_id, name, price, grams, is_active, sort_order, created_at) values ('31c7e25f-4d6a-48a9-96ba-b294343f8ef8', '00000000-0000-0000-0002-000000000027', 'a8bed84e-7890-4c9c-98d9-417bf76e91f5', 'Extra Pimienta Cayena', '1000', '50', 'true', '20', '2026-04-11 18:52:20.762681+00') on conflict (id) do update set supply_id = excluded.supply_id, format_id = excluded.format_id, name = excluded.name, price = excluded.price, grams = excluded.grams, is_active = excluded.is_active, sort_order = excluded.sort_order, created_at = excluded.created_at;
insert into public.addition_catalog (id, supply_id, format_id, name, price, grams, is_active, sort_order, created_at) values ('31d93170-1d6d-4d57-bdd9-0bc464798db6', '00000000-0000-0000-0002-000000000021', 'c70aef5b-f3d6-4879-8c7d-109d647891df', 'Extra Jalapeño', '1000', '25', 'true', '10', '2026-04-11 18:52:20.762681+00') on conflict (id) do update set supply_id = excluded.supply_id, format_id = excluded.format_id, name = excluded.name, price = excluded.price, grams = excluded.grams, is_active = excluded.is_active, sort_order = excluded.sort_order, created_at = excluded.created_at;
insert into public.addition_catalog (id, supply_id, format_id, name, price, grams, is_active, sort_order, created_at) values ('320cb9b9-1844-4630-9c48-4ba76f38f232', '00000000-0000-0000-0002-000000000027', '3b521025-1970-4f7b-9415-eb76bd12753e', 'Extra Pimienta Cayena', '1000', '50', 'true', '20', '2026-04-11 18:52:20.762681+00') on conflict (id) do update set supply_id = excluded.supply_id, format_id = excluded.format_id, name = excluded.name, price = excluded.price, grams = excluded.grams, is_active = excluded.is_active, sort_order = excluded.sort_order, created_at = excluded.created_at;
insert into public.addition_catalog (id, supply_id, format_id, name, price, grams, is_active, sort_order, created_at) values ('32b1e719-f6b0-43ca-b440-c41221c27c85', '00000000-0000-0000-0002-000000000009', 'ee4bff3e-cc84-439d-97b5-561d0ade13e3', 'Extra Champiñones', '2000', '31', 'true', '8', '2026-04-11 18:52:20.762681+00') on conflict (id) do update set supply_id = excluded.supply_id, format_id = excluded.format_id, name = excluded.name, price = excluded.price, grams = excluded.grams, is_active = excluded.is_active, sort_order = excluded.sort_order, created_at = excluded.created_at;
insert into public.addition_catalog (id, supply_id, format_id, name, price, grams, is_active, sort_order, created_at) values ('32d8a495-1c19-4b07-a849-92f6b5b1a505', '00000000-0000-0000-0002-000000000020', '5c085f0f-2965-428e-b2e8-8a43dbb1bea6', 'Extra Maicitos', '1000', '40', 'true', '9', '2026-04-11 18:52:20.762681+00') on conflict (id) do update set supply_id = excluded.supply_id, format_id = excluded.format_id, name = excluded.name, price = excluded.price, grams = excluded.grams, is_active = excluded.is_active, sort_order = excluded.sort_order, created_at = excluded.created_at;
insert into public.addition_catalog (id, supply_id, format_id, name, price, grams, is_active, sort_order, created_at) values ('3378db86-df60-4be3-a798-4091f70a06b4', '00000000-0000-0000-0002-000000000004', '8ebd1523-3ac0-4770-98d9-78c584bdcc36', 'Extra Jamón', '2000', '17', 'true', '3', '2026-04-11 18:52:20.762681+00') on conflict (id) do update set supply_id = excluded.supply_id, format_id = excluded.format_id, name = excluded.name, price = excluded.price, grams = excluded.grams, is_active = excluded.is_active, sort_order = excluded.sort_order, created_at = excluded.created_at;
insert into public.addition_catalog (id, supply_id, format_id, name, price, grams, is_active, sort_order, created_at) values ('346b70dc-678f-481e-b0f9-f060086a67b9', '00000000-0000-0000-0002-000000000013', '52daf59d-2fa1-4675-8657-6767a602d676', 'Extra Guacamole', '1000', '42', 'true', '15', '2026-04-11 18:52:20.762681+00') on conflict (id) do update set supply_id = excluded.supply_id, format_id = excluded.format_id, name = excluded.name, price = excluded.price, grams = excluded.grams, is_active = excluded.is_active, sort_order = excluded.sort_order, created_at = excluded.created_at;
insert into public.addition_catalog (id, supply_id, format_id, name, price, grams, is_active, sort_order, created_at) values ('348c0305-fcd9-4491-a7b4-334b6167129b', '00000000-0000-0000-0002-000000000022', 'afabb066-075c-499c-bfb7-81dc30d2c3fe', 'Extra Aceitunas', '2000', '19', 'true', '11', '2026-04-11 18:52:20.762681+00') on conflict (id) do update set supply_id = excluded.supply_id, format_id = excluded.format_id, name = excluded.name, price = excluded.price, grams = excluded.grams, is_active = excluded.is_active, sort_order = excluded.sort_order, created_at = excluded.created_at;
insert into public.addition_catalog (id, supply_id, format_id, name, price, grams, is_active, sort_order, created_at) values ('34f92848-6365-4521-80a9-f5c1ff4909e4', '00000000-0000-0000-0002-000000000007', 'ee4bff3e-cc84-439d-97b5-561d0ade13e3', 'Extra Pepperoni', '2000', '31', 'true', '6', '2026-04-11 18:52:20.762681+00') on conflict (id) do update set supply_id = excluded.supply_id, format_id = excluded.format_id, name = excluded.name, price = excluded.price, grams = excluded.grams, is_active = excluded.is_active, sort_order = excluded.sort_order, created_at = excluded.created_at;
insert into public.addition_catalog (id, supply_id, format_id, name, price, grams, is_active, sort_order, created_at) values ('3524824d-1084-4773-892c-a7dddbbc65f3', '00000000-0000-0000-0002-000000000023', '462f53bc-a2e4-41a1-917c-f303cc79a91f', 'Extra Tomate Pico de Gallo', '1000', '42', 'true', '13', '2026-04-11 18:52:20.762681+00') on conflict (id) do update set supply_id = excluded.supply_id, format_id = excluded.format_id, name = excluded.name, price = excluded.price, grams = excluded.grams, is_active = excluded.is_active, sort_order = excluded.sort_order, created_at = excluded.created_at;
insert into public.addition_catalog (id, supply_id, format_id, name, price, grams, is_active, sort_order, created_at) values ('355484f8-4c29-49ab-adbe-7aa530d3ddef', '00000000-0000-0000-0002-000000000022', '05868d23-5264-444e-8173-0eb52bdf968a', 'Extra Aceitunas', '2000', '19', 'true', '11', '2026-04-11 18:52:20.762681+00') on conflict (id) do update set supply_id = excluded.supply_id, format_id = excluded.format_id, name = excluded.name, price = excluded.price, grams = excluded.grams, is_active = excluded.is_active, sort_order = excluded.sort_order, created_at = excluded.created_at;
insert into public.addition_catalog (id, supply_id, format_id, name, price, grams, is_active, sort_order, created_at) values ('359a12c6-46d2-43e6-8855-3e78477bb348', '00000000-0000-0000-0002-000000000026', '8ebd1523-3ac0-4770-98d9-78c584bdcc36', 'Extra Miel Picante', '1000', '50', 'true', '19', '2026-04-11 18:52:20.762681+00') on conflict (id) do update set supply_id = excluded.supply_id, format_id = excluded.format_id, name = excluded.name, price = excluded.price, grams = excluded.grams, is_active = excluded.is_active, sort_order = excluded.sort_order, created_at = excluded.created_at;
insert into public.addition_catalog (id, supply_id, format_id, name, price, grams, is_active, sort_order, created_at) values ('35d11c8e-a15e-4dfd-a68b-c27741c52947', '00000000-0000-0000-0002-000000000023', 'f9590eb3-f443-49bd-b4e4-7f83a9949a78', 'Extra Tomate Pico de Gallo', '1000', '42', 'true', '13', '2026-04-11 18:52:20.762681+00') on conflict (id) do update set supply_id = excluded.supply_id, format_id = excluded.format_id, name = excluded.name, price = excluded.price, grams = excluded.grams, is_active = excluded.is_active, sort_order = excluded.sort_order, created_at = excluded.created_at;
insert into public.addition_catalog (id, supply_id, format_id, name, price, grams, is_active, sort_order, created_at) values ('366c753b-2bae-48a1-9477-16e75f26fa7e', '00000000-0000-0000-0002-000000000004', 'd77153ba-ed83-4662-88ca-8279a5541e96', 'Extra Jamón', '2000', '17', 'true', '3', '2026-04-11 18:52:20.762681+00') on conflict (id) do update set supply_id = excluded.supply_id, format_id = excluded.format_id, name = excluded.name, price = excluded.price, grams = excluded.grams, is_active = excluded.is_active, sort_order = excluded.sort_order, created_at = excluded.created_at;
insert into public.addition_catalog (id, supply_id, format_id, name, price, grams, is_active, sort_order, created_at) values ('3698b775-1fbe-4e6c-a4eb-a7c5bd5b697b', '00000000-0000-0000-0002-000000000023', '9c33e49b-7ad8-47d7-83d0-a1ec7fedf439', 'Extra Tomate Pico de Gallo', '1000', '42', 'true', '13', '2026-04-11 18:52:20.762681+00') on conflict (id) do update set supply_id = excluded.supply_id, format_id = excluded.format_id, name = excluded.name, price = excluded.price, grams = excluded.grams, is_active = excluded.is_active, sort_order = excluded.sort_order, created_at = excluded.created_at;
insert into public.addition_catalog (id, supply_id, format_id, name, price, grams, is_active, sort_order, created_at) values ('3768e6bb-c1a0-4fda-9d8f-85088290b13b', '00000000-0000-0000-0002-000000000027', '9c724ed2-5154-4793-9f2f-20a6b30956a5', 'Extra Pimienta Cayena', '1000', '50', 'true', '20', '2026-04-11 18:52:20.762681+00') on conflict (id) do update set supply_id = excluded.supply_id, format_id = excluded.format_id, name = excluded.name, price = excluded.price, grams = excluded.grams, is_active = excluded.is_active, sort_order = excluded.sort_order, created_at = excluded.created_at;
insert into public.addition_catalog (id, supply_id, format_id, name, price, grams, is_active, sort_order, created_at) values ('37d3e6c0-c57d-4358-9795-a56b6ad7df0b', '00000000-0000-0000-0002-000000000008', '212caae0-0f84-41f8-a518-f13cd735f657', 'Extra Pechuga', '2000', '13', 'true', '4', '2026-04-11 18:52:20.762681+00') on conflict (id) do update set supply_id = excluded.supply_id, format_id = excluded.format_id, name = excluded.name, price = excluded.price, grams = excluded.grams, is_active = excluded.is_active, sort_order = excluded.sort_order, created_at = excluded.created_at;
insert into public.addition_catalog (id, supply_id, format_id, name, price, grams, is_active, sort_order, created_at) values ('3802d2f9-5911-4af9-9eb4-f0e151ff5121', '00000000-0000-0000-0002-000000000025', '9c33e49b-7ad8-47d7-83d0-a1ec7fedf439', 'Extra Salsa de Ajo', '1000', '10', 'true', '16', '2026-04-11 18:52:20.762681+00') on conflict (id) do update set supply_id = excluded.supply_id, format_id = excluded.format_id, name = excluded.name, price = excluded.price, grams = excluded.grams, is_active = excluded.is_active, sort_order = excluded.sort_order, created_at = excluded.created_at;
insert into public.addition_catalog (id, supply_id, format_id, name, price, grams, is_active, sort_order, created_at) values ('380316db-8414-472d-bb70-362582304186', '00000000-0000-0000-0002-000000000002', '389a4673-a142-4fab-a2c4-76f2a042295f', 'Extra Queso', '2000', '39', 'true', '1', '2026-04-11 18:52:20.762681+00') on conflict (id) do update set supply_id = excluded.supply_id, format_id = excluded.format_id, name = excluded.name, price = excluded.price, grams = excluded.grams, is_active = excluded.is_active, sort_order = excluded.sort_order, created_at = excluded.created_at;
insert into public.addition_catalog (id, supply_id, format_id, name, price, grams, is_active, sort_order, created_at) values ('3844ceb1-89c9-41ec-86a1-439f5e656459', '00000000-0000-0000-0002-000000000004', '3051d941-3c79-4311-8efa-779fd715b540', 'Extra Jamón', '2000', '17', 'true', '3', '2026-04-11 18:52:20.762681+00') on conflict (id) do update set supply_id = excluded.supply_id, format_id = excluded.format_id, name = excluded.name, price = excluded.price, grams = excluded.grams, is_active = excluded.is_active, sort_order = excluded.sort_order, created_at = excluded.created_at;
insert into public.addition_catalog (id, supply_id, format_id, name, price, grams, is_active, sort_order, created_at) values ('395b0523-1ad2-467d-986c-e4ed1553b671', '00000000-0000-0000-0002-000000000026', '50cb994f-c464-4319-8ae0-d9aed00f625c', 'Extra Miel Picante', '1000', '50', 'true', '19', '2026-04-11 18:52:20.762681+00') on conflict (id) do update set supply_id = excluded.supply_id, format_id = excluded.format_id, name = excluded.name, price = excluded.price, grams = excluded.grams, is_active = excluded.is_active, sort_order = excluded.sort_order, created_at = excluded.created_at;
insert into public.addition_catalog (id, supply_id, format_id, name, price, grams, is_active, sort_order, created_at) values ('395d4010-50e5-4652-b50f-bfca1e0bfa3f', '00000000-0000-0000-0002-000000000017', '7ccb56fa-c8b4-42b5-bea8-8618145f4ccb', 'Extra Salsa de Jalapeño', '1000', '50', 'true', '17', '2026-04-11 18:52:20.762681+00') on conflict (id) do update set supply_id = excluded.supply_id, format_id = excluded.format_id, name = excluded.name, price = excluded.price, grams = excluded.grams, is_active = excluded.is_active, sort_order = excluded.sort_order, created_at = excluded.created_at;
insert into public.addition_catalog (id, supply_id, format_id, name, price, grams, is_active, sort_order, created_at) values ('398d2670-ca54-4962-83d1-fb4acb2be109', '00000000-0000-0000-0002-000000000012', '560273c0-172d-47d3-83b7-2e95be293b29', 'Extra Carne Molida', '2000', '25', 'true', '12', '2026-04-11 18:52:20.762681+00') on conflict (id) do update set supply_id = excluded.supply_id, format_id = excluded.format_id, name = excluded.name, price = excluded.price, grams = excluded.grams, is_active = excluded.is_active, sort_order = excluded.sort_order, created_at = excluded.created_at;
insert into public.addition_catalog (id, supply_id, format_id, name, price, grams, is_active, sort_order, created_at) values ('3a39a539-8b6b-44ba-bb93-607d533fcd2f', '00000000-0000-0000-0002-000000000024', 'fe406ea2-32b4-4e14-af2a-49e9887e51f8', 'Extra Pimentón Cebolla Cilantro', '1000', '42', 'true', '14', '2026-04-11 18:52:20.762681+00') on conflict (id) do update set supply_id = excluded.supply_id, format_id = excluded.format_id, name = excluded.name, price = excluded.price, grams = excluded.grams, is_active = excluded.is_active, sort_order = excluded.sort_order, created_at = excluded.created_at;
insert into public.addition_catalog (id, supply_id, format_id, name, price, grams, is_active, sort_order, created_at) values ('3a76cb35-11d9-4c0a-80c4-783dd2daaa17', '00000000-0000-0000-0002-000000000012', '9c724ed2-5154-4793-9f2f-20a6b30956a5', 'Extra Carne Molida', '2000', '25', 'true', '12', '2026-04-11 18:52:20.762681+00') on conflict (id) do update set supply_id = excluded.supply_id, format_id = excluded.format_id, name = excluded.name, price = excluded.price, grams = excluded.grams, is_active = excluded.is_active, sort_order = excluded.sort_order, created_at = excluded.created_at;
insert into public.addition_catalog (id, supply_id, format_id, name, price, grams, is_active, sort_order, created_at) values ('3a8b9ba8-85f4-4bcf-853a-57486de8409f', '00000000-0000-0000-0002-000000000006', '05868d23-5264-444e-8173-0eb52bdf968a', 'Extra Piña', '1000', '27', 'true', '7', '2026-04-11 18:52:20.762681+00') on conflict (id) do update set supply_id = excluded.supply_id, format_id = excluded.format_id, name = excluded.name, price = excluded.price, grams = excluded.grams, is_active = excluded.is_active, sort_order = excluded.sort_order, created_at = excluded.created_at;
insert into public.addition_catalog (id, supply_id, format_id, name, price, grams, is_active, sort_order, created_at) values ('3b289b65-6ad6-41da-85d2-5807a48c7424', '00000000-0000-0000-0002-000000000004', '560273c0-172d-47d3-83b7-2e95be293b29', 'Extra Jamón', '2000', '17', 'true', '3', '2026-04-11 18:52:20.762681+00') on conflict (id) do update set supply_id = excluded.supply_id, format_id = excluded.format_id, name = excluded.name, price = excluded.price, grams = excluded.grams, is_active = excluded.is_active, sort_order = excluded.sort_order, created_at = excluded.created_at;
insert into public.addition_catalog (id, supply_id, format_id, name, price, grams, is_active, sort_order, created_at) values ('3b7366ea-d31c-4039-8d70-70634c661c4b', '00000000-0000-0000-0002-000000000007', '4245975d-205b-4b2d-a32a-118799ff653a', 'Extra Pepperoni', '2000', '31', 'true', '6', '2026-04-11 18:52:20.762681+00') on conflict (id) do update set supply_id = excluded.supply_id, format_id = excluded.format_id, name = excluded.name, price = excluded.price, grams = excluded.grams, is_active = excluded.is_active, sort_order = excluded.sort_order, created_at = excluded.created_at;
insert into public.addition_catalog (id, supply_id, format_id, name, price, grams, is_active, sort_order, created_at) values ('3c09668a-6c88-4cde-bd11-03a5eb9b7712', '00000000-0000-0000-0002-000000000002', 'fe406ea2-32b4-4e14-af2a-49e9887e51f8', 'Extra Queso', '2000', '39', 'true', '1', '2026-04-11 18:52:20.762681+00') on conflict (id) do update set supply_id = excluded.supply_id, format_id = excluded.format_id, name = excluded.name, price = excluded.price, grams = excluded.grams, is_active = excluded.is_active, sort_order = excluded.sort_order, created_at = excluded.created_at;
insert into public.addition_catalog (id, supply_id, format_id, name, price, grams, is_active, sort_order, created_at) values ('3c2aa1d6-5aef-4cd2-abb0-5c26b23443b3', '00000000-0000-0000-0002-000000000021', 'b310e1df-0de1-4da6-bd95-eaa7a51f2e81', 'Extra Jalapeño', '1500', '50', 'true', '10', '2026-04-11 18:52:20.762681+00') on conflict (id) do update set supply_id = excluded.supply_id, format_id = excluded.format_id, name = excluded.name, price = excluded.price, grams = excluded.grams, is_active = excluded.is_active, sort_order = excluded.sort_order, created_at = excluded.created_at;
insert into public.addition_catalog (id, supply_id, format_id, name, price, grams, is_active, sort_order, created_at) values ('3cf237d7-7d2c-4b7f-9015-00089390801c', '00000000-0000-0000-0002-000000000005', '9c724ed2-5154-4793-9f2f-20a6b30956a5', 'Extra Tocineta', '2000', '31', 'true', '5', '2026-04-11 18:52:20.762681+00') on conflict (id) do update set supply_id = excluded.supply_id, format_id = excluded.format_id, name = excluded.name, price = excluded.price, grams = excluded.grams, is_active = excluded.is_active, sort_order = excluded.sort_order, created_at = excluded.created_at;
insert into public.addition_catalog (id, supply_id, format_id, name, price, grams, is_active, sort_order, created_at) values ('3d785c29-2a6e-4454-8636-4fe603df796d', '00000000-0000-0000-0002-000000000023', '560273c0-172d-47d3-83b7-2e95be293b29', 'Extra Tomate Pico de Gallo', '1000', '42', 'true', '13', '2026-04-11 18:52:20.762681+00') on conflict (id) do update set supply_id = excluded.supply_id, format_id = excluded.format_id, name = excluded.name, price = excluded.price, grams = excluded.grams, is_active = excluded.is_active, sort_order = excluded.sort_order, created_at = excluded.created_at;
insert into public.addition_catalog (id, supply_id, format_id, name, price, grams, is_active, sort_order, created_at) values ('3e26aa69-0e9a-4603-b755-3cb3791c8518', '00000000-0000-0000-0002-000000000016', '50cb994f-c464-4319-8ae0-d9aed00f625c', 'Extra Salsa de Albahaca', '1000', '50', 'true', '18', '2026-04-11 18:52:20.762681+00') on conflict (id) do update set supply_id = excluded.supply_id, format_id = excluded.format_id, name = excluded.name, price = excluded.price, grams = excluded.grams, is_active = excluded.is_active, sort_order = excluded.sort_order, created_at = excluded.created_at;
insert into public.addition_catalog (id, supply_id, format_id, name, price, grams, is_active, sort_order, created_at) values ('3e39424d-49d1-488c-bba5-c6d64ad7d5f7', '00000000-0000-0000-0002-000000000027', '5c085f0f-2965-428e-b2e8-8a43dbb1bea6', 'Extra Pimienta Cayena', '1000', '50', 'true', '20', '2026-04-11 18:52:20.762681+00') on conflict (id) do update set supply_id = excluded.supply_id, format_id = excluded.format_id, name = excluded.name, price = excluded.price, grams = excluded.grams, is_active = excluded.is_active, sort_order = excluded.sort_order, created_at = excluded.created_at;
insert into public.addition_catalog (id, supply_id, format_id, name, price, grams, is_active, sort_order, created_at) values ('3e92e0c9-d68c-4511-8921-698506a08656', '00000000-0000-0000-0002-000000000007', 'd2afd424-0b64-44a7-87cf-33d3ec93f9c3', 'Extra Pepperoni', '2000', '31', 'true', '6', '2026-04-11 18:52:20.762681+00') on conflict (id) do update set supply_id = excluded.supply_id, format_id = excluded.format_id, name = excluded.name, price = excluded.price, grams = excluded.grams, is_active = excluded.is_active, sort_order = excluded.sort_order, created_at = excluded.created_at;
insert into public.addition_catalog (id, supply_id, format_id, name, price, grams, is_active, sort_order, created_at) values ('3f1723f5-0fcc-4ba8-8900-a739d68884a7', '00000000-0000-0000-0002-000000000026', 'a3a99307-2bc9-413c-804d-1b0dda4b4488', 'Extra Miel Picante', '1000', '50', 'true', '19', '2026-04-11 18:52:20.762681+00') on conflict (id) do update set supply_id = excluded.supply_id, format_id = excluded.format_id, name = excluded.name, price = excluded.price, grams = excluded.grams, is_active = excluded.is_active, sort_order = excluded.sort_order, created_at = excluded.created_at;
insert into public.addition_catalog (id, supply_id, format_id, name, price, grams, is_active, sort_order, created_at) values ('3f2c55ae-e763-4ee1-bb3d-f2c32cb8bf0f', '00000000-0000-0000-0002-000000000025', '4933cc6f-1e05-487c-b4f7-428418382302', 'Extra Salsa de Ajo', '1000', '10', 'true', '16', '2026-04-11 18:52:20.762681+00') on conflict (id) do update set supply_id = excluded.supply_id, format_id = excluded.format_id, name = excluded.name, price = excluded.price, grams = excluded.grams, is_active = excluded.is_active, sort_order = excluded.sort_order, created_at = excluded.created_at;
insert into public.addition_catalog (id, supply_id, format_id, name, price, grams, is_active, sort_order, created_at) values ('3f460359-55b1-460c-af88-b87ceef15b1d', '00000000-0000-0000-0002-000000000003', '731472ff-a486-4443-8179-435b653ecd36', 'Extra Salsa Napolitana', '1000', '50', 'true', '2', '2026-04-11 18:52:20.762681+00') on conflict (id) do update set supply_id = excluded.supply_id, format_id = excluded.format_id, name = excluded.name, price = excluded.price, grams = excluded.grams, is_active = excluded.is_active, sort_order = excluded.sort_order, created_at = excluded.created_at;
insert into public.addition_catalog (id, supply_id, format_id, name, price, grams, is_active, sort_order, created_at) values ('3f51ff5d-8c7b-4b16-9fa0-041d82db3752', '00000000-0000-0000-0002-000000000007', '8b9f43b8-126a-41ef-a9e3-37df34edc44b', 'Extra Pepperoni', '2000', '31', 'true', '6', '2026-04-11 18:52:20.762681+00') on conflict (id) do update set supply_id = excluded.supply_id, format_id = excluded.format_id, name = excluded.name, price = excluded.price, grams = excluded.grams, is_active = excluded.is_active, sort_order = excluded.sort_order, created_at = excluded.created_at;
insert into public.addition_catalog (id, supply_id, format_id, name, price, grams, is_active, sort_order, created_at) values ('3f6ccd36-92ab-49eb-bcd0-274695699942', '00000000-0000-0000-0002-000000000003', '978b6152-47de-48f3-a7de-8a75d1902deb', 'Extra Salsa Napolitana', '1000', '50', 'true', '2', '2026-04-11 18:52:20.762681+00') on conflict (id) do update set supply_id = excluded.supply_id, format_id = excluded.format_id, name = excluded.name, price = excluded.price, grams = excluded.grams, is_active = excluded.is_active, sort_order = excluded.sort_order, created_at = excluded.created_at;
insert into public.addition_catalog (id, supply_id, format_id, name, price, grams, is_active, sort_order, created_at) values ('40018f57-617a-4e08-9147-43d1925c37d6', '00000000-0000-0000-0002-000000000023', '3b521025-1970-4f7b-9415-eb76bd12753e', 'Extra Tomate Pico de Gallo', '1000', '42', 'true', '13', '2026-04-11 18:52:20.762681+00') on conflict (id) do update set supply_id = excluded.supply_id, format_id = excluded.format_id, name = excluded.name, price = excluded.price, grams = excluded.grams, is_active = excluded.is_active, sort_order = excluded.sort_order, created_at = excluded.created_at;
insert into public.addition_catalog (id, supply_id, format_id, name, price, grams, is_active, sort_order, created_at) values ('4085387d-5a42-4579-b533-62ad4d130373', '00000000-0000-0000-0002-000000000027', 'f9590eb3-f443-49bd-b4e4-7f83a9949a78', 'Extra Pimienta Cayena', '1000', '50', 'true', '20', '2026-04-11 18:52:20.762681+00') on conflict (id) do update set supply_id = excluded.supply_id, format_id = excluded.format_id, name = excluded.name, price = excluded.price, grams = excluded.grams, is_active = excluded.is_active, sort_order = excluded.sort_order, created_at = excluded.created_at;
insert into public.addition_catalog (id, supply_id, format_id, name, price, grams, is_active, sort_order, created_at) values ('41c5a036-588d-4dc7-b4df-61103196e3d1', '00000000-0000-0000-0002-000000000016', '54edbdeb-313e-4985-867a-8af3a687d9b1', 'Extra Salsa de Albahaca', '1000', '50', 'true', '18', '2026-04-11 18:52:20.762681+00') on conflict (id) do update set supply_id = excluded.supply_id, format_id = excluded.format_id, name = excluded.name, price = excluded.price, grams = excluded.grams, is_active = excluded.is_active, sort_order = excluded.sort_order, created_at = excluded.created_at;
insert into public.addition_catalog (id, supply_id, format_id, name, price, grams, is_active, sort_order, created_at) values ('41c5c969-7960-4a77-822e-16193abb7b56', '00000000-0000-0000-0002-000000000006', '52daf59d-2fa1-4675-8657-6767a602d676', 'Extra Piña', '1000', '27', 'true', '7', '2026-04-11 18:52:20.762681+00') on conflict (id) do update set supply_id = excluded.supply_id, format_id = excluded.format_id, name = excluded.name, price = excluded.price, grams = excluded.grams, is_active = excluded.is_active, sort_order = excluded.sort_order, created_at = excluded.created_at;
insert into public.addition_catalog (id, supply_id, format_id, name, price, grams, is_active, sort_order, created_at) values ('420f7377-ca59-48b3-8240-cb678deec90a', '00000000-0000-0000-0002-000000000013', '7bf4336c-59d6-4221-a0b1-910211e1e031', 'Extra Guacamole', '1000', '42', 'true', '15', '2026-04-11 18:52:20.762681+00') on conflict (id) do update set supply_id = excluded.supply_id, format_id = excluded.format_id, name = excluded.name, price = excluded.price, grams = excluded.grams, is_active = excluded.is_active, sort_order = excluded.sort_order, created_at = excluded.created_at;
insert into public.addition_catalog (id, supply_id, format_id, name, price, grams, is_active, sort_order, created_at) values ('4281938d-984f-492d-b61a-08d1cddc356d', '00000000-0000-0000-0002-000000000002', '731472ff-a486-4443-8179-435b653ecd36', 'Extra Queso', '2000', '39', 'true', '1', '2026-04-11 18:52:20.762681+00') on conflict (id) do update set supply_id = excluded.supply_id, format_id = excluded.format_id, name = excluded.name, price = excluded.price, grams = excluded.grams, is_active = excluded.is_active, sort_order = excluded.sort_order, created_at = excluded.created_at;
insert into public.addition_catalog (id, supply_id, format_id, name, price, grams, is_active, sort_order, created_at) values ('429eb229-2b13-418d-b6ea-3fcda6b76a96', '00000000-0000-0000-0002-000000000016', '560273c0-172d-47d3-83b7-2e95be293b29', 'Extra Salsa de Albahaca', '1000', '50', 'true', '18', '2026-04-11 18:52:20.762681+00') on conflict (id) do update set supply_id = excluded.supply_id, format_id = excluded.format_id, name = excluded.name, price = excluded.price, grams = excluded.grams, is_active = excluded.is_active, sort_order = excluded.sort_order, created_at = excluded.created_at;
insert into public.addition_catalog (id, supply_id, format_id, name, price, grams, is_active, sort_order, created_at) values ('42ed63b6-8532-4931-a341-2b63953b3556', '00000000-0000-0000-0002-000000000020', '8ebd1523-3ac0-4770-98d9-78c584bdcc36', 'Extra Maicitos', '1000', '40', 'true', '9', '2026-04-11 18:52:20.762681+00') on conflict (id) do update set supply_id = excluded.supply_id, format_id = excluded.format_id, name = excluded.name, price = excluded.price, grams = excluded.grams, is_active = excluded.is_active, sort_order = excluded.sort_order, created_at = excluded.created_at;
insert into public.addition_catalog (id, supply_id, format_id, name, price, grams, is_active, sort_order, created_at) values ('4347af54-225d-4aa1-8846-13fc743940a3', '00000000-0000-0000-0002-000000000008', '978b6152-47de-48f3-a7de-8a75d1902deb', 'Extra Pechuga', '2000', '13', 'true', '4', '2026-04-11 18:52:20.762681+00') on conflict (id) do update set supply_id = excluded.supply_id, format_id = excluded.format_id, name = excluded.name, price = excluded.price, grams = excluded.grams, is_active = excluded.is_active, sort_order = excluded.sort_order, created_at = excluded.created_at;
insert into public.addition_catalog (id, supply_id, format_id, name, price, grams, is_active, sort_order, created_at) values ('434873c3-5f99-4045-a814-1a8b1ccd1157', '00000000-0000-0000-0002-000000000003', '3051d941-3c79-4311-8efa-779fd715b540', 'Extra Salsa Napolitana', '1000', '50', 'true', '2', '2026-04-11 18:52:20.762681+00') on conflict (id) do update set supply_id = excluded.supply_id, format_id = excluded.format_id, name = excluded.name, price = excluded.price, grams = excluded.grams, is_active = excluded.is_active, sort_order = excluded.sort_order, created_at = excluded.created_at;
insert into public.addition_catalog (id, supply_id, format_id, name, price, grams, is_active, sort_order, created_at) values ('439c7ef0-a6ae-405a-9dd0-bd872e4505cf', '00000000-0000-0000-0002-000000000012', '389a4673-a142-4fab-a2c4-76f2a042295f', 'Extra Carne Molida', '2000', '25', 'true', '12', '2026-04-11 18:52:20.762681+00') on conflict (id) do update set supply_id = excluded.supply_id, format_id = excluded.format_id, name = excluded.name, price = excluded.price, grams = excluded.grams, is_active = excluded.is_active, sort_order = excluded.sort_order, created_at = excluded.created_at;
insert into public.addition_catalog (id, supply_id, format_id, name, price, grams, is_active, sort_order, created_at) values ('440ef224-2db7-4108-b58c-973f28658c2b', '00000000-0000-0000-0002-000000000023', 'afabb066-075c-499c-bfb7-81dc30d2c3fe', 'Extra Tomate Pico de Gallo', '1000', '42', 'true', '13', '2026-04-11 18:52:20.762681+00') on conflict (id) do update set supply_id = excluded.supply_id, format_id = excluded.format_id, name = excluded.name, price = excluded.price, grams = excluded.grams, is_active = excluded.is_active, sort_order = excluded.sort_order, created_at = excluded.created_at;
insert into public.addition_catalog (id, supply_id, format_id, name, price, grams, is_active, sort_order, created_at) values ('44218921-ee94-4df6-ae0a-66124e1c3040', '00000000-0000-0000-0002-000000000023', '8ebd1523-3ac0-4770-98d9-78c584bdcc36', 'Extra Tomate Pico de Gallo', '1000', '42', 'true', '13', '2026-04-11 18:52:20.762681+00') on conflict (id) do update set supply_id = excluded.supply_id, format_id = excluded.format_id, name = excluded.name, price = excluded.price, grams = excluded.grams, is_active = excluded.is_active, sort_order = excluded.sort_order, created_at = excluded.created_at;
insert into public.addition_catalog (id, supply_id, format_id, name, price, grams, is_active, sort_order, created_at) values ('448e0278-6dc8-4011-af6d-af9c0669bd64', '00000000-0000-0000-0002-000000000012', '731472ff-a486-4443-8179-435b653ecd36', 'Extra Carne Molida', '2000', '25', 'true', '12', '2026-04-11 18:52:20.762681+00') on conflict (id) do update set supply_id = excluded.supply_id, format_id = excluded.format_id, name = excluded.name, price = excluded.price, grams = excluded.grams, is_active = excluded.is_active, sort_order = excluded.sort_order, created_at = excluded.created_at;
insert into public.addition_catalog (id, supply_id, format_id, name, price, grams, is_active, sort_order, created_at) values ('44b11046-2567-4089-9150-2cb9f74603b7', '00000000-0000-0000-0002-000000000016', '389a4673-a142-4fab-a2c4-76f2a042295f', 'Extra Salsa de Albahaca', '1000', '50', 'true', '18', '2026-04-11 18:52:20.762681+00') on conflict (id) do update set supply_id = excluded.supply_id, format_id = excluded.format_id, name = excluded.name, price = excluded.price, grams = excluded.grams, is_active = excluded.is_active, sort_order = excluded.sort_order, created_at = excluded.created_at;
insert into public.addition_catalog (id, supply_id, format_id, name, price, grams, is_active, sort_order, created_at) values ('44e1a597-cbe7-40c1-a906-4de2fd7622a6', '00000000-0000-0000-0002-000000000007', '731472ff-a486-4443-8179-435b653ecd36', 'Extra Pepperoni', '2000', '31', 'true', '6', '2026-04-11 18:52:20.762681+00') on conflict (id) do update set supply_id = excluded.supply_id, format_id = excluded.format_id, name = excluded.name, price = excluded.price, grams = excluded.grams, is_active = excluded.is_active, sort_order = excluded.sort_order, created_at = excluded.created_at;
insert into public.addition_catalog (id, supply_id, format_id, name, price, grams, is_active, sort_order, created_at) values ('44fe779d-8fb0-4f07-ad59-99beab3f5183', '00000000-0000-0000-0002-000000000020', '05868d23-5264-444e-8173-0eb52bdf968a', 'Extra Maicitos', '1000', '40', 'true', '9', '2026-04-11 18:52:20.762681+00') on conflict (id) do update set supply_id = excluded.supply_id, format_id = excluded.format_id, name = excluded.name, price = excluded.price, grams = excluded.grams, is_active = excluded.is_active, sort_order = excluded.sort_order, created_at = excluded.created_at;
insert into public.addition_catalog (id, supply_id, format_id, name, price, grams, is_active, sort_order, created_at) values ('451efe7a-5069-4230-bca5-5e0c3db5441c', '00000000-0000-0000-0002-000000000023', '05868d23-5264-444e-8173-0eb52bdf968a', 'Extra Tomate Pico de Gallo', '1000', '42', 'true', '13', '2026-04-11 18:52:20.762681+00') on conflict (id) do update set supply_id = excluded.supply_id, format_id = excluded.format_id, name = excluded.name, price = excluded.price, grams = excluded.grams, is_active = excluded.is_active, sort_order = excluded.sort_order, created_at = excluded.created_at;
insert into public.addition_catalog (id, supply_id, format_id, name, price, grams, is_active, sort_order, created_at) values ('453934cd-5329-4846-bd50-dd21059e1d43', '00000000-0000-0000-0002-000000000012', '66cd2881-b7dc-4043-b3ad-d781a1fdd423', 'Extra Carne Molida', '2000', '25', 'true', '12', '2026-04-11 18:52:20.762681+00') on conflict (id) do update set supply_id = excluded.supply_id, format_id = excluded.format_id, name = excluded.name, price = excluded.price, grams = excluded.grams, is_active = excluded.is_active, sort_order = excluded.sort_order, created_at = excluded.created_at;
insert into public.addition_catalog (id, supply_id, format_id, name, price, grams, is_active, sort_order, created_at) values ('453963ec-2539-48de-933d-ad25ce95c25a', '00000000-0000-0000-0002-000000000003', 'a8bed84e-7890-4c9c-98d9-417bf76e91f5', 'Extra Salsa Napolitana', '1000', '50', 'true', '2', '2026-04-11 18:52:20.762681+00') on conflict (id) do update set supply_id = excluded.supply_id, format_id = excluded.format_id, name = excluded.name, price = excluded.price, grams = excluded.grams, is_active = excluded.is_active, sort_order = excluded.sort_order, created_at = excluded.created_at;
insert into public.addition_catalog (id, supply_id, format_id, name, price, grams, is_active, sort_order, created_at) values ('4553230f-236a-4ef7-9614-b58707e8f0ed', '00000000-0000-0000-0002-000000000007', 'a8bed84e-7890-4c9c-98d9-417bf76e91f5', 'Extra Pepperoni', '2000', '31', 'true', '6', '2026-04-11 18:52:20.762681+00') on conflict (id) do update set supply_id = excluded.supply_id, format_id = excluded.format_id, name = excluded.name, price = excluded.price, grams = excluded.grams, is_active = excluded.is_active, sort_order = excluded.sort_order, created_at = excluded.created_at;
insert into public.addition_catalog (id, supply_id, format_id, name, price, grams, is_active, sort_order, created_at) values ('4576068a-57e4-4425-81b3-20cf0d033615', '00000000-0000-0000-0002-000000000020', '15a846b4-1b7b-44cb-9f26-b00271901739', 'Extra Maicitos', '1000', '40', 'true', '9', '2026-04-11 18:52:20.762681+00') on conflict (id) do update set supply_id = excluded.supply_id, format_id = excluded.format_id, name = excluded.name, price = excluded.price, grams = excluded.grams, is_active = excluded.is_active, sort_order = excluded.sort_order, created_at = excluded.created_at;
insert into public.addition_catalog (id, supply_id, format_id, name, price, grams, is_active, sort_order, created_at) values ('45a20258-fb62-4ad9-8d0e-45efc49dda2d', '00000000-0000-0000-0002-000000000009', 'fe406ea2-32b4-4e14-af2a-49e9887e51f8', 'Extra Champiñones', '2000', '31', 'true', '8', '2026-04-11 18:52:20.762681+00') on conflict (id) do update set supply_id = excluded.supply_id, format_id = excluded.format_id, name = excluded.name, price = excluded.price, grams = excluded.grams, is_active = excluded.is_active, sort_order = excluded.sort_order, created_at = excluded.created_at;
insert into public.addition_catalog (id, supply_id, format_id, name, price, grams, is_active, sort_order, created_at) values ('460b862f-bdc4-4ef3-ab47-c0b88ca1698f', '00000000-0000-0000-0002-000000000017', '4933cc6f-1e05-487c-b4f7-428418382302', 'Extra Salsa de Jalapeño', '1000', '50', 'true', '17', '2026-04-11 18:52:20.762681+00') on conflict (id) do update set supply_id = excluded.supply_id, format_id = excluded.format_id, name = excluded.name, price = excluded.price, grams = excluded.grams, is_active = excluded.is_active, sort_order = excluded.sort_order, created_at = excluded.created_at;
insert into public.addition_catalog (id, supply_id, format_id, name, price, grams, is_active, sort_order, created_at) values ('464feb35-e7b3-40b8-92f0-26bf06c4188f', '00000000-0000-0000-0002-000000000028', '212caae0-0f84-41f8-a518-f13cd735f657', 'Extra Atún', '2000', '25', 'true', '21', '2026-04-11 18:52:20.762681+00') on conflict (id) do update set supply_id = excluded.supply_id, format_id = excluded.format_id, name = excluded.name, price = excluded.price, grams = excluded.grams, is_active = excluded.is_active, sort_order = excluded.sort_order, created_at = excluded.created_at;
insert into public.addition_catalog (id, supply_id, format_id, name, price, grams, is_active, sort_order, created_at) values ('470b7230-de7f-4d52-9fd2-96eb4b67013f', '00000000-0000-0000-0002-000000000023', 'ee4bff3e-cc84-439d-97b5-561d0ade13e3', 'Extra Tomate Pico de Gallo', '1000', '42', 'true', '13', '2026-04-11 18:52:20.762681+00') on conflict (id) do update set supply_id = excluded.supply_id, format_id = excluded.format_id, name = excluded.name, price = excluded.price, grams = excluded.grams, is_active = excluded.is_active, sort_order = excluded.sort_order, created_at = excluded.created_at;
insert into public.addition_catalog (id, supply_id, format_id, name, price, grams, is_active, sort_order, created_at) values ('4726c5ef-2380-4600-8200-9060505d5787', '00000000-0000-0000-0002-000000000017', '05868d23-5264-444e-8173-0eb52bdf968a', 'Extra Salsa de Jalapeño', '1000', '50', 'true', '17', '2026-04-11 18:52:20.762681+00') on conflict (id) do update set supply_id = excluded.supply_id, format_id = excluded.format_id, name = excluded.name, price = excluded.price, grams = excluded.grams, is_active = excluded.is_active, sort_order = excluded.sort_order, created_at = excluded.created_at;
insert into public.addition_catalog (id, supply_id, format_id, name, price, grams, is_active, sort_order, created_at) values ('478d2e23-3e56-4f0b-92a9-fe79d3eda61e', '00000000-0000-0000-0002-000000000020', '54edbdeb-313e-4985-867a-8af3a687d9b1', 'Extra Maicitos', '1000', '40', 'true', '9', '2026-04-11 18:52:20.762681+00') on conflict (id) do update set supply_id = excluded.supply_id, format_id = excluded.format_id, name = excluded.name, price = excluded.price, grams = excluded.grams, is_active = excluded.is_active, sort_order = excluded.sort_order, created_at = excluded.created_at;
insert into public.addition_catalog (id, supply_id, format_id, name, price, grams, is_active, sort_order, created_at) values ('48afd240-20d4-42bc-84f7-a151a83f8860', '00000000-0000-0000-0002-000000000023', 'a3a99307-2bc9-413c-804d-1b0dda4b4488', 'Extra Tomate Pico de Gallo', '1000', '42', 'true', '13', '2026-04-11 18:52:20.762681+00') on conflict (id) do update set supply_id = excluded.supply_id, format_id = excluded.format_id, name = excluded.name, price = excluded.price, grams = excluded.grams, is_active = excluded.is_active, sort_order = excluded.sort_order, created_at = excluded.created_at;
insert into public.addition_catalog (id, supply_id, format_id, name, price, grams, is_active, sort_order, created_at) values ('494b57e6-d903-4a96-ae59-0e8bd1c4d43c', '00000000-0000-0000-0002-000000000026', 'f9590eb3-f443-49bd-b4e4-7f83a9949a78', 'Extra Miel Picante', '1000', '50', 'true', '19', '2026-04-11 18:52:20.762681+00') on conflict (id) do update set supply_id = excluded.supply_id, format_id = excluded.format_id, name = excluded.name, price = excluded.price, grams = excluded.grams, is_active = excluded.is_active, sort_order = excluded.sort_order, created_at = excluded.created_at;
insert into public.addition_catalog (id, supply_id, format_id, name, price, grams, is_active, sort_order, created_at) values ('4a669b84-af35-480e-9900-bfe58e57978a', '00000000-0000-0000-0002-000000000004', '4933cc6f-1e05-487c-b4f7-428418382302', 'Extra Jamón', '2000', '17', 'true', '3', '2026-04-11 18:52:20.762681+00') on conflict (id) do update set supply_id = excluded.supply_id, format_id = excluded.format_id, name = excluded.name, price = excluded.price, grams = excluded.grams, is_active = excluded.is_active, sort_order = excluded.sort_order, created_at = excluded.created_at;
insert into public.addition_catalog (id, supply_id, format_id, name, price, grams, is_active, sort_order, created_at) values ('4a878b62-ead1-44a5-b292-ad638a036e65', '00000000-0000-0000-0002-000000000020', 'd2afd424-0b64-44a7-87cf-33d3ec93f9c3', 'Extra Maicitos', '1000', '40', 'true', '9', '2026-04-11 18:52:20.762681+00') on conflict (id) do update set supply_id = excluded.supply_id, format_id = excluded.format_id, name = excluded.name, price = excluded.price, grams = excluded.grams, is_active = excluded.is_active, sort_order = excluded.sort_order, created_at = excluded.created_at;
insert into public.addition_catalog (id, supply_id, format_id, name, price, grams, is_active, sort_order, created_at) values ('4ada3674-b341-4e9d-98c9-668e45c3e7c2', '00000000-0000-0000-0002-000000000017', '560273c0-172d-47d3-83b7-2e95be293b29', 'Extra Salsa de Jalapeño', '1000', '50', 'true', '17', '2026-04-11 18:52:20.762681+00') on conflict (id) do update set supply_id = excluded.supply_id, format_id = excluded.format_id, name = excluded.name, price = excluded.price, grams = excluded.grams, is_active = excluded.is_active, sort_order = excluded.sort_order, created_at = excluded.created_at;
insert into public.addition_catalog (id, supply_id, format_id, name, price, grams, is_active, sort_order, created_at) values ('4b088746-aa09-48f0-8cd1-cc0b983f2875', '00000000-0000-0000-0002-000000000002', '9c33e49b-7ad8-47d7-83d0-a1ec7fedf439', 'Extra Queso', '2000', '39', 'true', '1', '2026-04-11 18:52:20.762681+00') on conflict (id) do update set supply_id = excluded.supply_id, format_id = excluded.format_id, name = excluded.name, price = excluded.price, grams = excluded.grams, is_active = excluded.is_active, sort_order = excluded.sort_order, created_at = excluded.created_at;
insert into public.addition_catalog (id, supply_id, format_id, name, price, grams, is_active, sort_order, created_at) values ('4bcd2fa3-c191-4fe0-bf5d-faa0136b5608', '00000000-0000-0000-0002-000000000013', 'ee4bff3e-cc84-439d-97b5-561d0ade13e3', 'Extra Guacamole', '1000', '42', 'true', '15', '2026-04-11 18:52:20.762681+00') on conflict (id) do update set supply_id = excluded.supply_id, format_id = excluded.format_id, name = excluded.name, price = excluded.price, grams = excluded.grams, is_active = excluded.is_active, sort_order = excluded.sort_order, created_at = excluded.created_at;
insert into public.addition_catalog (id, supply_id, format_id, name, price, grams, is_active, sort_order, created_at) values ('4c1fe7f1-1273-4c29-84f8-396299654d7c', '00000000-0000-0000-0002-000000000017', '731472ff-a486-4443-8179-435b653ecd36', 'Extra Salsa de Jalapeño', '1000', '50', 'true', '17', '2026-04-11 18:52:20.762681+00') on conflict (id) do update set supply_id = excluded.supply_id, format_id = excluded.format_id, name = excluded.name, price = excluded.price, grams = excluded.grams, is_active = excluded.is_active, sort_order = excluded.sort_order, created_at = excluded.created_at;
insert into public.addition_catalog (id, supply_id, format_id, name, price, grams, is_active, sort_order, created_at) values ('4c540672-a4e9-4195-892f-6a624d582d50', '00000000-0000-0000-0002-000000000024', 'b310e1df-0de1-4da6-bd95-eaa7a51f2e81', 'Extra Pimentón Cebolla Cilantro', '1500', '83', 'true', '14', '2026-04-11 18:52:20.762681+00') on conflict (id) do update set supply_id = excluded.supply_id, format_id = excluded.format_id, name = excluded.name, price = excluded.price, grams = excluded.grams, is_active = excluded.is_active, sort_order = excluded.sort_order, created_at = excluded.created_at;
insert into public.addition_catalog (id, supply_id, format_id, name, price, grams, is_active, sort_order, created_at) values ('4c6ee7ab-a9d4-4379-92ad-2c1ef5c22352', '00000000-0000-0000-0002-000000000013', 'f9590eb3-f443-49bd-b4e4-7f83a9949a78', 'Extra Guacamole', '1000', '42', 'true', '15', '2026-04-11 18:52:20.762681+00') on conflict (id) do update set supply_id = excluded.supply_id, format_id = excluded.format_id, name = excluded.name, price = excluded.price, grams = excluded.grams, is_active = excluded.is_active, sort_order = excluded.sort_order, created_at = excluded.created_at;
insert into public.addition_catalog (id, supply_id, format_id, name, price, grams, is_active, sort_order, created_at) values ('4c8b789f-c6bf-4bf5-bf3f-aa30596ef4de', '00000000-0000-0000-0002-000000000026', 'afabb066-075c-499c-bfb7-81dc30d2c3fe', 'Extra Miel Picante', '1000', '50', 'true', '19', '2026-04-11 18:52:20.762681+00') on conflict (id) do update set supply_id = excluded.supply_id, format_id = excluded.format_id, name = excluded.name, price = excluded.price, grams = excluded.grams, is_active = excluded.is_active, sort_order = excluded.sort_order, created_at = excluded.created_at;
insert into public.addition_catalog (id, supply_id, format_id, name, price, grams, is_active, sort_order, created_at) values ('4cc56a01-390f-4b9b-ad5c-9c7b6e89b7d9', '00000000-0000-0000-0002-000000000008', 'f9590eb3-f443-49bd-b4e4-7f83a9949a78', 'Extra Pechuga', '2000', '13', 'true', '4', '2026-04-11 18:52:20.762681+00') on conflict (id) do update set supply_id = excluded.supply_id, format_id = excluded.format_id, name = excluded.name, price = excluded.price, grams = excluded.grams, is_active = excluded.is_active, sort_order = excluded.sort_order, created_at = excluded.created_at;
insert into public.addition_catalog (id, supply_id, format_id, name, price, grams, is_active, sort_order, created_at) values ('4ce89612-0899-4074-abe1-89a5653554d5', '00000000-0000-0000-0002-000000000003', '54edbdeb-313e-4985-867a-8af3a687d9b1', 'Extra Salsa Napolitana', '1000', '50', 'true', '2', '2026-04-11 18:52:20.762681+00') on conflict (id) do update set supply_id = excluded.supply_id, format_id = excluded.format_id, name = excluded.name, price = excluded.price, grams = excluded.grams, is_active = excluded.is_active, sort_order = excluded.sort_order, created_at = excluded.created_at;
insert into public.addition_catalog (id, supply_id, format_id, name, price, grams, is_active, sort_order, created_at) values ('4cf98022-29ee-40a5-80aa-52e61904c47f', '00000000-0000-0000-0002-000000000007', '66cd2881-b7dc-4043-b3ad-d781a1fdd423', 'Extra Pepperoni', '2000', '31', 'true', '6', '2026-04-11 18:52:20.762681+00') on conflict (id) do update set supply_id = excluded.supply_id, format_id = excluded.format_id, name = excluded.name, price = excluded.price, grams = excluded.grams, is_active = excluded.is_active, sort_order = excluded.sort_order, created_at = excluded.created_at;
insert into public.addition_catalog (id, supply_id, format_id, name, price, grams, is_active, sort_order, created_at) values ('4d416e18-ac4c-4871-bc32-cb8e3689154a', '00000000-0000-0000-0002-000000000002', '52daf59d-2fa1-4675-8657-6767a602d676', 'Extra Queso', '2000', '39', 'true', '1', '2026-04-11 18:52:20.762681+00') on conflict (id) do update set supply_id = excluded.supply_id, format_id = excluded.format_id, name = excluded.name, price = excluded.price, grams = excluded.grams, is_active = excluded.is_active, sort_order = excluded.sort_order, created_at = excluded.created_at;
insert into public.addition_catalog (id, supply_id, format_id, name, price, grams, is_active, sort_order, created_at) values ('4d4fe814-e64f-4b17-a119-f0164bab1ac9', '00000000-0000-0000-0002-000000000020', '74f3718a-6df1-46a7-8f31-5fe177fffbc5', 'Extra Maicitos', '1000', '40', 'true', '9', '2026-04-11 18:52:20.762681+00') on conflict (id) do update set supply_id = excluded.supply_id, format_id = excluded.format_id, name = excluded.name, price = excluded.price, grams = excluded.grams, is_active = excluded.is_active, sort_order = excluded.sort_order, created_at = excluded.created_at;
insert into public.addition_catalog (id, supply_id, format_id, name, price, grams, is_active, sort_order, created_at) values ('4d6efed2-dcad-4b58-b129-c4d7d1c37e4d', '00000000-0000-0000-0002-000000000021', '978b6152-47de-48f3-a7de-8a75d1902deb', 'Extra Jalapeño', '1000', '25', 'true', '10', '2026-04-11 18:52:20.762681+00') on conflict (id) do update set supply_id = excluded.supply_id, format_id = excluded.format_id, name = excluded.name, price = excluded.price, grams = excluded.grams, is_active = excluded.is_active, sort_order = excluded.sort_order, created_at = excluded.created_at;
insert into public.addition_catalog (id, supply_id, format_id, name, price, grams, is_active, sort_order, created_at) values ('4d7c99d0-077c-4388-9362-e9af093e4b80', '00000000-0000-0000-0002-000000000005', '462f53bc-a2e4-41a1-917c-f303cc79a91f', 'Extra Tocineta', '2000', '31', 'true', '5', '2026-04-11 18:52:20.762681+00') on conflict (id) do update set supply_id = excluded.supply_id, format_id = excluded.format_id, name = excluded.name, price = excluded.price, grams = excluded.grams, is_active = excluded.is_active, sort_order = excluded.sort_order, created_at = excluded.created_at;
insert into public.addition_catalog (id, supply_id, format_id, name, price, grams, is_active, sort_order, created_at) values ('4dfb3d37-87ec-4f40-9aec-d0f8eac67f84', '00000000-0000-0000-0002-000000000024', 'afabb066-075c-499c-bfb7-81dc30d2c3fe', 'Extra Pimentón Cebolla Cilantro', '1000', '42', 'true', '14', '2026-04-11 18:52:20.762681+00') on conflict (id) do update set supply_id = excluded.supply_id, format_id = excluded.format_id, name = excluded.name, price = excluded.price, grams = excluded.grams, is_active = excluded.is_active, sort_order = excluded.sort_order, created_at = excluded.created_at;
insert into public.addition_catalog (id, supply_id, format_id, name, price, grams, is_active, sort_order, created_at) values ('4e9733cb-45f7-4868-90a9-1518ccbc9da7', '00000000-0000-0000-0002-000000000008', '74f3718a-6df1-46a7-8f31-5fe177fffbc5', 'Extra Pechuga', '2000', '13', 'true', '4', '2026-04-11 18:52:20.762681+00') on conflict (id) do update set supply_id = excluded.supply_id, format_id = excluded.format_id, name = excluded.name, price = excluded.price, grams = excluded.grams, is_active = excluded.is_active, sort_order = excluded.sort_order, created_at = excluded.created_at;
insert into public.addition_catalog (id, supply_id, format_id, name, price, grams, is_active, sort_order, created_at) values ('4ea9b827-f136-4777-aa8e-ba4642e95223', '00000000-0000-0000-0002-000000000005', '7ccb56fa-c8b4-42b5-bea8-8618145f4ccb', 'Extra Tocineta', '2000', '31', 'true', '5', '2026-04-11 18:52:20.762681+00') on conflict (id) do update set supply_id = excluded.supply_id, format_id = excluded.format_id, name = excluded.name, price = excluded.price, grams = excluded.grams, is_active = excluded.is_active, sort_order = excluded.sort_order, created_at = excluded.created_at;
insert into public.addition_catalog (id, supply_id, format_id, name, price, grams, is_active, sort_order, created_at) values ('4f4133cc-6a04-4dca-8ac4-3becd2708737', '00000000-0000-0000-0002-000000000003', '66cd2881-b7dc-4043-b3ad-d781a1fdd423', 'Extra Salsa Napolitana', '1000', '50', 'true', '2', '2026-04-11 18:52:20.762681+00') on conflict (id) do update set supply_id = excluded.supply_id, format_id = excluded.format_id, name = excluded.name, price = excluded.price, grams = excluded.grams, is_active = excluded.is_active, sort_order = excluded.sort_order, created_at = excluded.created_at;
insert into public.addition_catalog (id, supply_id, format_id, name, price, grams, is_active, sort_order, created_at) values ('4fb74a4f-335f-4131-b1fe-9f93b4e84d36', '00000000-0000-0000-0002-000000000006', 'afabb066-075c-499c-bfb7-81dc30d2c3fe', 'Extra Piña', '1000', '27', 'true', '7', '2026-04-11 18:52:20.762681+00') on conflict (id) do update set supply_id = excluded.supply_id, format_id = excluded.format_id, name = excluded.name, price = excluded.price, grams = excluded.grams, is_active = excluded.is_active, sort_order = excluded.sort_order, created_at = excluded.created_at;
insert into public.addition_catalog (id, supply_id, format_id, name, price, grams, is_active, sort_order, created_at) values ('4fe39d79-7365-4bad-8f79-8b403be4be96', '00000000-0000-0000-0002-000000000013', '7ccb56fa-c8b4-42b5-bea8-8618145f4ccb', 'Extra Guacamole', '1000', '42', 'true', '15', '2026-04-11 18:52:20.762681+00') on conflict (id) do update set supply_id = excluded.supply_id, format_id = excluded.format_id, name = excluded.name, price = excluded.price, grams = excluded.grams, is_active = excluded.is_active, sort_order = excluded.sort_order, created_at = excluded.created_at;
insert into public.addition_catalog (id, supply_id, format_id, name, price, grams, is_active, sort_order, created_at) values ('503b48f4-4865-4b2f-b130-1d4efe32ea73', '00000000-0000-0000-0002-000000000009', '560273c0-172d-47d3-83b7-2e95be293b29', 'Extra Champiñones', '2000', '31', 'true', '8', '2026-04-11 18:52:20.762681+00') on conflict (id) do update set supply_id = excluded.supply_id, format_id = excluded.format_id, name = excluded.name, price = excluded.price, grams = excluded.grams, is_active = excluded.is_active, sort_order = excluded.sort_order, created_at = excluded.created_at;
insert into public.addition_catalog (id, supply_id, format_id, name, price, grams, is_active, sort_order, created_at) values ('50f9947f-c9aa-4506-99c5-921831c928e6', '00000000-0000-0000-0002-000000000002', '212caae0-0f84-41f8-a518-f13cd735f657', 'Extra Queso', '2000', '39', 'true', '1', '2026-04-11 18:52:20.762681+00') on conflict (id) do update set supply_id = excluded.supply_id, format_id = excluded.format_id, name = excluded.name, price = excluded.price, grams = excluded.grams, is_active = excluded.is_active, sort_order = excluded.sort_order, created_at = excluded.created_at;
insert into public.addition_catalog (id, supply_id, format_id, name, price, grams, is_active, sort_order, created_at) values ('51218776-a7cd-447a-9ce0-6bb16b9c43e5', '00000000-0000-0000-0002-000000000028', '74f3718a-6df1-46a7-8f31-5fe177fffbc5', 'Extra Atún', '2000', '25', 'true', '21', '2026-04-11 18:52:20.762681+00') on conflict (id) do update set supply_id = excluded.supply_id, format_id = excluded.format_id, name = excluded.name, price = excluded.price, grams = excluded.grams, is_active = excluded.is_active, sort_order = excluded.sort_order, created_at = excluded.created_at;
insert into public.addition_catalog (id, supply_id, format_id, name, price, grams, is_active, sort_order, created_at) values ('5175f056-eeb1-4c31-b868-3e8062ad7c14', '00000000-0000-0000-0002-000000000009', '05868d23-5264-444e-8173-0eb52bdf968a', 'Extra Champiñones', '2000', '31', 'true', '8', '2026-04-11 18:52:20.762681+00') on conflict (id) do update set supply_id = excluded.supply_id, format_id = excluded.format_id, name = excluded.name, price = excluded.price, grams = excluded.grams, is_active = excluded.is_active, sort_order = excluded.sort_order, created_at = excluded.created_at;
insert into public.addition_catalog (id, supply_id, format_id, name, price, grams, is_active, sort_order, created_at) values ('51871e9c-f59f-4e4d-9ff4-a3537fe614b3', '00000000-0000-0000-0002-000000000017', 'fe406ea2-32b4-4e14-af2a-49e9887e51f8', 'Extra Salsa de Jalapeño', '1000', '50', 'true', '17', '2026-04-11 18:52:20.762681+00') on conflict (id) do update set supply_id = excluded.supply_id, format_id = excluded.format_id, name = excluded.name, price = excluded.price, grams = excluded.grams, is_active = excluded.is_active, sort_order = excluded.sort_order, created_at = excluded.created_at;
insert into public.addition_catalog (id, supply_id, format_id, name, price, grams, is_active, sort_order, created_at) values ('5202de75-99b6-4ca4-8eec-6d820752fec9', '00000000-0000-0000-0002-000000000008', '9c33e49b-7ad8-47d7-83d0-a1ec7fedf439', 'Extra Pechuga', '2000', '13', 'true', '4', '2026-04-11 18:52:20.762681+00') on conflict (id) do update set supply_id = excluded.supply_id, format_id = excluded.format_id, name = excluded.name, price = excluded.price, grams = excluded.grams, is_active = excluded.is_active, sort_order = excluded.sort_order, created_at = excluded.created_at;
insert into public.addition_catalog (id, supply_id, format_id, name, price, grams, is_active, sort_order, created_at) values ('527dc868-b817-45c9-b588-1fdda9086450', '00000000-0000-0000-0002-000000000022', '54edbdeb-313e-4985-867a-8af3a687d9b1', 'Extra Aceitunas', '2000', '19', 'true', '11', '2026-04-11 18:52:20.762681+00') on conflict (id) do update set supply_id = excluded.supply_id, format_id = excluded.format_id, name = excluded.name, price = excluded.price, grams = excluded.grams, is_active = excluded.is_active, sort_order = excluded.sort_order, created_at = excluded.created_at;
insert into public.addition_catalog (id, supply_id, format_id, name, price, grams, is_active, sort_order, created_at) values ('52abe036-9e55-41dc-9d83-853baded556b', '00000000-0000-0000-0002-000000000002', '54edbdeb-313e-4985-867a-8af3a687d9b1', 'Extra Queso', '2000', '39', 'true', '1', '2026-04-11 18:52:20.762681+00') on conflict (id) do update set supply_id = excluded.supply_id, format_id = excluded.format_id, name = excluded.name, price = excluded.price, grams = excluded.grams, is_active = excluded.is_active, sort_order = excluded.sort_order, created_at = excluded.created_at;
insert into public.addition_catalog (id, supply_id, format_id, name, price, grams, is_active, sort_order, created_at) values ('531a9cd2-8860-40b9-a3ba-f7f7ba18bf7a', '00000000-0000-0000-0002-000000000009', 'd77153ba-ed83-4662-88ca-8279a5541e96', 'Extra Champiñones', '2000', '31', 'true', '8', '2026-04-11 18:52:20.762681+00') on conflict (id) do update set supply_id = excluded.supply_id, format_id = excluded.format_id, name = excluded.name, price = excluded.price, grams = excluded.grams, is_active = excluded.is_active, sort_order = excluded.sort_order, created_at = excluded.created_at;
insert into public.addition_catalog (id, supply_id, format_id, name, price, grams, is_active, sort_order, created_at) values ('532108c0-d972-4aa5-9d01-ebae877be374', '00000000-0000-0000-0002-000000000003', '9c724ed2-5154-4793-9f2f-20a6b30956a5', 'Extra Salsa Napolitana', '1000', '50', 'true', '2', '2026-04-11 18:52:20.762681+00') on conflict (id) do update set supply_id = excluded.supply_id, format_id = excluded.format_id, name = excluded.name, price = excluded.price, grams = excluded.grams, is_active = excluded.is_active, sort_order = excluded.sort_order, created_at = excluded.created_at;
insert into public.addition_catalog (id, supply_id, format_id, name, price, grams, is_active, sort_order, created_at) values ('533842f7-0746-407f-9ba0-241f3c6a9178', '00000000-0000-0000-0002-000000000021', '5c085f0f-2965-428e-b2e8-8a43dbb1bea6', 'Extra Jalapeño', '1000', '25', 'true', '10', '2026-04-11 18:52:20.762681+00') on conflict (id) do update set supply_id = excluded.supply_id, format_id = excluded.format_id, name = excluded.name, price = excluded.price, grams = excluded.grams, is_active = excluded.is_active, sort_order = excluded.sort_order, created_at = excluded.created_at;
insert into public.addition_catalog (id, supply_id, format_id, name, price, grams, is_active, sort_order, created_at) values ('53a2a867-12c2-41f0-bc8d-765117489153', '00000000-0000-0000-0002-000000000016', 'fe406ea2-32b4-4e14-af2a-49e9887e51f8', 'Extra Salsa de Albahaca', '1000', '50', 'true', '18', '2026-04-11 18:52:20.762681+00') on conflict (id) do update set supply_id = excluded.supply_id, format_id = excluded.format_id, name = excluded.name, price = excluded.price, grams = excluded.grams, is_active = excluded.is_active, sort_order = excluded.sort_order, created_at = excluded.created_at;
insert into public.addition_catalog (id, supply_id, format_id, name, price, grams, is_active, sort_order, created_at) values ('5426f8c3-a01a-4e93-b113-786566eaf5b4', '00000000-0000-0000-0002-000000000005', 'afabb066-075c-499c-bfb7-81dc30d2c3fe', 'Extra Tocineta', '2000', '31', 'true', '5', '2026-04-11 18:52:20.762681+00') on conflict (id) do update set supply_id = excluded.supply_id, format_id = excluded.format_id, name = excluded.name, price = excluded.price, grams = excluded.grams, is_active = excluded.is_active, sort_order = excluded.sort_order, created_at = excluded.created_at;
insert into public.addition_catalog (id, supply_id, format_id, name, price, grams, is_active, sort_order, created_at) values ('54701a68-6cc8-4b74-b89e-28aa0a35b6a6', '00000000-0000-0000-0002-000000000023', '212caae0-0f84-41f8-a518-f13cd735f657', 'Extra Tomate Pico de Gallo', '1000', '42', 'true', '13', '2026-04-11 18:52:20.762681+00') on conflict (id) do update set supply_id = excluded.supply_id, format_id = excluded.format_id, name = excluded.name, price = excluded.price, grams = excluded.grams, is_active = excluded.is_active, sort_order = excluded.sort_order, created_at = excluded.created_at;
insert into public.addition_catalog (id, supply_id, format_id, name, price, grams, is_active, sort_order, created_at) values ('54d4feda-5038-4d57-bd58-a1de59e2c807', '00000000-0000-0000-0002-000000000008', 'c70aef5b-f3d6-4879-8c7d-109d647891df', 'Extra Pechuga', '2000', '13', 'true', '4', '2026-04-11 18:52:20.762681+00') on conflict (id) do update set supply_id = excluded.supply_id, format_id = excluded.format_id, name = excluded.name, price = excluded.price, grams = excluded.grams, is_active = excluded.is_active, sort_order = excluded.sort_order, created_at = excluded.created_at;
insert into public.addition_catalog (id, supply_id, format_id, name, price, grams, is_active, sort_order, created_at) values ('54f8f3a6-5de1-4245-bbec-51e5984ad5fa', '00000000-0000-0000-0002-000000000008', '7bf4336c-59d6-4221-a0b1-910211e1e031', 'Extra Pechuga', '2000', '13', 'true', '4', '2026-04-11 18:52:20.762681+00') on conflict (id) do update set supply_id = excluded.supply_id, format_id = excluded.format_id, name = excluded.name, price = excluded.price, grams = excluded.grams, is_active = excluded.is_active, sort_order = excluded.sort_order, created_at = excluded.created_at;
insert into public.addition_catalog (id, supply_id, format_id, name, price, grams, is_active, sort_order, created_at) values ('562e2183-fb69-4a26-a1e7-8ac555d7dd4f', '00000000-0000-0000-0002-000000000016', '74f3718a-6df1-46a7-8f31-5fe177fffbc5', 'Extra Salsa de Albahaca', '1000', '50', 'true', '18', '2026-04-11 18:52:20.762681+00') on conflict (id) do update set supply_id = excluded.supply_id, format_id = excluded.format_id, name = excluded.name, price = excluded.price, grams = excluded.grams, is_active = excluded.is_active, sort_order = excluded.sort_order, created_at = excluded.created_at;
insert into public.addition_catalog (id, supply_id, format_id, name, price, grams, is_active, sort_order, created_at) values ('56e9239a-4f68-4e47-8dbc-1117ee8a12f6', '00000000-0000-0000-0002-000000000003', 'd2afd424-0b64-44a7-87cf-33d3ec93f9c3', 'Extra Salsa Napolitana', '1000', '50', 'true', '2', '2026-04-11 18:52:20.762681+00') on conflict (id) do update set supply_id = excluded.supply_id, format_id = excluded.format_id, name = excluded.name, price = excluded.price, grams = excluded.grams, is_active = excluded.is_active, sort_order = excluded.sort_order, created_at = excluded.created_at;
insert into public.addition_catalog (id, supply_id, format_id, name, price, grams, is_active, sort_order, created_at) values ('57168741-9699-4218-bd27-be20d12c62c1', '00000000-0000-0000-0002-000000000028', '54edbdeb-313e-4985-867a-8af3a687d9b1', 'Extra Atún', '2000', '25', 'true', '21', '2026-04-11 18:52:20.762681+00') on conflict (id) do update set supply_id = excluded.supply_id, format_id = excluded.format_id, name = excluded.name, price = excluded.price, grams = excluded.grams, is_active = excluded.is_active, sort_order = excluded.sort_order, created_at = excluded.created_at;
insert into public.addition_catalog (id, supply_id, format_id, name, price, grams, is_active, sort_order, created_at) values ('581eb028-775b-4554-8f5c-f533588629d0', '00000000-0000-0000-0002-000000000002', 'd2afd424-0b64-44a7-87cf-33d3ec93f9c3', 'Extra Queso', '2000', '39', 'true', '1', '2026-04-11 18:52:20.762681+00') on conflict (id) do update set supply_id = excluded.supply_id, format_id = excluded.format_id, name = excluded.name, price = excluded.price, grams = excluded.grams, is_active = excluded.is_active, sort_order = excluded.sort_order, created_at = excluded.created_at;
insert into public.addition_catalog (id, supply_id, format_id, name, price, grams, is_active, sort_order, created_at) values ('58c81ef1-93b4-44f0-86d8-796941010b29', '00000000-0000-0000-0002-000000000005', '8b9f43b8-126a-41ef-a9e3-37df34edc44b', 'Extra Tocineta', '2000', '31', 'true', '5', '2026-04-11 18:52:20.762681+00') on conflict (id) do update set supply_id = excluded.supply_id, format_id = excluded.format_id, name = excluded.name, price = excluded.price, grams = excluded.grams, is_active = excluded.is_active, sort_order = excluded.sort_order, created_at = excluded.created_at;
insert into public.addition_catalog (id, supply_id, format_id, name, price, grams, is_active, sort_order, created_at) values ('58d65bec-16f4-4905-975b-539024cc0f90', '00000000-0000-0000-0002-000000000006', '7bf4336c-59d6-4221-a0b1-910211e1e031', 'Extra Piña', '1000', '27', 'true', '7', '2026-04-11 18:52:20.762681+00') on conflict (id) do update set supply_id = excluded.supply_id, format_id = excluded.format_id, name = excluded.name, price = excluded.price, grams = excluded.grams, is_active = excluded.is_active, sort_order = excluded.sort_order, created_at = excluded.created_at;
insert into public.addition_catalog (id, supply_id, format_id, name, price, grams, is_active, sort_order, created_at) values ('58e9d092-5cd0-47d1-8863-2bed63b38961', '00000000-0000-0000-0002-000000000013', '212caae0-0f84-41f8-a518-f13cd735f657', 'Extra Guacamole', '1000', '42', 'true', '15', '2026-04-11 18:52:20.762681+00') on conflict (id) do update set supply_id = excluded.supply_id, format_id = excluded.format_id, name = excluded.name, price = excluded.price, grams = excluded.grams, is_active = excluded.is_active, sort_order = excluded.sort_order, created_at = excluded.created_at;
insert into public.addition_catalog (id, supply_id, format_id, name, price, grams, is_active, sort_order, created_at) values ('59b6b1be-9dcb-43e7-b0d4-785211f12b5f', '00000000-0000-0000-0002-000000000009', 'a8bed84e-7890-4c9c-98d9-417bf76e91f5', 'Extra Champiñones', '2000', '31', 'true', '8', '2026-04-11 18:52:20.762681+00') on conflict (id) do update set supply_id = excluded.supply_id, format_id = excluded.format_id, name = excluded.name, price = excluded.price, grams = excluded.grams, is_active = excluded.is_active, sort_order = excluded.sort_order, created_at = excluded.created_at;
insert into public.addition_catalog (id, supply_id, format_id, name, price, grams, is_active, sort_order, created_at) values ('5a0a476b-af2b-4925-b4d7-c69672d9bb9d', '00000000-0000-0000-0002-000000000002', '66cd2881-b7dc-4043-b3ad-d781a1fdd423', 'Extra Queso', '2000', '39', 'true', '1', '2026-04-11 18:52:20.762681+00') on conflict (id) do update set supply_id = excluded.supply_id, format_id = excluded.format_id, name = excluded.name, price = excluded.price, grams = excluded.grams, is_active = excluded.is_active, sort_order = excluded.sort_order, created_at = excluded.created_at;
insert into public.addition_catalog (id, supply_id, format_id, name, price, grams, is_active, sort_order, created_at) values ('5a0b9a9b-ee15-4479-9ed7-081e3e7544b6', '00000000-0000-0000-0002-000000000007', 'afabb066-075c-499c-bfb7-81dc30d2c3fe', 'Extra Pepperoni', '2000', '31', 'true', '6', '2026-04-11 18:52:20.762681+00') on conflict (id) do update set supply_id = excluded.supply_id, format_id = excluded.format_id, name = excluded.name, price = excluded.price, grams = excluded.grams, is_active = excluded.is_active, sort_order = excluded.sort_order, created_at = excluded.created_at;
insert into public.addition_catalog (id, supply_id, format_id, name, price, grams, is_active, sort_order, created_at) values ('5ad0ac8e-6d9b-4fa8-ac34-b45af37061d3', '00000000-0000-0000-0002-000000000009', '212caae0-0f84-41f8-a518-f13cd735f657', 'Extra Champiñones', '2000', '31', 'true', '8', '2026-04-11 18:52:20.762681+00') on conflict (id) do update set supply_id = excluded.supply_id, format_id = excluded.format_id, name = excluded.name, price = excluded.price, grams = excluded.grams, is_active = excluded.is_active, sort_order = excluded.sort_order, created_at = excluded.created_at;
insert into public.addition_catalog (id, supply_id, format_id, name, price, grams, is_active, sort_order, created_at) values ('5b3a8d13-50f6-467f-b47a-4a6f8c72866c', '00000000-0000-0000-0002-000000000024', '3b521025-1970-4f7b-9415-eb76bd12753e', 'Extra Pimentón Cebolla Cilantro', '1000', '42', 'true', '14', '2026-04-11 18:52:20.762681+00') on conflict (id) do update set supply_id = excluded.supply_id, format_id = excluded.format_id, name = excluded.name, price = excluded.price, grams = excluded.grams, is_active = excluded.is_active, sort_order = excluded.sort_order, created_at = excluded.created_at;
insert into public.addition_catalog (id, supply_id, format_id, name, price, grams, is_active, sort_order, created_at) values ('5b7d669c-a60c-498d-b631-04cde2b634f4', '00000000-0000-0000-0002-000000000021', '15a846b4-1b7b-44cb-9f26-b00271901739', 'Extra Jalapeño', '1000', '25', 'true', '10', '2026-04-11 18:52:20.762681+00') on conflict (id) do update set supply_id = excluded.supply_id, format_id = excluded.format_id, name = excluded.name, price = excluded.price, grams = excluded.grams, is_active = excluded.is_active, sort_order = excluded.sort_order, created_at = excluded.created_at;
insert into public.addition_catalog (id, supply_id, format_id, name, price, grams, is_active, sort_order, created_at) values ('5c2ad6d2-760e-4823-9fe5-49c36ca897aa', '00000000-0000-0000-0002-000000000013', '782942e1-c2f9-4074-8fc0-bcca7a237bdc', 'Extra Guacamole', '1000', '42', 'true', '15', '2026-04-11 18:52:20.762681+00') on conflict (id) do update set supply_id = excluded.supply_id, format_id = excluded.format_id, name = excluded.name, price = excluded.price, grams = excluded.grams, is_active = excluded.is_active, sort_order = excluded.sort_order, created_at = excluded.created_at;
insert into public.addition_catalog (id, supply_id, format_id, name, price, grams, is_active, sort_order, created_at) values ('5c2d86c5-b090-4046-aaef-83c5946f8d82', '00000000-0000-0000-0002-000000000013', '4245975d-205b-4b2d-a32a-118799ff653a', 'Extra Guacamole', '1000', '42', 'true', '15', '2026-04-11 18:52:20.762681+00') on conflict (id) do update set supply_id = excluded.supply_id, format_id = excluded.format_id, name = excluded.name, price = excluded.price, grams = excluded.grams, is_active = excluded.is_active, sort_order = excluded.sort_order, created_at = excluded.created_at;
insert into public.addition_catalog (id, supply_id, format_id, name, price, grams, is_active, sort_order, created_at) values ('5c6c1400-9a56-4dca-8b61-a9206cd7a34a', '00000000-0000-0000-0002-000000000002', '7bf4336c-59d6-4221-a0b1-910211e1e031', 'Extra Queso', '2000', '39', 'true', '1', '2026-04-11 18:52:20.762681+00') on conflict (id) do update set supply_id = excluded.supply_id, format_id = excluded.format_id, name = excluded.name, price = excluded.price, grams = excluded.grams, is_active = excluded.is_active, sort_order = excluded.sort_order, created_at = excluded.created_at;
insert into public.addition_catalog (id, supply_id, format_id, name, price, grams, is_active, sort_order, created_at) values ('5cc3a61b-501d-4e8f-8507-6ba823ea416f', '00000000-0000-0000-0002-000000000017', '15a846b4-1b7b-44cb-9f26-b00271901739', 'Extra Salsa de Jalapeño', '1000', '50', 'true', '17', '2026-04-11 18:52:20.762681+00') on conflict (id) do update set supply_id = excluded.supply_id, format_id = excluded.format_id, name = excluded.name, price = excluded.price, grams = excluded.grams, is_active = excluded.is_active, sort_order = excluded.sort_order, created_at = excluded.created_at;
insert into public.addition_catalog (id, supply_id, format_id, name, price, grams, is_active, sort_order, created_at) values ('5cd1740a-5c7c-41f4-9a13-2b5f16c5772f', '00000000-0000-0000-0002-000000000008', '15a846b4-1b7b-44cb-9f26-b00271901739', 'Extra Pechuga', '2000', '13', 'true', '4', '2026-04-11 18:52:20.762681+00') on conflict (id) do update set supply_id = excluded.supply_id, format_id = excluded.format_id, name = excluded.name, price = excluded.price, grams = excluded.grams, is_active = excluded.is_active, sort_order = excluded.sort_order, created_at = excluded.created_at;
insert into public.addition_catalog (id, supply_id, format_id, name, price, grams, is_active, sort_order, created_at) values ('5cd9c0b0-ecc1-44ca-9c25-83f2ba141eaa', '00000000-0000-0000-0002-000000000020', '8b9f43b8-126a-41ef-a9e3-37df34edc44b', 'Extra Maicitos', '1000', '40', 'true', '9', '2026-04-11 18:52:20.762681+00') on conflict (id) do update set supply_id = excluded.supply_id, format_id = excluded.format_id, name = excluded.name, price = excluded.price, grams = excluded.grams, is_active = excluded.is_active, sort_order = excluded.sort_order, created_at = excluded.created_at;
insert into public.addition_catalog (id, supply_id, format_id, name, price, grams, is_active, sort_order, created_at) values ('5cfcba73-401c-4467-8f5f-a69f612d29dd', '00000000-0000-0000-0002-000000000008', 'fe406ea2-32b4-4e14-af2a-49e9887e51f8', 'Extra Pechuga', '2000', '13', 'true', '4', '2026-04-11 18:52:20.762681+00') on conflict (id) do update set supply_id = excluded.supply_id, format_id = excluded.format_id, name = excluded.name, price = excluded.price, grams = excluded.grams, is_active = excluded.is_active, sort_order = excluded.sort_order, created_at = excluded.created_at;
insert into public.addition_catalog (id, supply_id, format_id, name, price, grams, is_active, sort_order, created_at) values ('5d52947c-28e3-4e97-bda3-f42985e2e05c', '00000000-0000-0000-0002-000000000024', '7ccb56fa-c8b4-42b5-bea8-8618145f4ccb', 'Extra Pimentón Cebolla Cilantro', '1000', '42', 'true', '14', '2026-04-11 18:52:20.762681+00') on conflict (id) do update set supply_id = excluded.supply_id, format_id = excluded.format_id, name = excluded.name, price = excluded.price, grams = excluded.grams, is_active = excluded.is_active, sort_order = excluded.sort_order, created_at = excluded.created_at;
insert into public.addition_catalog (id, supply_id, format_id, name, price, grams, is_active, sort_order, created_at) values ('5e7c2ede-4a58-48b3-92fe-208ba5a823f7', '00000000-0000-0000-0002-000000000023', '7ccb56fa-c8b4-42b5-bea8-8618145f4ccb', 'Extra Tomate Pico de Gallo', '1000', '42', 'true', '13', '2026-04-11 18:52:20.762681+00') on conflict (id) do update set supply_id = excluded.supply_id, format_id = excluded.format_id, name = excluded.name, price = excluded.price, grams = excluded.grams, is_active = excluded.is_active, sort_order = excluded.sort_order, created_at = excluded.created_at;
insert into public.addition_catalog (id, supply_id, format_id, name, price, grams, is_active, sort_order, created_at) values ('5e9a2a6f-5cd1-41a8-994f-8bf3bde1da0e', '00000000-0000-0000-0002-000000000027', 'c70aef5b-f3d6-4879-8c7d-109d647891df', 'Extra Pimienta Cayena', '1000', '50', 'true', '20', '2026-04-11 18:52:20.762681+00') on conflict (id) do update set supply_id = excluded.supply_id, format_id = excluded.format_id, name = excluded.name, price = excluded.price, grams = excluded.grams, is_active = excluded.is_active, sort_order = excluded.sort_order, created_at = excluded.created_at;
insert into public.addition_catalog (id, supply_id, format_id, name, price, grams, is_active, sort_order, created_at) values ('5eb928fc-f8c2-478d-bae9-35dd992a63f9', '00000000-0000-0000-0002-000000000008', '731472ff-a486-4443-8179-435b653ecd36', 'Extra Pechuga', '2000', '13', 'true', '4', '2026-04-11 18:52:20.762681+00') on conflict (id) do update set supply_id = excluded.supply_id, format_id = excluded.format_id, name = excluded.name, price = excluded.price, grams = excluded.grams, is_active = excluded.is_active, sort_order = excluded.sort_order, created_at = excluded.created_at;
insert into public.addition_catalog (id, supply_id, format_id, name, price, grams, is_active, sort_order, created_at) values ('5ec71ed1-26bb-482d-8a52-6669269f42af', '00000000-0000-0000-0002-000000000020', '462f53bc-a2e4-41a1-917c-f303cc79a91f', 'Extra Maicitos', '1000', '40', 'true', '9', '2026-04-11 18:52:20.762681+00') on conflict (id) do update set supply_id = excluded.supply_id, format_id = excluded.format_id, name = excluded.name, price = excluded.price, grams = excluded.grams, is_active = excluded.is_active, sort_order = excluded.sort_order, created_at = excluded.created_at;
insert into public.addition_catalog (id, supply_id, format_id, name, price, grams, is_active, sort_order, created_at) values ('5f4daaed-1947-45e3-9d86-500a18b12a34', '00000000-0000-0000-0002-000000000020', 'd77153ba-ed83-4662-88ca-8279a5541e96', 'Extra Maicitos', '1000', '40', 'true', '9', '2026-04-11 18:52:20.762681+00') on conflict (id) do update set supply_id = excluded.supply_id, format_id = excluded.format_id, name = excluded.name, price = excluded.price, grams = excluded.grams, is_active = excluded.is_active, sort_order = excluded.sort_order, created_at = excluded.created_at;
insert into public.addition_catalog (id, supply_id, format_id, name, price, grams, is_active, sort_order, created_at) values ('5f4f6777-425d-452f-ae74-ca5b7133c941', '00000000-0000-0000-0002-000000000016', '7ccb56fa-c8b4-42b5-bea8-8618145f4ccb', 'Extra Salsa de Albahaca', '1000', '50', 'true', '18', '2026-04-11 18:52:20.762681+00') on conflict (id) do update set supply_id = excluded.supply_id, format_id = excluded.format_id, name = excluded.name, price = excluded.price, grams = excluded.grams, is_active = excluded.is_active, sort_order = excluded.sort_order, created_at = excluded.created_at;
insert into public.addition_catalog (id, supply_id, format_id, name, price, grams, is_active, sort_order, created_at) values ('5fe3e5d1-2d67-41f2-a121-765c273c3609', '00000000-0000-0000-0002-000000000005', '782942e1-c2f9-4074-8fc0-bcca7a237bdc', 'Extra Tocineta', '2000', '31', 'true', '5', '2026-04-11 18:52:20.762681+00') on conflict (id) do update set supply_id = excluded.supply_id, format_id = excluded.format_id, name = excluded.name, price = excluded.price, grams = excluded.grams, is_active = excluded.is_active, sort_order = excluded.sort_order, created_at = excluded.created_at;
insert into public.addition_catalog (id, supply_id, format_id, name, price, grams, is_active, sort_order, created_at) values ('60349c1c-461d-4beb-9654-f92f78e6c555', '00000000-0000-0000-0002-000000000028', '7ccb56fa-c8b4-42b5-bea8-8618145f4ccb', 'Extra Atún', '2000', '25', 'true', '21', '2026-04-11 18:52:20.762681+00') on conflict (id) do update set supply_id = excluded.supply_id, format_id = excluded.format_id, name = excluded.name, price = excluded.price, grams = excluded.grams, is_active = excluded.is_active, sort_order = excluded.sort_order, created_at = excluded.created_at;
insert into public.addition_catalog (id, supply_id, format_id, name, price, grams, is_active, sort_order, created_at) values ('60b1d6f4-d21c-459e-9e24-915c2708e5c9', '00000000-0000-0000-0002-000000000020', '7ccb56fa-c8b4-42b5-bea8-8618145f4ccb', 'Extra Maicitos', '1000', '40', 'true', '9', '2026-04-11 18:52:20.762681+00') on conflict (id) do update set supply_id = excluded.supply_id, format_id = excluded.format_id, name = excluded.name, price = excluded.price, grams = excluded.grams, is_active = excluded.is_active, sort_order = excluded.sort_order, created_at = excluded.created_at;
insert into public.addition_catalog (id, supply_id, format_id, name, price, grams, is_active, sort_order, created_at) values ('61262814-6e50-4106-852e-c31abf296b8f', '00000000-0000-0000-0002-000000000023', '389a4673-a142-4fab-a2c4-76f2a042295f', 'Extra Tomate Pico de Gallo', '1000', '42', 'true', '13', '2026-04-11 18:52:20.762681+00') on conflict (id) do update set supply_id = excluded.supply_id, format_id = excluded.format_id, name = excluded.name, price = excluded.price, grams = excluded.grams, is_active = excluded.is_active, sort_order = excluded.sort_order, created_at = excluded.created_at;
insert into public.addition_catalog (id, supply_id, format_id, name, price, grams, is_active, sort_order, created_at) values ('613175a2-9a47-4b97-89c2-e594c2494c72', '00000000-0000-0000-0002-000000000012', 'b310e1df-0de1-4da6-bd95-eaa7a51f2e81', 'Extra Carne Molida', '3000', '50', 'true', '12', '2026-04-11 18:52:20.762681+00') on conflict (id) do update set supply_id = excluded.supply_id, format_id = excluded.format_id, name = excluded.name, price = excluded.price, grams = excluded.grams, is_active = excluded.is_active, sort_order = excluded.sort_order, created_at = excluded.created_at;
insert into public.addition_catalog (id, supply_id, format_id, name, price, grams, is_active, sort_order, created_at) values ('6278235c-fce2-4d43-874f-f2b3d661e2f4', '00000000-0000-0000-0002-000000000007', '52daf59d-2fa1-4675-8657-6767a602d676', 'Extra Pepperoni', '2000', '31', 'true', '6', '2026-04-11 18:52:20.762681+00') on conflict (id) do update set supply_id = excluded.supply_id, format_id = excluded.format_id, name = excluded.name, price = excluded.price, grams = excluded.grams, is_active = excluded.is_active, sort_order = excluded.sort_order, created_at = excluded.created_at;
insert into public.addition_catalog (id, supply_id, format_id, name, price, grams, is_active, sort_order, created_at) values ('62bfec5a-6832-41ac-a938-e8cfc3fb5222', '00000000-0000-0000-0002-000000000003', '8ebd1523-3ac0-4770-98d9-78c584bdcc36', 'Extra Salsa Napolitana', '1000', '50', 'true', '2', '2026-04-11 18:52:20.762681+00') on conflict (id) do update set supply_id = excluded.supply_id, format_id = excluded.format_id, name = excluded.name, price = excluded.price, grams = excluded.grams, is_active = excluded.is_active, sort_order = excluded.sort_order, created_at = excluded.created_at;
insert into public.addition_catalog (id, supply_id, format_id, name, price, grams, is_active, sort_order, created_at) values ('62c2a2cf-659d-4fa3-8fd6-be3d1c3aa485', '00000000-0000-0000-0002-000000000006', '74f3718a-6df1-46a7-8f31-5fe177fffbc5', 'Extra Piña', '1000', '27', 'true', '7', '2026-04-11 18:52:20.762681+00') on conflict (id) do update set supply_id = excluded.supply_id, format_id = excluded.format_id, name = excluded.name, price = excluded.price, grams = excluded.grams, is_active = excluded.is_active, sort_order = excluded.sort_order, created_at = excluded.created_at;
insert into public.addition_catalog (id, supply_id, format_id, name, price, grams, is_active, sort_order, created_at) values ('62e758ec-31c8-4953-9493-7b6e19e1793c', '00000000-0000-0000-0002-000000000009', '4245975d-205b-4b2d-a32a-118799ff653a', 'Extra Champiñones', '2000', '31', 'true', '8', '2026-04-11 18:52:20.762681+00') on conflict (id) do update set supply_id = excluded.supply_id, format_id = excluded.format_id, name = excluded.name, price = excluded.price, grams = excluded.grams, is_active = excluded.is_active, sort_order = excluded.sort_order, created_at = excluded.created_at;
insert into public.addition_catalog (id, supply_id, format_id, name, price, grams, is_active, sort_order, created_at) values ('62fe8933-1bdd-4d06-bdd3-4ade6036f1c5', '00000000-0000-0000-0002-000000000024', '8b9f43b8-126a-41ef-a9e3-37df34edc44b', 'Extra Pimentón Cebolla Cilantro', '1000', '42', 'true', '14', '2026-04-11 18:52:20.762681+00') on conflict (id) do update set supply_id = excluded.supply_id, format_id = excluded.format_id, name = excluded.name, price = excluded.price, grams = excluded.grams, is_active = excluded.is_active, sort_order = excluded.sort_order, created_at = excluded.created_at;
insert into public.addition_catalog (id, supply_id, format_id, name, price, grams, is_active, sort_order, created_at) values ('637f91a1-59ae-45dc-9ef2-17c81d1f0f76', '00000000-0000-0000-0002-000000000007', 'a3a99307-2bc9-413c-804d-1b0dda4b4488', 'Extra Pepperoni', '2000', '31', 'true', '6', '2026-04-11 18:52:20.762681+00') on conflict (id) do update set supply_id = excluded.supply_id, format_id = excluded.format_id, name = excluded.name, price = excluded.price, grams = excluded.grams, is_active = excluded.is_active, sort_order = excluded.sort_order, created_at = excluded.created_at;
insert into public.addition_catalog (id, supply_id, format_id, name, price, grams, is_active, sort_order, created_at) values ('638006a7-bcaa-40f1-afa0-359218cdb09a', '00000000-0000-0000-0002-000000000013', 'd2afd424-0b64-44a7-87cf-33d3ec93f9c3', 'Extra Guacamole', '1000', '42', 'true', '15', '2026-04-11 18:52:20.762681+00') on conflict (id) do update set supply_id = excluded.supply_id, format_id = excluded.format_id, name = excluded.name, price = excluded.price, grams = excluded.grams, is_active = excluded.is_active, sort_order = excluded.sort_order, created_at = excluded.created_at;
insert into public.addition_catalog (id, supply_id, format_id, name, price, grams, is_active, sort_order, created_at) values ('648b75d7-2191-4e6c-83ac-4970321e8b7a', '00000000-0000-0000-0002-000000000017', '9c724ed2-5154-4793-9f2f-20a6b30956a5', 'Extra Salsa de Jalapeño', '1000', '50', 'true', '17', '2026-04-11 18:52:20.762681+00') on conflict (id) do update set supply_id = excluded.supply_id, format_id = excluded.format_id, name = excluded.name, price = excluded.price, grams = excluded.grams, is_active = excluded.is_active, sort_order = excluded.sort_order, created_at = excluded.created_at;
insert into public.addition_catalog (id, supply_id, format_id, name, price, grams, is_active, sort_order, created_at) values ('64927b44-2b4c-4fcb-8b40-289e8d0cd1a4', '00000000-0000-0000-0002-000000000028', 'fe406ea2-32b4-4e14-af2a-49e9887e51f8', 'Extra Atún', '2000', '25', 'true', '21', '2026-04-11 18:52:20.762681+00') on conflict (id) do update set supply_id = excluded.supply_id, format_id = excluded.format_id, name = excluded.name, price = excluded.price, grams = excluded.grams, is_active = excluded.is_active, sort_order = excluded.sort_order, created_at = excluded.created_at;
insert into public.addition_catalog (id, supply_id, format_id, name, price, grams, is_active, sort_order, created_at) values ('64a246a6-81fc-4679-9bba-a1bafbfdc365', '00000000-0000-0000-0002-000000000016', '462f53bc-a2e4-41a1-917c-f303cc79a91f', 'Extra Salsa de Albahaca', '1000', '50', 'true', '18', '2026-04-11 18:52:20.762681+00') on conflict (id) do update set supply_id = excluded.supply_id, format_id = excluded.format_id, name = excluded.name, price = excluded.price, grams = excluded.grams, is_active = excluded.is_active, sort_order = excluded.sort_order, created_at = excluded.created_at;
insert into public.addition_catalog (id, supply_id, format_id, name, price, grams, is_active, sort_order, created_at) values ('64d61cf0-58fb-4495-b0a0-66fc94d85820', '00000000-0000-0000-0002-000000000020', '9c724ed2-5154-4793-9f2f-20a6b30956a5', 'Extra Maicitos', '1000', '40', 'true', '9', '2026-04-11 18:52:20.762681+00') on conflict (id) do update set supply_id = excluded.supply_id, format_id = excluded.format_id, name = excluded.name, price = excluded.price, grams = excluded.grams, is_active = excluded.is_active, sort_order = excluded.sort_order, created_at = excluded.created_at;
insert into public.addition_catalog (id, supply_id, format_id, name, price, grams, is_active, sort_order, created_at) values ('650ec11c-87e4-4003-80b6-a9533b30c6bd', '00000000-0000-0000-0002-000000000027', '7ccb56fa-c8b4-42b5-bea8-8618145f4ccb', 'Extra Pimienta Cayena', '1000', '50', 'true', '20', '2026-04-11 18:52:20.762681+00') on conflict (id) do update set supply_id = excluded.supply_id, format_id = excluded.format_id, name = excluded.name, price = excluded.price, grams = excluded.grams, is_active = excluded.is_active, sort_order = excluded.sort_order, created_at = excluded.created_at;
insert into public.addition_catalog (id, supply_id, format_id, name, price, grams, is_active, sort_order, created_at) values ('651f5c22-57ce-4c5b-b05f-3c3fc77ae3ec', '00000000-0000-0000-0002-000000000003', '212caae0-0f84-41f8-a518-f13cd735f657', 'Extra Salsa Napolitana', '1000', '50', 'true', '2', '2026-04-11 18:52:20.762681+00') on conflict (id) do update set supply_id = excluded.supply_id, format_id = excluded.format_id, name = excluded.name, price = excluded.price, grams = excluded.grams, is_active = excluded.is_active, sort_order = excluded.sort_order, created_at = excluded.created_at;
insert into public.addition_catalog (id, supply_id, format_id, name, price, grams, is_active, sort_order, created_at) values ('652b3133-deb5-43c2-897a-c37eae6cc773', '00000000-0000-0000-0002-000000000012', '52daf59d-2fa1-4675-8657-6767a602d676', 'Extra Carne Molida', '2000', '25', 'true', '12', '2026-04-11 18:52:20.762681+00') on conflict (id) do update set supply_id = excluded.supply_id, format_id = excluded.format_id, name = excluded.name, price = excluded.price, grams = excluded.grams, is_active = excluded.is_active, sort_order = excluded.sort_order, created_at = excluded.created_at;
insert into public.addition_catalog (id, supply_id, format_id, name, price, grams, is_active, sort_order, created_at) values ('657c7717-bb17-47f5-b306-c2cf7d7d4db4', '00000000-0000-0000-0002-000000000004', '54edbdeb-313e-4985-867a-8af3a687d9b1', 'Extra Jamón', '2000', '17', 'true', '3', '2026-04-11 18:52:20.762681+00') on conflict (id) do update set supply_id = excluded.supply_id, format_id = excluded.format_id, name = excluded.name, price = excluded.price, grams = excluded.grams, is_active = excluded.is_active, sort_order = excluded.sort_order, created_at = excluded.created_at;
insert into public.addition_catalog (id, supply_id, format_id, name, price, grams, is_active, sort_order, created_at) values ('65b0d9ec-9af2-4b5b-9633-2b86042dcb4c', '00000000-0000-0000-0002-000000000002', '7ccb56fa-c8b4-42b5-bea8-8618145f4ccb', 'Extra Queso', '2000', '39', 'true', '1', '2026-04-11 18:52:20.762681+00') on conflict (id) do update set supply_id = excluded.supply_id, format_id = excluded.format_id, name = excluded.name, price = excluded.price, grams = excluded.grams, is_active = excluded.is_active, sort_order = excluded.sort_order, created_at = excluded.created_at;
insert into public.addition_catalog (id, supply_id, format_id, name, price, grams, is_active, sort_order, created_at) values ('6625ab97-ae06-4fae-bd58-e318bb801d56', '00000000-0000-0000-0002-000000000022', '7bf4336c-59d6-4221-a0b1-910211e1e031', 'Extra Aceitunas', '2000', '19', 'true', '11', '2026-04-11 18:52:20.762681+00') on conflict (id) do update set supply_id = excluded.supply_id, format_id = excluded.format_id, name = excluded.name, price = excluded.price, grams = excluded.grams, is_active = excluded.is_active, sort_order = excluded.sort_order, created_at = excluded.created_at;
insert into public.addition_catalog (id, supply_id, format_id, name, price, grams, is_active, sort_order, created_at) values ('662f2f06-1ee4-49c6-93be-98597b043f8a', '00000000-0000-0000-0002-000000000028', '4933cc6f-1e05-487c-b4f7-428418382302', 'Extra Atún', '2000', '25', 'true', '21', '2026-04-11 18:52:20.762681+00') on conflict (id) do update set supply_id = excluded.supply_id, format_id = excluded.format_id, name = excluded.name, price = excluded.price, grams = excluded.grams, is_active = excluded.is_active, sort_order = excluded.sort_order, created_at = excluded.created_at;
insert into public.addition_catalog (id, supply_id, format_id, name, price, grams, is_active, sort_order, created_at) values ('66a735ee-2a69-4a0a-b826-3f9782eded3c', '00000000-0000-0000-0002-000000000024', '462f53bc-a2e4-41a1-917c-f303cc79a91f', 'Extra Pimentón Cebolla Cilantro', '1000', '42', 'true', '14', '2026-04-11 18:52:20.762681+00') on conflict (id) do update set supply_id = excluded.supply_id, format_id = excluded.format_id, name = excluded.name, price = excluded.price, grams = excluded.grams, is_active = excluded.is_active, sort_order = excluded.sort_order, created_at = excluded.created_at;
insert into public.addition_catalog (id, supply_id, format_id, name, price, grams, is_active, sort_order, created_at) values ('66bdf222-73a4-4691-920c-7bb709f52126', '00000000-0000-0000-0002-000000000024', 'ee4bff3e-cc84-439d-97b5-561d0ade13e3', 'Extra Pimentón Cebolla Cilantro', '1000', '42', 'true', '14', '2026-04-11 18:52:20.762681+00') on conflict (id) do update set supply_id = excluded.supply_id, format_id = excluded.format_id, name = excluded.name, price = excluded.price, grams = excluded.grams, is_active = excluded.is_active, sort_order = excluded.sort_order, created_at = excluded.created_at;
insert into public.addition_catalog (id, supply_id, format_id, name, price, grams, is_active, sort_order, created_at) values ('67126601-700d-4a4b-9d71-118a487dfc97', '00000000-0000-0000-0002-000000000017', 'afabb066-075c-499c-bfb7-81dc30d2c3fe', 'Extra Salsa de Jalapeño', '1000', '50', 'true', '17', '2026-04-11 18:52:20.762681+00') on conflict (id) do update set supply_id = excluded.supply_id, format_id = excluded.format_id, name = excluded.name, price = excluded.price, grams = excluded.grams, is_active = excluded.is_active, sort_order = excluded.sort_order, created_at = excluded.created_at;
insert into public.addition_catalog (id, supply_id, format_id, name, price, grams, is_active, sort_order, created_at) values ('676fd5b4-e6b3-4c0c-bb51-199de1ea01f8', '00000000-0000-0000-0002-000000000024', '978b6152-47de-48f3-a7de-8a75d1902deb', 'Extra Pimentón Cebolla Cilantro', '1000', '42', 'true', '14', '2026-04-11 18:52:20.762681+00') on conflict (id) do update set supply_id = excluded.supply_id, format_id = excluded.format_id, name = excluded.name, price = excluded.price, grams = excluded.grams, is_active = excluded.is_active, sort_order = excluded.sort_order, created_at = excluded.created_at;
insert into public.addition_catalog (id, supply_id, format_id, name, price, grams, is_active, sort_order, created_at) values ('67878021-9ba3-4e58-a870-b5d313739e96', '00000000-0000-0000-0002-000000000022', '212caae0-0f84-41f8-a518-f13cd735f657', 'Extra Aceitunas', '2000', '19', 'true', '11', '2026-04-11 18:52:20.762681+00') on conflict (id) do update set supply_id = excluded.supply_id, format_id = excluded.format_id, name = excluded.name, price = excluded.price, grams = excluded.grams, is_active = excluded.is_active, sort_order = excluded.sort_order, created_at = excluded.created_at;
insert into public.addition_catalog (id, supply_id, format_id, name, price, grams, is_active, sort_order, created_at) values ('67ba8982-3f63-4614-9cfb-331f5fab4c50', '00000000-0000-0000-0002-000000000006', '8ebd1523-3ac0-4770-98d9-78c584bdcc36', 'Extra Piña', '1000', '27', 'true', '7', '2026-04-11 18:52:20.762681+00') on conflict (id) do update set supply_id = excluded.supply_id, format_id = excluded.format_id, name = excluded.name, price = excluded.price, grams = excluded.grams, is_active = excluded.is_active, sort_order = excluded.sort_order, created_at = excluded.created_at;
insert into public.addition_catalog (id, supply_id, format_id, name, price, grams, is_active, sort_order, created_at) values ('67f6d82b-54ac-4dfb-98b0-c47a53f8a3b4', '00000000-0000-0000-0002-000000000002', '05868d23-5264-444e-8173-0eb52bdf968a', 'Extra Queso', '2000', '39', 'true', '1', '2026-04-11 18:52:20.762681+00') on conflict (id) do update set supply_id = excluded.supply_id, format_id = excluded.format_id, name = excluded.name, price = excluded.price, grams = excluded.grams, is_active = excluded.is_active, sort_order = excluded.sort_order, created_at = excluded.created_at;
insert into public.addition_catalog (id, supply_id, format_id, name, price, grams, is_active, sort_order, created_at) values ('681e7a51-c291-418f-b7c4-469aa048adf3', '00000000-0000-0000-0002-000000000017', '66cd2881-b7dc-4043-b3ad-d781a1fdd423', 'Extra Salsa de Jalapeño', '1000', '50', 'true', '17', '2026-04-11 18:52:20.762681+00') on conflict (id) do update set supply_id = excluded.supply_id, format_id = excluded.format_id, name = excluded.name, price = excluded.price, grams = excluded.grams, is_active = excluded.is_active, sort_order = excluded.sort_order, created_at = excluded.created_at;
insert into public.addition_catalog (id, supply_id, format_id, name, price, grams, is_active, sort_order, created_at) values ('68668dbe-9c20-4868-9fbe-640080f9a441', '00000000-0000-0000-0002-000000000024', '3051d941-3c79-4311-8efa-779fd715b540', 'Extra Pimentón Cebolla Cilantro', '1000', '42', 'true', '14', '2026-04-11 18:52:20.762681+00') on conflict (id) do update set supply_id = excluded.supply_id, format_id = excluded.format_id, name = excluded.name, price = excluded.price, grams = excluded.grams, is_active = excluded.is_active, sort_order = excluded.sort_order, created_at = excluded.created_at;
insert into public.addition_catalog (id, supply_id, format_id, name, price, grams, is_active, sort_order, created_at) values ('698ef993-2bb5-4dfd-89ea-b2e81851894a', '00000000-0000-0000-0002-000000000017', '782942e1-c2f9-4074-8fc0-bcca7a237bdc', 'Extra Salsa de Jalapeño', '1000', '50', 'true', '17', '2026-04-11 18:52:20.762681+00') on conflict (id) do update set supply_id = excluded.supply_id, format_id = excluded.format_id, name = excluded.name, price = excluded.price, grams = excluded.grams, is_active = excluded.is_active, sort_order = excluded.sort_order, created_at = excluded.created_at;
insert into public.addition_catalog (id, supply_id, format_id, name, price, grams, is_active, sort_order, created_at) values ('69cc0642-8d51-47e9-9479-453ee458a4a3', '00000000-0000-0000-0002-000000000028', 'ee4bff3e-cc84-439d-97b5-561d0ade13e3', 'Extra Atún', '2000', '25', 'true', '21', '2026-04-11 18:52:20.762681+00') on conflict (id) do update set supply_id = excluded.supply_id, format_id = excluded.format_id, name = excluded.name, price = excluded.price, grams = excluded.grams, is_active = excluded.is_active, sort_order = excluded.sort_order, created_at = excluded.created_at;
insert into public.addition_catalog (id, supply_id, format_id, name, price, grams, is_active, sort_order, created_at) values ('6a4e8906-8d2f-44a5-8b2e-65172b985d65', '00000000-0000-0000-0002-000000000002', '462f53bc-a2e4-41a1-917c-f303cc79a91f', 'Extra Queso', '2000', '39', 'true', '1', '2026-04-11 18:52:20.762681+00') on conflict (id) do update set supply_id = excluded.supply_id, format_id = excluded.format_id, name = excluded.name, price = excluded.price, grams = excluded.grams, is_active = excluded.is_active, sort_order = excluded.sort_order, created_at = excluded.created_at;
insert into public.addition_catalog (id, supply_id, format_id, name, price, grams, is_active, sort_order, created_at) values ('6aa1d14c-ab1e-42af-9aaa-bb3b3e16b61a', '00000000-0000-0000-0002-000000000006', '9c33e49b-7ad8-47d7-83d0-a1ec7fedf439', 'Extra Piña', '1000', '27', 'true', '7', '2026-04-11 18:52:20.762681+00') on conflict (id) do update set supply_id = excluded.supply_id, format_id = excluded.format_id, name = excluded.name, price = excluded.price, grams = excluded.grams, is_active = excluded.is_active, sort_order = excluded.sort_order, created_at = excluded.created_at;
insert into public.addition_catalog (id, supply_id, format_id, name, price, grams, is_active, sort_order, created_at) values ('6aad66da-6592-4501-9d9f-b788f9474d54', '00000000-0000-0000-0002-000000000016', '8ebd1523-3ac0-4770-98d9-78c584bdcc36', 'Extra Salsa de Albahaca', '1000', '50', 'true', '18', '2026-04-11 18:52:20.762681+00') on conflict (id) do update set supply_id = excluded.supply_id, format_id = excluded.format_id, name = excluded.name, price = excluded.price, grams = excluded.grams, is_active = excluded.is_active, sort_order = excluded.sort_order, created_at = excluded.created_at;
insert into public.addition_catalog (id, supply_id, format_id, name, price, grams, is_active, sort_order, created_at) values ('6b0e8ae6-7251-4ae9-94b6-6a5d4dc119c9', '00000000-0000-0000-0002-000000000020', '52daf59d-2fa1-4675-8657-6767a602d676', 'Extra Maicitos', '1000', '40', 'true', '9', '2026-04-11 18:52:20.762681+00') on conflict (id) do update set supply_id = excluded.supply_id, format_id = excluded.format_id, name = excluded.name, price = excluded.price, grams = excluded.grams, is_active = excluded.is_active, sort_order = excluded.sort_order, created_at = excluded.created_at;
insert into public.addition_catalog (id, supply_id, format_id, name, price, grams, is_active, sort_order, created_at) values ('6bbf02dd-b006-499a-9551-f46b3710ca96', '00000000-0000-0000-0002-000000000016', 'a8bed84e-7890-4c9c-98d9-417bf76e91f5', 'Extra Salsa de Albahaca', '1000', '50', 'true', '18', '2026-04-11 18:52:20.762681+00') on conflict (id) do update set supply_id = excluded.supply_id, format_id = excluded.format_id, name = excluded.name, price = excluded.price, grams = excluded.grams, is_active = excluded.is_active, sort_order = excluded.sort_order, created_at = excluded.created_at;
insert into public.addition_catalog (id, supply_id, format_id, name, price, grams, is_active, sort_order, created_at) values ('6bd367a0-69f2-48dc-8f3f-8f96471c6241', '00000000-0000-0000-0002-000000000007', '50cb994f-c464-4319-8ae0-d9aed00f625c', 'Extra Pepperoni', '2000', '31', 'true', '6', '2026-04-11 18:52:20.762681+00') on conflict (id) do update set supply_id = excluded.supply_id, format_id = excluded.format_id, name = excluded.name, price = excluded.price, grams = excluded.grams, is_active = excluded.is_active, sort_order = excluded.sort_order, created_at = excluded.created_at;
insert into public.addition_catalog (id, supply_id, format_id, name, price, grams, is_active, sort_order, created_at) values ('6d923c3b-9d24-4dce-b45c-2a2811f7b3af', '00000000-0000-0000-0002-000000000016', '8b9f43b8-126a-41ef-a9e3-37df34edc44b', 'Extra Salsa de Albahaca', '1000', '50', 'true', '18', '2026-04-11 18:52:20.762681+00') on conflict (id) do update set supply_id = excluded.supply_id, format_id = excluded.format_id, name = excluded.name, price = excluded.price, grams = excluded.grams, is_active = excluded.is_active, sort_order = excluded.sort_order, created_at = excluded.created_at;
insert into public.addition_catalog (id, supply_id, format_id, name, price, grams, is_active, sort_order, created_at) values ('6d9569dd-ffe9-47bd-b690-3af85005b7e5', '00000000-0000-0000-0002-000000000002', 'a3a99307-2bc9-413c-804d-1b0dda4b4488', 'Extra Queso', '2000', '39', 'true', '1', '2026-04-11 18:52:20.762681+00') on conflict (id) do update set supply_id = excluded.supply_id, format_id = excluded.format_id, name = excluded.name, price = excluded.price, grams = excluded.grams, is_active = excluded.is_active, sort_order = excluded.sort_order, created_at = excluded.created_at;
insert into public.addition_catalog (id, supply_id, format_id, name, price, grams, is_active, sort_order, created_at) values ('6dd132b7-151c-4dff-996a-58696fcc4c50', '00000000-0000-0000-0002-000000000025', '05868d23-5264-444e-8173-0eb52bdf968a', 'Extra Salsa de Ajo', '1000', '10', 'true', '16', '2026-04-11 18:52:20.762681+00') on conflict (id) do update set supply_id = excluded.supply_id, format_id = excluded.format_id, name = excluded.name, price = excluded.price, grams = excluded.grams, is_active = excluded.is_active, sort_order = excluded.sort_order, created_at = excluded.created_at;
insert into public.addition_catalog (id, supply_id, format_id, name, price, grams, is_active, sort_order, created_at) values ('6dd2bf1e-96b8-4675-893f-781952dc7f2a', '00000000-0000-0000-0002-000000000024', '782942e1-c2f9-4074-8fc0-bcca7a237bdc', 'Extra Pimentón Cebolla Cilantro', '1000', '42', 'true', '14', '2026-04-11 18:52:20.762681+00') on conflict (id) do update set supply_id = excluded.supply_id, format_id = excluded.format_id, name = excluded.name, price = excluded.price, grams = excluded.grams, is_active = excluded.is_active, sort_order = excluded.sort_order, created_at = excluded.created_at;
insert into public.addition_catalog (id, supply_id, format_id, name, price, grams, is_active, sort_order, created_at) values ('6e122643-8ff3-48d0-a4b7-3087b0a791d2', '00000000-0000-0000-0002-000000000025', 'ee4bff3e-cc84-439d-97b5-561d0ade13e3', 'Extra Salsa de Ajo', '1000', '10', 'true', '16', '2026-04-11 18:52:20.762681+00') on conflict (id) do update set supply_id = excluded.supply_id, format_id = excluded.format_id, name = excluded.name, price = excluded.price, grams = excluded.grams, is_active = excluded.is_active, sort_order = excluded.sort_order, created_at = excluded.created_at;
insert into public.addition_catalog (id, supply_id, format_id, name, price, grams, is_active, sort_order, created_at) values ('6e3594d7-2f23-4469-9312-d8edbb15bc15', '00000000-0000-0000-0002-000000000027', 'afabb066-075c-499c-bfb7-81dc30d2c3fe', 'Extra Pimienta Cayena', '1000', '50', 'true', '20', '2026-04-11 18:52:20.762681+00') on conflict (id) do update set supply_id = excluded.supply_id, format_id = excluded.format_id, name = excluded.name, price = excluded.price, grams = excluded.grams, is_active = excluded.is_active, sort_order = excluded.sort_order, created_at = excluded.created_at;
insert into public.addition_catalog (id, supply_id, format_id, name, price, grams, is_active, sort_order, created_at) values ('6ea82da1-7dc5-45be-9ea0-4bb73e988616', '00000000-0000-0000-0002-000000000012', 'c70aef5b-f3d6-4879-8c7d-109d647891df', 'Extra Carne Molida', '2000', '25', 'true', '12', '2026-04-11 18:52:20.762681+00') on conflict (id) do update set supply_id = excluded.supply_id, format_id = excluded.format_id, name = excluded.name, price = excluded.price, grams = excluded.grams, is_active = excluded.is_active, sort_order = excluded.sort_order, created_at = excluded.created_at;
insert into public.addition_catalog (id, supply_id, format_id, name, price, grams, is_active, sort_order, created_at) values ('6f1bfb4f-7608-40a1-9d0e-36105859c285', '00000000-0000-0000-0002-000000000022', '4933cc6f-1e05-487c-b4f7-428418382302', 'Extra Aceitunas', '2000', '19', 'true', '11', '2026-04-11 18:52:20.762681+00') on conflict (id) do update set supply_id = excluded.supply_id, format_id = excluded.format_id, name = excluded.name, price = excluded.price, grams = excluded.grams, is_active = excluded.is_active, sort_order = excluded.sort_order, created_at = excluded.created_at;
insert into public.addition_catalog (id, supply_id, format_id, name, price, grams, is_active, sort_order, created_at) values ('6f4076bc-bf91-4e41-882d-2077e17128c1', '00000000-0000-0000-0002-000000000013', '560273c0-172d-47d3-83b7-2e95be293b29', 'Extra Guacamole', '1000', '42', 'true', '15', '2026-04-11 18:52:20.762681+00') on conflict (id) do update set supply_id = excluded.supply_id, format_id = excluded.format_id, name = excluded.name, price = excluded.price, grams = excluded.grams, is_active = excluded.is_active, sort_order = excluded.sort_order, created_at = excluded.created_at;
insert into public.addition_catalog (id, supply_id, format_id, name, price, grams, is_active, sort_order, created_at) values ('6f685421-826c-4841-82da-604bb2c24ef3', '00000000-0000-0000-0002-000000000006', '894a1675-8ad8-4417-8b64-596102577cb7', 'Extra Piña', '1000', '27', 'true', '7', '2026-04-11 18:52:20.762681+00') on conflict (id) do update set supply_id = excluded.supply_id, format_id = excluded.format_id, name = excluded.name, price = excluded.price, grams = excluded.grams, is_active = excluded.is_active, sort_order = excluded.sort_order, created_at = excluded.created_at;
insert into public.addition_catalog (id, supply_id, format_id, name, price, grams, is_active, sort_order, created_at) values ('6f82cf33-f1c5-4b81-85ad-3447f45b3afe', '00000000-0000-0000-0002-000000000004', '3b521025-1970-4f7b-9415-eb76bd12753e', 'Extra Jamón', '2000', '17', 'true', '3', '2026-04-11 18:52:20.762681+00') on conflict (id) do update set supply_id = excluded.supply_id, format_id = excluded.format_id, name = excluded.name, price = excluded.price, grams = excluded.grams, is_active = excluded.is_active, sort_order = excluded.sort_order, created_at = excluded.created_at;
insert into public.addition_catalog (id, supply_id, format_id, name, price, grams, is_active, sort_order, created_at) values ('70832643-296a-4665-82c5-fe49c351ff5b', '00000000-0000-0000-0002-000000000013', '9c724ed2-5154-4793-9f2f-20a6b30956a5', 'Extra Guacamole', '1000', '42', 'true', '15', '2026-04-11 18:52:20.762681+00') on conflict (id) do update set supply_id = excluded.supply_id, format_id = excluded.format_id, name = excluded.name, price = excluded.price, grams = excluded.grams, is_active = excluded.is_active, sort_order = excluded.sort_order, created_at = excluded.created_at;
insert into public.addition_catalog (id, supply_id, format_id, name, price, grams, is_active, sort_order, created_at) values ('70e2e48a-a322-4255-b1fa-e638b53e332d', '00000000-0000-0000-0002-000000000027', '7bf4336c-59d6-4221-a0b1-910211e1e031', 'Extra Pimienta Cayena', '1000', '50', 'true', '20', '2026-04-11 18:52:20.762681+00') on conflict (id) do update set supply_id = excluded.supply_id, format_id = excluded.format_id, name = excluded.name, price = excluded.price, grams = excluded.grams, is_active = excluded.is_active, sort_order = excluded.sort_order, created_at = excluded.created_at;
insert into public.addition_catalog (id, supply_id, format_id, name, price, grams, is_active, sort_order, created_at) values ('712baad1-dd93-4ccf-b81f-770e33d5ee64', '00000000-0000-0000-0002-000000000002', 'ee4bff3e-cc84-439d-97b5-561d0ade13e3', 'Extra Queso', '2000', '39', 'true', '1', '2026-04-11 18:52:20.762681+00') on conflict (id) do update set supply_id = excluded.supply_id, format_id = excluded.format_id, name = excluded.name, price = excluded.price, grams = excluded.grams, is_active = excluded.is_active, sort_order = excluded.sort_order, created_at = excluded.created_at;
insert into public.addition_catalog (id, supply_id, format_id, name, price, grams, is_active, sort_order, created_at) values ('7181951e-9203-42ae-b45e-ca16b23408da', '00000000-0000-0000-0002-000000000008', '8ebd1523-3ac0-4770-98d9-78c584bdcc36', 'Extra Pechuga', '2000', '13', 'true', '4', '2026-04-11 18:52:20.762681+00') on conflict (id) do update set supply_id = excluded.supply_id, format_id = excluded.format_id, name = excluded.name, price = excluded.price, grams = excluded.grams, is_active = excluded.is_active, sort_order = excluded.sort_order, created_at = excluded.created_at;
insert into public.addition_catalog (id, supply_id, format_id, name, price, grams, is_active, sort_order, created_at) values ('729a5dc6-2b2f-4271-a299-187c8324c6c5', '00000000-0000-0000-0002-000000000008', '54edbdeb-313e-4985-867a-8af3a687d9b1', 'Extra Pechuga', '2000', '13', 'true', '4', '2026-04-11 18:52:20.762681+00') on conflict (id) do update set supply_id = excluded.supply_id, format_id = excluded.format_id, name = excluded.name, price = excluded.price, grams = excluded.grams, is_active = excluded.is_active, sort_order = excluded.sort_order, created_at = excluded.created_at;
insert into public.addition_catalog (id, supply_id, format_id, name, price, grams, is_active, sort_order, created_at) values ('72abb238-7fba-489d-b00c-6e55723183e5', '00000000-0000-0000-0002-000000000016', '3051d941-3c79-4311-8efa-779fd715b540', 'Extra Salsa de Albahaca', '1000', '50', 'true', '18', '2026-04-11 18:52:20.762681+00') on conflict (id) do update set supply_id = excluded.supply_id, format_id = excluded.format_id, name = excluded.name, price = excluded.price, grams = excluded.grams, is_active = excluded.is_active, sort_order = excluded.sort_order, created_at = excluded.created_at;
insert into public.addition_catalog (id, supply_id, format_id, name, price, grams, is_active, sort_order, created_at) values ('72cfa726-f185-40fd-adac-dd719e33965c', '00000000-0000-0000-0002-000000000027', '4245975d-205b-4b2d-a32a-118799ff653a', 'Extra Pimienta Cayena', '1000', '50', 'true', '20', '2026-04-11 18:52:20.762681+00') on conflict (id) do update set supply_id = excluded.supply_id, format_id = excluded.format_id, name = excluded.name, price = excluded.price, grams = excluded.grams, is_active = excluded.is_active, sort_order = excluded.sort_order, created_at = excluded.created_at;
insert into public.addition_catalog (id, supply_id, format_id, name, price, grams, is_active, sort_order, created_at) values ('73874ab8-1de8-4da5-bfac-4e5b0a2ea41e', '00000000-0000-0000-0002-000000000012', 'a8bed84e-7890-4c9c-98d9-417bf76e91f5', 'Extra Carne Molida', '2000', '25', 'true', '12', '2026-04-11 18:52:20.762681+00') on conflict (id) do update set supply_id = excluded.supply_id, format_id = excluded.format_id, name = excluded.name, price = excluded.price, grams = excluded.grams, is_active = excluded.is_active, sort_order = excluded.sort_order, created_at = excluded.created_at;
insert into public.addition_catalog (id, supply_id, format_id, name, price, grams, is_active, sort_order, created_at) values ('73dc9ba3-2275-4dbc-aefb-fdf9dc589bd4', '00000000-0000-0000-0002-000000000025', '389a4673-a142-4fab-a2c4-76f2a042295f', 'Extra Salsa de Ajo', '1000', '10', 'true', '16', '2026-04-11 18:52:20.762681+00') on conflict (id) do update set supply_id = excluded.supply_id, format_id = excluded.format_id, name = excluded.name, price = excluded.price, grams = excluded.grams, is_active = excluded.is_active, sort_order = excluded.sort_order, created_at = excluded.created_at;
insert into public.addition_catalog (id, supply_id, format_id, name, price, grams, is_active, sort_order, created_at) values ('744685e7-6d6c-445d-8a79-a46799e01694', '00000000-0000-0000-0002-000000000012', 'afabb066-075c-499c-bfb7-81dc30d2c3fe', 'Extra Carne Molida', '2000', '25', 'true', '12', '2026-04-11 18:52:20.762681+00') on conflict (id) do update set supply_id = excluded.supply_id, format_id = excluded.format_id, name = excluded.name, price = excluded.price, grams = excluded.grams, is_active = excluded.is_active, sort_order = excluded.sort_order, created_at = excluded.created_at;
insert into public.addition_catalog (id, supply_id, format_id, name, price, grams, is_active, sort_order, created_at) values ('74561a9d-4262-4f06-8608-49440ab986d1', '00000000-0000-0000-0002-000000000022', 'd77153ba-ed83-4662-88ca-8279a5541e96', 'Extra Aceitunas', '2000', '19', 'true', '11', '2026-04-11 18:52:20.762681+00') on conflict (id) do update set supply_id = excluded.supply_id, format_id = excluded.format_id, name = excluded.name, price = excluded.price, grams = excluded.grams, is_active = excluded.is_active, sort_order = excluded.sort_order, created_at = excluded.created_at;
insert into public.addition_catalog (id, supply_id, format_id, name, price, grams, is_active, sort_order, created_at) values ('7471dff6-5769-4cc7-824a-1cff3dd59a0e', '00000000-0000-0000-0002-000000000002', '4933cc6f-1e05-487c-b4f7-428418382302', 'Extra Queso', '2000', '39', 'true', '1', '2026-04-11 18:52:20.762681+00') on conflict (id) do update set supply_id = excluded.supply_id, format_id = excluded.format_id, name = excluded.name, price = excluded.price, grams = excluded.grams, is_active = excluded.is_active, sort_order = excluded.sort_order, created_at = excluded.created_at;
insert into public.addition_catalog (id, supply_id, format_id, name, price, grams, is_active, sort_order, created_at) values ('758399ee-7c7b-4036-9bf4-4bab7d3e8993', '00000000-0000-0000-0002-000000000020', '731472ff-a486-4443-8179-435b653ecd36', 'Extra Maicitos', '1000', '40', 'true', '9', '2026-04-11 18:52:20.762681+00') on conflict (id) do update set supply_id = excluded.supply_id, format_id = excluded.format_id, name = excluded.name, price = excluded.price, grams = excluded.grams, is_active = excluded.is_active, sort_order = excluded.sort_order, created_at = excluded.created_at;
insert into public.addition_catalog (id, supply_id, format_id, name, price, grams, is_active, sort_order, created_at) values ('75cd6d7f-6ae9-42cc-8c92-08a1ed856f5b', '00000000-0000-0000-0002-000000000021', '05868d23-5264-444e-8173-0eb52bdf968a', 'Extra Jalapeño', '1000', '25', 'true', '10', '2026-04-11 18:52:20.762681+00') on conflict (id) do update set supply_id = excluded.supply_id, format_id = excluded.format_id, name = excluded.name, price = excluded.price, grams = excluded.grams, is_active = excluded.is_active, sort_order = excluded.sort_order, created_at = excluded.created_at;
insert into public.addition_catalog (id, supply_id, format_id, name, price, grams, is_active, sort_order, created_at) values ('77650272-c01c-4852-9cb4-febb9b17245d', '00000000-0000-0000-0002-000000000026', '4933cc6f-1e05-487c-b4f7-428418382302', 'Extra Miel Picante', '1000', '50', 'true', '19', '2026-04-11 18:52:20.762681+00') on conflict (id) do update set supply_id = excluded.supply_id, format_id = excluded.format_id, name = excluded.name, price = excluded.price, grams = excluded.grams, is_active = excluded.is_active, sort_order = excluded.sort_order, created_at = excluded.created_at;
insert into public.addition_catalog (id, supply_id, format_id, name, price, grams, is_active, sort_order, created_at) values ('777625c3-fd9c-445b-bbd1-f4642844fa92', '00000000-0000-0000-0002-000000000026', '9c33e49b-7ad8-47d7-83d0-a1ec7fedf439', 'Extra Miel Picante', '1000', '50', 'true', '19', '2026-04-11 18:52:20.762681+00') on conflict (id) do update set supply_id = excluded.supply_id, format_id = excluded.format_id, name = excluded.name, price = excluded.price, grams = excluded.grams, is_active = excluded.is_active, sort_order = excluded.sort_order, created_at = excluded.created_at;
insert into public.addition_catalog (id, supply_id, format_id, name, price, grams, is_active, sort_order, created_at) values ('77b93eeb-aaa1-4ef3-b0b7-1f3b281b6796', '00000000-0000-0000-0002-000000000027', '389a4673-a142-4fab-a2c4-76f2a042295f', 'Extra Pimienta Cayena', '1000', '50', 'true', '20', '2026-04-11 18:52:20.762681+00') on conflict (id) do update set supply_id = excluded.supply_id, format_id = excluded.format_id, name = excluded.name, price = excluded.price, grams = excluded.grams, is_active = excluded.is_active, sort_order = excluded.sort_order, created_at = excluded.created_at;
insert into public.addition_catalog (id, supply_id, format_id, name, price, grams, is_active, sort_order, created_at) values ('77c0e893-0bcc-43fa-b806-86f8f98d4e89', '00000000-0000-0000-0002-000000000008', '50cb994f-c464-4319-8ae0-d9aed00f625c', 'Extra Pechuga', '2000', '13', 'true', '4', '2026-04-11 18:52:20.762681+00') on conflict (id) do update set supply_id = excluded.supply_id, format_id = excluded.format_id, name = excluded.name, price = excluded.price, grams = excluded.grams, is_active = excluded.is_active, sort_order = excluded.sort_order, created_at = excluded.created_at;
insert into public.addition_catalog (id, supply_id, format_id, name, price, grams, is_active, sort_order, created_at) values ('783d5824-ad6a-4fdf-bea7-5de07d4c0bb0', '00000000-0000-0000-0002-000000000028', '5c085f0f-2965-428e-b2e8-8a43dbb1bea6', 'Extra Atún', '2000', '25', 'true', '21', '2026-04-11 18:52:20.762681+00') on conflict (id) do update set supply_id = excluded.supply_id, format_id = excluded.format_id, name = excluded.name, price = excluded.price, grams = excluded.grams, is_active = excluded.is_active, sort_order = excluded.sort_order, created_at = excluded.created_at;
insert into public.addition_catalog (id, supply_id, format_id, name, price, grams, is_active, sort_order, created_at) values ('78c25b1e-de68-4ee5-abf1-de12ea52a1ef', '00000000-0000-0000-0002-000000000002', '8ebd1523-3ac0-4770-98d9-78c584bdcc36', 'Extra Queso', '2000', '39', 'true', '1', '2026-04-11 18:52:20.762681+00') on conflict (id) do update set supply_id = excluded.supply_id, format_id = excluded.format_id, name = excluded.name, price = excluded.price, grams = excluded.grams, is_active = excluded.is_active, sort_order = excluded.sort_order, created_at = excluded.created_at;
insert into public.addition_catalog (id, supply_id, format_id, name, price, grams, is_active, sort_order, created_at) values ('78f376d8-3fa9-4747-8bb8-5101e7d85b16', '00000000-0000-0000-0002-000000000006', '212caae0-0f84-41f8-a518-f13cd735f657', 'Extra Piña', '1000', '27', 'true', '7', '2026-04-11 18:52:20.762681+00') on conflict (id) do update set supply_id = excluded.supply_id, format_id = excluded.format_id, name = excluded.name, price = excluded.price, grams = excluded.grams, is_active = excluded.is_active, sort_order = excluded.sort_order, created_at = excluded.created_at;
insert into public.addition_catalog (id, supply_id, format_id, name, price, grams, is_active, sort_order, created_at) values ('7912a426-b147-4558-93d7-08f8804496cf', '00000000-0000-0000-0002-000000000024', 'f9590eb3-f443-49bd-b4e4-7f83a9949a78', 'Extra Pimentón Cebolla Cilantro', '1000', '42', 'true', '14', '2026-04-11 18:52:20.762681+00') on conflict (id) do update set supply_id = excluded.supply_id, format_id = excluded.format_id, name = excluded.name, price = excluded.price, grams = excluded.grams, is_active = excluded.is_active, sort_order = excluded.sort_order, created_at = excluded.created_at;
insert into public.addition_catalog (id, supply_id, format_id, name, price, grams, is_active, sort_order, created_at) values ('792beef1-3a13-4c49-8b82-2f9057df44bc', '00000000-0000-0000-0002-000000000027', '731472ff-a486-4443-8179-435b653ecd36', 'Extra Pimienta Cayena', '1000', '50', 'true', '20', '2026-04-11 18:52:20.762681+00') on conflict (id) do update set supply_id = excluded.supply_id, format_id = excluded.format_id, name = excluded.name, price = excluded.price, grams = excluded.grams, is_active = excluded.is_active, sort_order = excluded.sort_order, created_at = excluded.created_at;
insert into public.addition_catalog (id, supply_id, format_id, name, price, grams, is_active, sort_order, created_at) values ('79b0af48-df28-4263-8f30-a7bc65485e2a', '00000000-0000-0000-0002-000000000025', '50cb994f-c464-4319-8ae0-d9aed00f625c', 'Extra Salsa de Ajo', '1000', '10', 'true', '16', '2026-04-11 18:52:20.762681+00') on conflict (id) do update set supply_id = excluded.supply_id, format_id = excluded.format_id, name = excluded.name, price = excluded.price, grams = excluded.grams, is_active = excluded.is_active, sort_order = excluded.sort_order, created_at = excluded.created_at;
insert into public.addition_catalog (id, supply_id, format_id, name, price, grams, is_active, sort_order, created_at) values ('79ca5f97-e28d-4a95-8c02-a07f3d9e0f77', '00000000-0000-0000-0002-000000000012', '8ebd1523-3ac0-4770-98d9-78c584bdcc36', 'Extra Carne Molida', '2000', '25', 'true', '12', '2026-04-11 18:52:20.762681+00') on conflict (id) do update set supply_id = excluded.supply_id, format_id = excluded.format_id, name = excluded.name, price = excluded.price, grams = excluded.grams, is_active = excluded.is_active, sort_order = excluded.sort_order, created_at = excluded.created_at;
insert into public.addition_catalog (id, supply_id, format_id, name, price, grams, is_active, sort_order, created_at) values ('7a37706d-8511-4c36-a49a-15ee8b00bebf', '00000000-0000-0000-0002-000000000024', '8ebd1523-3ac0-4770-98d9-78c584bdcc36', 'Extra Pimentón Cebolla Cilantro', '1000', '42', 'true', '14', '2026-04-11 18:52:20.762681+00') on conflict (id) do update set supply_id = excluded.supply_id, format_id = excluded.format_id, name = excluded.name, price = excluded.price, grams = excluded.grams, is_active = excluded.is_active, sort_order = excluded.sort_order, created_at = excluded.created_at;
insert into public.addition_catalog (id, supply_id, format_id, name, price, grams, is_active, sort_order, created_at) values ('7ac7d9c9-e3ad-4e20-b92f-8361700cb1a8', '00000000-0000-0000-0002-000000000026', 'd77153ba-ed83-4662-88ca-8279a5541e96', 'Extra Miel Picante', '1000', '50', 'true', '19', '2026-04-11 18:52:20.762681+00') on conflict (id) do update set supply_id = excluded.supply_id, format_id = excluded.format_id, name = excluded.name, price = excluded.price, grams = excluded.grams, is_active = excluded.is_active, sort_order = excluded.sort_order, created_at = excluded.created_at;
insert into public.addition_catalog (id, supply_id, format_id, name, price, grams, is_active, sort_order, created_at) values ('7af2197e-296c-4980-b6a8-b9ac8c6db62b', '00000000-0000-0000-0002-000000000026', '7ccb56fa-c8b4-42b5-bea8-8618145f4ccb', 'Extra Miel Picante', '1000', '50', 'true', '19', '2026-04-11 18:52:20.762681+00') on conflict (id) do update set supply_id = excluded.supply_id, format_id = excluded.format_id, name = excluded.name, price = excluded.price, grams = excluded.grams, is_active = excluded.is_active, sort_order = excluded.sort_order, created_at = excluded.created_at;
insert into public.addition_catalog (id, supply_id, format_id, name, price, grams, is_active, sort_order, created_at) values ('7b73ed7f-1552-41ec-b9f4-5748b0005f62', '00000000-0000-0000-0002-000000000017', '50cb994f-c464-4319-8ae0-d9aed00f625c', 'Extra Salsa de Jalapeño', '1000', '50', 'true', '17', '2026-04-11 18:52:20.762681+00') on conflict (id) do update set supply_id = excluded.supply_id, format_id = excluded.format_id, name = excluded.name, price = excluded.price, grams = excluded.grams, is_active = excluded.is_active, sort_order = excluded.sort_order, created_at = excluded.created_at;
insert into public.addition_catalog (id, supply_id, format_id, name, price, grams, is_active, sort_order, created_at) values ('7c9b04b9-2124-4697-a923-3b43c64bff4e', '00000000-0000-0000-0002-000000000028', 'afabb066-075c-499c-bfb7-81dc30d2c3fe', 'Extra Atún', '2000', '25', 'true', '21', '2026-04-11 18:52:20.762681+00') on conflict (id) do update set supply_id = excluded.supply_id, format_id = excluded.format_id, name = excluded.name, price = excluded.price, grams = excluded.grams, is_active = excluded.is_active, sort_order = excluded.sort_order, created_at = excluded.created_at;
insert into public.addition_catalog (id, supply_id, format_id, name, price, grams, is_active, sort_order, created_at) values ('7cae0038-20e9-4de9-9d49-5f3c8ca4e04e', '00000000-0000-0000-0002-000000000003', 'd77153ba-ed83-4662-88ca-8279a5541e96', 'Extra Salsa Napolitana', '1000', '50', 'true', '2', '2026-04-11 18:52:20.762681+00') on conflict (id) do update set supply_id = excluded.supply_id, format_id = excluded.format_id, name = excluded.name, price = excluded.price, grams = excluded.grams, is_active = excluded.is_active, sort_order = excluded.sort_order, created_at = excluded.created_at;
insert into public.addition_catalog (id, supply_id, format_id, name, price, grams, is_active, sort_order, created_at) values ('7cf35c62-d472-4480-a26c-75a9169f0373', '00000000-0000-0000-0002-000000000022', '5c085f0f-2965-428e-b2e8-8a43dbb1bea6', 'Extra Aceitunas', '2000', '19', 'true', '11', '2026-04-11 18:52:20.762681+00') on conflict (id) do update set supply_id = excluded.supply_id, format_id = excluded.format_id, name = excluded.name, price = excluded.price, grams = excluded.grams, is_active = excluded.is_active, sort_order = excluded.sort_order, created_at = excluded.created_at;
insert into public.addition_catalog (id, supply_id, format_id, name, price, grams, is_active, sort_order, created_at) values ('7d4bee72-9407-43bf-b36b-1987f5624c52', '00000000-0000-0000-0002-000000000007', '3b521025-1970-4f7b-9415-eb76bd12753e', 'Extra Pepperoni', '2000', '31', 'true', '6', '2026-04-11 18:52:20.762681+00') on conflict (id) do update set supply_id = excluded.supply_id, format_id = excluded.format_id, name = excluded.name, price = excluded.price, grams = excluded.grams, is_active = excluded.is_active, sort_order = excluded.sort_order, created_at = excluded.created_at;
insert into public.addition_catalog (id, supply_id, format_id, name, price, grams, is_active, sort_order, created_at) values ('7e8242ed-f7e3-4a60-b4b5-84233eeabd3a', '00000000-0000-0000-0002-000000000016', '731472ff-a486-4443-8179-435b653ecd36', 'Extra Salsa de Albahaca', '1000', '50', 'true', '18', '2026-04-11 18:52:20.762681+00') on conflict (id) do update set supply_id = excluded.supply_id, format_id = excluded.format_id, name = excluded.name, price = excluded.price, grams = excluded.grams, is_active = excluded.is_active, sort_order = excluded.sort_order, created_at = excluded.created_at;
insert into public.addition_catalog (id, supply_id, format_id, name, price, grams, is_active, sort_order, created_at) values ('7eb5d8b4-c22f-40e9-91f9-351c4ac9435e', '00000000-0000-0000-0002-000000000013', '15a846b4-1b7b-44cb-9f26-b00271901739', 'Extra Guacamole', '1000', '42', 'true', '15', '2026-04-11 18:52:20.762681+00') on conflict (id) do update set supply_id = excluded.supply_id, format_id = excluded.format_id, name = excluded.name, price = excluded.price, grams = excluded.grams, is_active = excluded.is_active, sort_order = excluded.sort_order, created_at = excluded.created_at;
insert into public.addition_catalog (id, supply_id, format_id, name, price, grams, is_active, sort_order, created_at) values ('7ee31da7-245d-4475-9f1f-35a1631a6baf', '00000000-0000-0000-0002-000000000009', '462f53bc-a2e4-41a1-917c-f303cc79a91f', 'Extra Champiñones', '2000', '31', 'true', '8', '2026-04-11 18:52:20.762681+00') on conflict (id) do update set supply_id = excluded.supply_id, format_id = excluded.format_id, name = excluded.name, price = excluded.price, grams = excluded.grams, is_active = excluded.is_active, sort_order = excluded.sort_order, created_at = excluded.created_at;
insert into public.addition_catalog (id, supply_id, format_id, name, price, grams, is_active, sort_order, created_at) values ('7ee54522-5c6f-4d40-be48-51681ce0ffd2', '00000000-0000-0000-0002-000000000017', '894a1675-8ad8-4417-8b64-596102577cb7', 'Extra Salsa de Jalapeño', '1000', '50', 'true', '17', '2026-04-11 18:52:20.762681+00') on conflict (id) do update set supply_id = excluded.supply_id, format_id = excluded.format_id, name = excluded.name, price = excluded.price, grams = excluded.grams, is_active = excluded.is_active, sort_order = excluded.sort_order, created_at = excluded.created_at;
insert into public.addition_catalog (id, supply_id, format_id, name, price, grams, is_active, sort_order, created_at) values ('7f2d2918-5435-4f9c-ab34-2516880a9a1b', '00000000-0000-0000-0002-000000000008', 'd77153ba-ed83-4662-88ca-8279a5541e96', 'Extra Pechuga', '2000', '13', 'true', '4', '2026-04-11 18:52:20.762681+00') on conflict (id) do update set supply_id = excluded.supply_id, format_id = excluded.format_id, name = excluded.name, price = excluded.price, grams = excluded.grams, is_active = excluded.is_active, sort_order = excluded.sort_order, created_at = excluded.created_at;
insert into public.addition_catalog (id, supply_id, format_id, name, price, grams, is_active, sort_order, created_at) values ('7f38545f-2421-4a9b-a28a-520058072830', '00000000-0000-0000-0002-000000000006', 'a3a99307-2bc9-413c-804d-1b0dda4b4488', 'Extra Piña', '1000', '27', 'true', '7', '2026-04-11 18:52:20.762681+00') on conflict (id) do update set supply_id = excluded.supply_id, format_id = excluded.format_id, name = excluded.name, price = excluded.price, grams = excluded.grams, is_active = excluded.is_active, sort_order = excluded.sort_order, created_at = excluded.created_at;
insert into public.addition_catalog (id, supply_id, format_id, name, price, grams, is_active, sort_order, created_at) values ('7f899f22-5c2d-4f89-b420-4629e9d6f562', '00000000-0000-0000-0002-000000000016', 'd77153ba-ed83-4662-88ca-8279a5541e96', 'Extra Salsa de Albahaca', '1000', '50', 'true', '18', '2026-04-11 18:52:20.762681+00') on conflict (id) do update set supply_id = excluded.supply_id, format_id = excluded.format_id, name = excluded.name, price = excluded.price, grams = excluded.grams, is_active = excluded.is_active, sort_order = excluded.sort_order, created_at = excluded.created_at;
insert into public.addition_catalog (id, supply_id, format_id, name, price, grams, is_active, sort_order, created_at) values ('804645c3-aa15-48bc-8410-67b6625b6ea7', '00000000-0000-0000-0002-000000000017', 'a3a99307-2bc9-413c-804d-1b0dda4b4488', 'Extra Salsa de Jalapeño', '1000', '50', 'true', '17', '2026-04-11 18:52:20.762681+00') on conflict (id) do update set supply_id = excluded.supply_id, format_id = excluded.format_id, name = excluded.name, price = excluded.price, grams = excluded.grams, is_active = excluded.is_active, sort_order = excluded.sort_order, created_at = excluded.created_at;
insert into public.addition_catalog (id, supply_id, format_id, name, price, grams, is_active, sort_order, created_at) values ('80effd41-5186-4c67-8a19-431b2491fb84', '00000000-0000-0000-0002-000000000021', '50cb994f-c464-4319-8ae0-d9aed00f625c', 'Extra Jalapeño', '1000', '25', 'true', '10', '2026-04-11 18:52:20.762681+00') on conflict (id) do update set supply_id = excluded.supply_id, format_id = excluded.format_id, name = excluded.name, price = excluded.price, grams = excluded.grams, is_active = excluded.is_active, sort_order = excluded.sort_order, created_at = excluded.created_at;
insert into public.addition_catalog (id, supply_id, format_id, name, price, grams, is_active, sort_order, created_at) values ('816dae2e-3509-4f18-b1f6-d50557448940', '00000000-0000-0000-0002-000000000026', '3051d941-3c79-4311-8efa-779fd715b540', 'Extra Miel Picante', '1000', '50', 'true', '19', '2026-04-11 18:52:20.762681+00') on conflict (id) do update set supply_id = excluded.supply_id, format_id = excluded.format_id, name = excluded.name, price = excluded.price, grams = excluded.grams, is_active = excluded.is_active, sort_order = excluded.sort_order, created_at = excluded.created_at;
insert into public.addition_catalog (id, supply_id, format_id, name, price, grams, is_active, sort_order, created_at) values ('81973b94-72cb-448d-85ef-7d845299caf2', '00000000-0000-0000-0002-000000000003', '8b9f43b8-126a-41ef-a9e3-37df34edc44b', 'Extra Salsa Napolitana', '1000', '50', 'true', '2', '2026-04-11 18:52:20.762681+00') on conflict (id) do update set supply_id = excluded.supply_id, format_id = excluded.format_id, name = excluded.name, price = excluded.price, grams = excluded.grams, is_active = excluded.is_active, sort_order = excluded.sort_order, created_at = excluded.created_at;
insert into public.addition_catalog (id, supply_id, format_id, name, price, grams, is_active, sort_order, created_at) values ('8202eb49-a5ae-42ce-942c-545c490ed2cc', '00000000-0000-0000-0002-000000000013', 'fe406ea2-32b4-4e14-af2a-49e9887e51f8', 'Extra Guacamole', '1000', '42', 'true', '15', '2026-04-11 18:52:20.762681+00') on conflict (id) do update set supply_id = excluded.supply_id, format_id = excluded.format_id, name = excluded.name, price = excluded.price, grams = excluded.grams, is_active = excluded.is_active, sort_order = excluded.sort_order, created_at = excluded.created_at;
insert into public.addition_catalog (id, supply_id, format_id, name, price, grams, is_active, sort_order, created_at) values ('8204c173-1216-47c0-b28a-0975b7d46662', '00000000-0000-0000-0002-000000000028', '560273c0-172d-47d3-83b7-2e95be293b29', 'Extra Atún', '2000', '25', 'true', '21', '2026-04-11 18:52:20.762681+00') on conflict (id) do update set supply_id = excluded.supply_id, format_id = excluded.format_id, name = excluded.name, price = excluded.price, grams = excluded.grams, is_active = excluded.is_active, sort_order = excluded.sort_order, created_at = excluded.created_at;
insert into public.addition_catalog (id, supply_id, format_id, name, price, grams, is_active, sort_order, created_at) values ('822f9e98-a7bb-4434-8cd9-952dfb2c4079', '00000000-0000-0000-0002-000000000004', 'a8bed84e-7890-4c9c-98d9-417bf76e91f5', 'Extra Jamón', '2000', '17', 'true', '3', '2026-04-11 18:52:20.762681+00') on conflict (id) do update set supply_id = excluded.supply_id, format_id = excluded.format_id, name = excluded.name, price = excluded.price, grams = excluded.grams, is_active = excluded.is_active, sort_order = excluded.sort_order, created_at = excluded.created_at;
insert into public.addition_catalog (id, supply_id, format_id, name, price, grams, is_active, sort_order, created_at) values ('825c8c77-ef84-4de6-96a0-7b5e2d4d1587', '00000000-0000-0000-0002-000000000007', '894a1675-8ad8-4417-8b64-596102577cb7', 'Extra Pepperoni', '2000', '31', 'true', '6', '2026-04-11 18:52:20.762681+00') on conflict (id) do update set supply_id = excluded.supply_id, format_id = excluded.format_id, name = excluded.name, price = excluded.price, grams = excluded.grams, is_active = excluded.is_active, sort_order = excluded.sort_order, created_at = excluded.created_at;
insert into public.addition_catalog (id, supply_id, format_id, name, price, grams, is_active, sort_order, created_at) values ('82aabc99-459a-42a8-a8c7-8734797633ba', '00000000-0000-0000-0002-000000000027', '978b6152-47de-48f3-a7de-8a75d1902deb', 'Extra Pimienta Cayena', '1000', '50', 'true', '20', '2026-04-11 18:52:20.762681+00') on conflict (id) do update set supply_id = excluded.supply_id, format_id = excluded.format_id, name = excluded.name, price = excluded.price, grams = excluded.grams, is_active = excluded.is_active, sort_order = excluded.sort_order, created_at = excluded.created_at;
insert into public.addition_catalog (id, supply_id, format_id, name, price, grams, is_active, sort_order, created_at) values ('82c5f115-ab76-4eda-9642-8bd2821c17ac', '00000000-0000-0000-0002-000000000025', '54edbdeb-313e-4985-867a-8af3a687d9b1', 'Extra Salsa de Ajo', '1000', '10', 'true', '16', '2026-04-11 18:52:20.762681+00') on conflict (id) do update set supply_id = excluded.supply_id, format_id = excluded.format_id, name = excluded.name, price = excluded.price, grams = excluded.grams, is_active = excluded.is_active, sort_order = excluded.sort_order, created_at = excluded.created_at;
insert into public.addition_catalog (id, supply_id, format_id, name, price, grams, is_active, sort_order, created_at) values ('830d1210-487a-4187-a0cf-6f14bf0bff12', '00000000-0000-0000-0002-000000000008', '4933cc6f-1e05-487c-b4f7-428418382302', 'Extra Pechuga', '2000', '13', 'true', '4', '2026-04-11 18:52:20.762681+00') on conflict (id) do update set supply_id = excluded.supply_id, format_id = excluded.format_id, name = excluded.name, price = excluded.price, grams = excluded.grams, is_active = excluded.is_active, sort_order = excluded.sort_order, created_at = excluded.created_at;
insert into public.addition_catalog (id, supply_id, format_id, name, price, grams, is_active, sort_order, created_at) values ('83cc77fa-5ebf-449e-8cba-617a3fbe2f01', '00000000-0000-0000-0002-000000000028', 'a8bed84e-7890-4c9c-98d9-417bf76e91f5', 'Extra Atún', '2000', '25', 'true', '21', '2026-04-11 18:52:20.762681+00') on conflict (id) do update set supply_id = excluded.supply_id, format_id = excluded.format_id, name = excluded.name, price = excluded.price, grams = excluded.grams, is_active = excluded.is_active, sort_order = excluded.sort_order, created_at = excluded.created_at;
insert into public.addition_catalog (id, supply_id, format_id, name, price, grams, is_active, sort_order, created_at) values ('840cdfba-b8bf-4b1d-ac39-04baeb707300', '00000000-0000-0000-0002-000000000017', 'ee4bff3e-cc84-439d-97b5-561d0ade13e3', 'Extra Salsa de Jalapeño', '1000', '50', 'true', '17', '2026-04-11 18:52:20.762681+00') on conflict (id) do update set supply_id = excluded.supply_id, format_id = excluded.format_id, name = excluded.name, price = excluded.price, grams = excluded.grams, is_active = excluded.is_active, sort_order = excluded.sort_order, created_at = excluded.created_at;
insert into public.addition_catalog (id, supply_id, format_id, name, price, grams, is_active, sort_order, created_at) values ('84741abd-605d-4a13-8b4e-721a54eb100c', '00000000-0000-0000-0002-000000000026', 'a8bed84e-7890-4c9c-98d9-417bf76e91f5', 'Extra Miel Picante', '1000', '50', 'true', '19', '2026-04-11 18:52:20.762681+00') on conflict (id) do update set supply_id = excluded.supply_id, format_id = excluded.format_id, name = excluded.name, price = excluded.price, grams = excluded.grams, is_active = excluded.is_active, sort_order = excluded.sort_order, created_at = excluded.created_at;
insert into public.addition_catalog (id, supply_id, format_id, name, price, grams, is_active, sort_order, created_at) values ('84753883-b0af-480f-9fce-433e34150b29', '00000000-0000-0000-0002-000000000009', '74f3718a-6df1-46a7-8f31-5fe177fffbc5', 'Extra Champiñones', '2000', '31', 'true', '8', '2026-04-11 18:52:20.762681+00') on conflict (id) do update set supply_id = excluded.supply_id, format_id = excluded.format_id, name = excluded.name, price = excluded.price, grams = excluded.grams, is_active = excluded.is_active, sort_order = excluded.sort_order, created_at = excluded.created_at;
insert into public.addition_catalog (id, supply_id, format_id, name, price, grams, is_active, sort_order, created_at) values ('84a89291-5aaf-4a59-99ac-31f71de3a0d2', '00000000-0000-0000-0002-000000000022', '8ebd1523-3ac0-4770-98d9-78c584bdcc36', 'Extra Aceitunas', '2000', '19', 'true', '11', '2026-04-11 18:52:20.762681+00') on conflict (id) do update set supply_id = excluded.supply_id, format_id = excluded.format_id, name = excluded.name, price = excluded.price, grams = excluded.grams, is_active = excluded.is_active, sort_order = excluded.sort_order, created_at = excluded.created_at;
insert into public.addition_catalog (id, supply_id, format_id, name, price, grams, is_active, sort_order, created_at) values ('84bc7d9f-7f17-4fc4-ad1f-3f23db097022', '00000000-0000-0000-0002-000000000021', '74f3718a-6df1-46a7-8f31-5fe177fffbc5', 'Extra Jalapeño', '1000', '25', 'true', '10', '2026-04-11 18:52:20.762681+00') on conflict (id) do update set supply_id = excluded.supply_id, format_id = excluded.format_id, name = excluded.name, price = excluded.price, grams = excluded.grams, is_active = excluded.is_active, sort_order = excluded.sort_order, created_at = excluded.created_at;
insert into public.addition_catalog (id, supply_id, format_id, name, price, grams, is_active, sort_order, created_at) values ('84c44d1f-6906-4aa7-aedc-b020dc1c3999', '00000000-0000-0000-0002-000000000007', '4933cc6f-1e05-487c-b4f7-428418382302', 'Extra Pepperoni', '2000', '31', 'true', '6', '2026-04-11 18:52:20.762681+00') on conflict (id) do update set supply_id = excluded.supply_id, format_id = excluded.format_id, name = excluded.name, price = excluded.price, grams = excluded.grams, is_active = excluded.is_active, sort_order = excluded.sort_order, created_at = excluded.created_at;
insert into public.addition_catalog (id, supply_id, format_id, name, price, grams, is_active, sort_order, created_at) values ('852088d5-4ad3-42dc-a3e7-085a09589381', '00000000-0000-0000-0002-000000000025', 'd2afd424-0b64-44a7-87cf-33d3ec93f9c3', 'Extra Salsa de Ajo', '1000', '10', 'true', '16', '2026-04-11 18:52:20.762681+00') on conflict (id) do update set supply_id = excluded.supply_id, format_id = excluded.format_id, name = excluded.name, price = excluded.price, grams = excluded.grams, is_active = excluded.is_active, sort_order = excluded.sort_order, created_at = excluded.created_at;
insert into public.addition_catalog (id, supply_id, format_id, name, price, grams, is_active, sort_order, created_at) values ('854fccab-f5c4-4fe9-a1a0-158d3408af29', '00000000-0000-0000-0002-000000000022', 'ee4bff3e-cc84-439d-97b5-561d0ade13e3', 'Extra Aceitunas', '2000', '19', 'true', '11', '2026-04-11 18:52:20.762681+00') on conflict (id) do update set supply_id = excluded.supply_id, format_id = excluded.format_id, name = excluded.name, price = excluded.price, grams = excluded.grams, is_active = excluded.is_active, sort_order = excluded.sort_order, created_at = excluded.created_at;
insert into public.addition_catalog (id, supply_id, format_id, name, price, grams, is_active, sort_order, created_at) values ('85737c68-f560-4148-966d-20ed0c1526e4', '00000000-0000-0000-0002-000000000017', '978b6152-47de-48f3-a7de-8a75d1902deb', 'Extra Salsa de Jalapeño', '1000', '50', 'true', '17', '2026-04-11 18:52:20.762681+00') on conflict (id) do update set supply_id = excluded.supply_id, format_id = excluded.format_id, name = excluded.name, price = excluded.price, grams = excluded.grams, is_active = excluded.is_active, sort_order = excluded.sort_order, created_at = excluded.created_at;
insert into public.addition_catalog (id, supply_id, format_id, name, price, grams, is_active, sort_order, created_at) values ('8641347f-d566-41ef-af8f-02ef9d10368f', '00000000-0000-0000-0002-000000000004', 'afabb066-075c-499c-bfb7-81dc30d2c3fe', 'Extra Jamón', '2000', '17', 'true', '3', '2026-04-11 18:52:20.762681+00') on conflict (id) do update set supply_id = excluded.supply_id, format_id = excluded.format_id, name = excluded.name, price = excluded.price, grams = excluded.grams, is_active = excluded.is_active, sort_order = excluded.sort_order, created_at = excluded.created_at;
insert into public.addition_catalog (id, supply_id, format_id, name, price, grams, is_active, sort_order, created_at) values ('874387f3-1aa4-4a16-8bf9-b4b0026710e9', '00000000-0000-0000-0002-000000000023', '66cd2881-b7dc-4043-b3ad-d781a1fdd423', 'Extra Tomate Pico de Gallo', '1000', '42', 'true', '13', '2026-04-11 18:52:20.762681+00') on conflict (id) do update set supply_id = excluded.supply_id, format_id = excluded.format_id, name = excluded.name, price = excluded.price, grams = excluded.grams, is_active = excluded.is_active, sort_order = excluded.sort_order, created_at = excluded.created_at;
insert into public.addition_catalog (id, supply_id, format_id, name, price, grams, is_active, sort_order, created_at) values ('87bae316-e721-4c1e-8e34-9d7aa7bac8ab', '00000000-0000-0000-0002-000000000022', '52daf59d-2fa1-4675-8657-6767a602d676', 'Extra Aceitunas', '2000', '19', 'true', '11', '2026-04-11 18:52:20.762681+00') on conflict (id) do update set supply_id = excluded.supply_id, format_id = excluded.format_id, name = excluded.name, price = excluded.price, grams = excluded.grams, is_active = excluded.is_active, sort_order = excluded.sort_order, created_at = excluded.created_at;
insert into public.addition_catalog (id, supply_id, format_id, name, price, grams, is_active, sort_order, created_at) values ('88fddcb7-c710-4b3c-8505-b2a2988be39f', '00000000-0000-0000-0002-000000000028', '52daf59d-2fa1-4675-8657-6767a602d676', 'Extra Atún', '2000', '25', 'true', '21', '2026-04-11 18:52:20.762681+00') on conflict (id) do update set supply_id = excluded.supply_id, format_id = excluded.format_id, name = excluded.name, price = excluded.price, grams = excluded.grams, is_active = excluded.is_active, sort_order = excluded.sort_order, created_at = excluded.created_at;
insert into public.addition_catalog (id, supply_id, format_id, name, price, grams, is_active, sort_order, created_at) values ('896a525a-2d31-4e51-8f93-46c6f6e93d85', '00000000-0000-0000-0002-000000000013', '54edbdeb-313e-4985-867a-8af3a687d9b1', 'Extra Guacamole', '1000', '42', 'true', '15', '2026-04-11 18:52:20.762681+00') on conflict (id) do update set supply_id = excluded.supply_id, format_id = excluded.format_id, name = excluded.name, price = excluded.price, grams = excluded.grams, is_active = excluded.is_active, sort_order = excluded.sort_order, created_at = excluded.created_at;
insert into public.addition_catalog (id, supply_id, format_id, name, price, grams, is_active, sort_order, created_at) values ('897a5545-15d2-45a2-8e72-f63cbe8013fa', '00000000-0000-0000-0002-000000000023', 'a8bed84e-7890-4c9c-98d9-417bf76e91f5', 'Extra Tomate Pico de Gallo', '1000', '42', 'true', '13', '2026-04-11 18:52:20.762681+00') on conflict (id) do update set supply_id = excluded.supply_id, format_id = excluded.format_id, name = excluded.name, price = excluded.price, grams = excluded.grams, is_active = excluded.is_active, sort_order = excluded.sort_order, created_at = excluded.created_at;
insert into public.addition_catalog (id, supply_id, format_id, name, price, grams, is_active, sort_order, created_at) values ('8a224966-c545-4550-bb12-4b39d19c92c8', '00000000-0000-0000-0002-000000000008', '66cd2881-b7dc-4043-b3ad-d781a1fdd423', 'Extra Pechuga', '2000', '13', 'true', '4', '2026-04-11 18:52:20.762681+00') on conflict (id) do update set supply_id = excluded.supply_id, format_id = excluded.format_id, name = excluded.name, price = excluded.price, grams = excluded.grams, is_active = excluded.is_active, sort_order = excluded.sort_order, created_at = excluded.created_at;
insert into public.addition_catalog (id, supply_id, format_id, name, price, grams, is_active, sort_order, created_at) values ('8a6ef586-40af-42a6-84fc-fc2eb0874d04', '00000000-0000-0000-0002-000000000024', '66cd2881-b7dc-4043-b3ad-d781a1fdd423', 'Extra Pimentón Cebolla Cilantro', '1000', '42', 'true', '14', '2026-04-11 18:52:20.762681+00') on conflict (id) do update set supply_id = excluded.supply_id, format_id = excluded.format_id, name = excluded.name, price = excluded.price, grams = excluded.grams, is_active = excluded.is_active, sort_order = excluded.sort_order, created_at = excluded.created_at;
insert into public.addition_catalog (id, supply_id, format_id, name, price, grams, is_active, sort_order, created_at) values ('8ae29ee0-983e-4356-ab97-901f8b281d56', '00000000-0000-0000-0002-000000000016', '9c33e49b-7ad8-47d7-83d0-a1ec7fedf439', 'Extra Salsa de Albahaca', '1000', '50', 'true', '18', '2026-04-11 18:52:20.762681+00') on conflict (id) do update set supply_id = excluded.supply_id, format_id = excluded.format_id, name = excluded.name, price = excluded.price, grams = excluded.grams, is_active = excluded.is_active, sort_order = excluded.sort_order, created_at = excluded.created_at;
insert into public.addition_catalog (id, supply_id, format_id, name, price, grams, is_active, sort_order, created_at) values ('8b7c6595-cd01-44fe-8bd0-f28b9f85cf6b', '00000000-0000-0000-0002-000000000004', '50cb994f-c464-4319-8ae0-d9aed00f625c', 'Extra Jamón', '2000', '17', 'true', '3', '2026-04-11 18:52:20.762681+00') on conflict (id) do update set supply_id = excluded.supply_id, format_id = excluded.format_id, name = excluded.name, price = excluded.price, grams = excluded.grams, is_active = excluded.is_active, sort_order = excluded.sort_order, created_at = excluded.created_at;
insert into public.addition_catalog (id, supply_id, format_id, name, price, grams, is_active, sort_order, created_at) values ('8c595ab1-1938-41ee-9f5f-b7bb1cbff0d3', '00000000-0000-0000-0002-000000000016', 'afabb066-075c-499c-bfb7-81dc30d2c3fe', 'Extra Salsa de Albahaca', '1000', '50', 'true', '18', '2026-04-11 18:52:20.762681+00') on conflict (id) do update set supply_id = excluded.supply_id, format_id = excluded.format_id, name = excluded.name, price = excluded.price, grams = excluded.grams, is_active = excluded.is_active, sort_order = excluded.sort_order, created_at = excluded.created_at;
insert into public.addition_catalog (id, supply_id, format_id, name, price, grams, is_active, sort_order, created_at) values ('8c67c029-b16c-49fc-96d5-dd60b911998d', '00000000-0000-0000-0002-000000000009', '389a4673-a142-4fab-a2c4-76f2a042295f', 'Extra Champiñones', '2000', '31', 'true', '8', '2026-04-11 18:52:20.762681+00') on conflict (id) do update set supply_id = excluded.supply_id, format_id = excluded.format_id, name = excluded.name, price = excluded.price, grams = excluded.grams, is_active = excluded.is_active, sort_order = excluded.sort_order, created_at = excluded.created_at;
insert into public.addition_catalog (id, supply_id, format_id, name, price, grams, is_active, sort_order, created_at) values ('8dd48b09-cdbd-4ef8-9cf6-6b9898e1ddd2', '00000000-0000-0000-0002-000000000009', 'c70aef5b-f3d6-4879-8c7d-109d647891df', 'Extra Champiñones', '2000', '31', 'true', '8', '2026-04-11 18:52:20.762681+00') on conflict (id) do update set supply_id = excluded.supply_id, format_id = excluded.format_id, name = excluded.name, price = excluded.price, grams = excluded.grams, is_active = excluded.is_active, sort_order = excluded.sort_order, created_at = excluded.created_at;
insert into public.addition_catalog (id, supply_id, format_id, name, price, grams, is_active, sort_order, created_at) values ('8e0249fa-df05-47e5-a455-e478570dd5a2', '00000000-0000-0000-0002-000000000021', '894a1675-8ad8-4417-8b64-596102577cb7', 'Extra Jalapeño', '1000', '25', 'true', '10', '2026-04-11 18:52:20.762681+00') on conflict (id) do update set supply_id = excluded.supply_id, format_id = excluded.format_id, name = excluded.name, price = excluded.price, grams = excluded.grams, is_active = excluded.is_active, sort_order = excluded.sort_order, created_at = excluded.created_at;
insert into public.addition_catalog (id, supply_id, format_id, name, price, grams, is_active, sort_order, created_at) values ('8e5bd37d-2c22-4dc0-a2ac-640bead91347', '00000000-0000-0000-0002-000000000012', '74f3718a-6df1-46a7-8f31-5fe177fffbc5', 'Extra Carne Molida', '2000', '25', 'true', '12', '2026-04-11 18:52:20.762681+00') on conflict (id) do update set supply_id = excluded.supply_id, format_id = excluded.format_id, name = excluded.name, price = excluded.price, grams = excluded.grams, is_active = excluded.is_active, sort_order = excluded.sort_order, created_at = excluded.created_at;
insert into public.addition_catalog (id, supply_id, format_id, name, price, grams, is_active, sort_order, created_at) values ('8e601d0e-8e52-48fa-bbe5-e7b50885be10', '00000000-0000-0000-0002-000000000005', '731472ff-a486-4443-8179-435b653ecd36', 'Extra Tocineta', '2000', '31', 'true', '5', '2026-04-11 18:52:20.762681+00') on conflict (id) do update set supply_id = excluded.supply_id, format_id = excluded.format_id, name = excluded.name, price = excluded.price, grams = excluded.grams, is_active = excluded.is_active, sort_order = excluded.sort_order, created_at = excluded.created_at;
insert into public.addition_catalog (id, supply_id, format_id, name, price, grams, is_active, sort_order, created_at) values ('8e7cc98d-afe7-44d0-9faa-61b0fcb8b919', '00000000-0000-0000-0002-000000000013', '05868d23-5264-444e-8173-0eb52bdf968a', 'Extra Guacamole', '1000', '42', 'true', '15', '2026-04-11 18:52:20.762681+00') on conflict (id) do update set supply_id = excluded.supply_id, format_id = excluded.format_id, name = excluded.name, price = excluded.price, grams = excluded.grams, is_active = excluded.is_active, sort_order = excluded.sort_order, created_at = excluded.created_at;
insert into public.addition_catalog (id, supply_id, format_id, name, price, grams, is_active, sort_order, created_at) values ('8f806b5b-8c09-404e-94d2-051bd6d90ec6', '00000000-0000-0000-0002-000000000022', '731472ff-a486-4443-8179-435b653ecd36', 'Extra Aceitunas', '2000', '19', 'true', '11', '2026-04-11 18:52:20.762681+00') on conflict (id) do update set supply_id = excluded.supply_id, format_id = excluded.format_id, name = excluded.name, price = excluded.price, grams = excluded.grams, is_active = excluded.is_active, sort_order = excluded.sort_order, created_at = excluded.created_at;
insert into public.addition_catalog (id, supply_id, format_id, name, price, grams, is_active, sort_order, created_at) values ('8ffef838-5994-4c2d-9c9a-160102bab65b', '00000000-0000-0000-0002-000000000020', '978b6152-47de-48f3-a7de-8a75d1902deb', 'Extra Maicitos', '1000', '40', 'true', '9', '2026-04-11 18:52:20.762681+00') on conflict (id) do update set supply_id = excluded.supply_id, format_id = excluded.format_id, name = excluded.name, price = excluded.price, grams = excluded.grams, is_active = excluded.is_active, sort_order = excluded.sort_order, created_at = excluded.created_at;
insert into public.addition_catalog (id, supply_id, format_id, name, price, grams, is_active, sort_order, created_at) values ('9026e3e5-62c1-4054-b066-242919c6ca1a', '00000000-0000-0000-0002-000000000026', 'ee4bff3e-cc84-439d-97b5-561d0ade13e3', 'Extra Miel Picante', '1000', '50', 'true', '19', '2026-04-11 18:52:20.762681+00') on conflict (id) do update set supply_id = excluded.supply_id, format_id = excluded.format_id, name = excluded.name, price = excluded.price, grams = excluded.grams, is_active = excluded.is_active, sort_order = excluded.sort_order, created_at = excluded.created_at;
insert into public.addition_catalog (id, supply_id, format_id, name, price, grams, is_active, sort_order, created_at) values ('90eae64a-2f4f-4b0c-9e42-4de982e68b4f', '00000000-0000-0000-0002-000000000013', '5c085f0f-2965-428e-b2e8-8a43dbb1bea6', 'Extra Guacamole', '1000', '42', 'true', '15', '2026-04-11 18:52:20.762681+00') on conflict (id) do update set supply_id = excluded.supply_id, format_id = excluded.format_id, name = excluded.name, price = excluded.price, grams = excluded.grams, is_active = excluded.is_active, sort_order = excluded.sort_order, created_at = excluded.created_at;
insert into public.addition_catalog (id, supply_id, format_id, name, price, grams, is_active, sort_order, created_at) values ('913d4fd8-383c-484c-b1be-97a0f9d665d7', '00000000-0000-0000-0002-000000000006', '389a4673-a142-4fab-a2c4-76f2a042295f', 'Extra Piña', '1000', '27', 'true', '7', '2026-04-11 18:52:20.762681+00') on conflict (id) do update set supply_id = excluded.supply_id, format_id = excluded.format_id, name = excluded.name, price = excluded.price, grams = excluded.grams, is_active = excluded.is_active, sort_order = excluded.sort_order, created_at = excluded.created_at;
insert into public.addition_catalog (id, supply_id, format_id, name, price, grams, is_active, sort_order, created_at) values ('913dfdcf-40c8-4ad3-86c2-28090daecda0', '00000000-0000-0000-0002-000000000017', '5c085f0f-2965-428e-b2e8-8a43dbb1bea6', 'Extra Salsa de Jalapeño', '1000', '50', 'true', '17', '2026-04-11 18:52:20.762681+00') on conflict (id) do update set supply_id = excluded.supply_id, format_id = excluded.format_id, name = excluded.name, price = excluded.price, grams = excluded.grams, is_active = excluded.is_active, sort_order = excluded.sort_order, created_at = excluded.created_at;
insert into public.addition_catalog (id, supply_id, format_id, name, price, grams, is_active, sort_order, created_at) values ('918ea25f-04f6-438f-b71d-71f3091078c0', '00000000-0000-0000-0002-000000000008', '5c085f0f-2965-428e-b2e8-8a43dbb1bea6', 'Extra Pechuga', '2000', '13', 'true', '4', '2026-04-11 18:52:20.762681+00') on conflict (id) do update set supply_id = excluded.supply_id, format_id = excluded.format_id, name = excluded.name, price = excluded.price, grams = excluded.grams, is_active = excluded.is_active, sort_order = excluded.sort_order, created_at = excluded.created_at;
insert into public.addition_catalog (id, supply_id, format_id, name, price, grams, is_active, sort_order, created_at) values ('91b8b496-5259-4578-9ae6-224fac9a7ac3', '00000000-0000-0000-0002-000000000025', '731472ff-a486-4443-8179-435b653ecd36', 'Extra Salsa de Ajo', '1000', '10', 'true', '16', '2026-04-11 18:52:20.762681+00') on conflict (id) do update set supply_id = excluded.supply_id, format_id = excluded.format_id, name = excluded.name, price = excluded.price, grams = excluded.grams, is_active = excluded.is_active, sort_order = excluded.sort_order, created_at = excluded.created_at;
insert into public.addition_catalog (id, supply_id, format_id, name, price, grams, is_active, sort_order, created_at) values ('91cca3eb-f54f-4db2-8848-a34f140128e5', '00000000-0000-0000-0002-000000000012', '212caae0-0f84-41f8-a518-f13cd735f657', 'Extra Carne Molida', '2000', '25', 'true', '12', '2026-04-11 18:52:20.762681+00') on conflict (id) do update set supply_id = excluded.supply_id, format_id = excluded.format_id, name = excluded.name, price = excluded.price, grams = excluded.grams, is_active = excluded.is_active, sort_order = excluded.sort_order, created_at = excluded.created_at;
insert into public.addition_catalog (id, supply_id, format_id, name, price, grams, is_active, sort_order, created_at) values ('91ecf853-5d19-40db-96d0-c48f7f299428', '00000000-0000-0000-0002-000000000025', '8b9f43b8-126a-41ef-a9e3-37df34edc44b', 'Extra Salsa de Ajo', '1000', '10', 'true', '16', '2026-04-11 18:52:20.762681+00') on conflict (id) do update set supply_id = excluded.supply_id, format_id = excluded.format_id, name = excluded.name, price = excluded.price, grams = excluded.grams, is_active = excluded.is_active, sort_order = excluded.sort_order, created_at = excluded.created_at;
insert into public.addition_catalog (id, supply_id, format_id, name, price, grams, is_active, sort_order, created_at) values ('91ed1e74-016e-4424-a1fc-5436c485aebf', '00000000-0000-0000-0002-000000000005', '389a4673-a142-4fab-a2c4-76f2a042295f', 'Extra Tocineta', '2000', '31', 'true', '5', '2026-04-11 18:52:20.762681+00') on conflict (id) do update set supply_id = excluded.supply_id, format_id = excluded.format_id, name = excluded.name, price = excluded.price, grams = excluded.grams, is_active = excluded.is_active, sort_order = excluded.sort_order, created_at = excluded.created_at;
insert into public.addition_catalog (id, supply_id, format_id, name, price, grams, is_active, sort_order, created_at) values ('92ed8ef6-90cf-4d32-8589-82e6f0794adc', '00000000-0000-0000-0002-000000000004', '978b6152-47de-48f3-a7de-8a75d1902deb', 'Extra Jamón', '2000', '17', 'true', '3', '2026-04-11 18:52:20.762681+00') on conflict (id) do update set supply_id = excluded.supply_id, format_id = excluded.format_id, name = excluded.name, price = excluded.price, grams = excluded.grams, is_active = excluded.is_active, sort_order = excluded.sort_order, created_at = excluded.created_at;
insert into public.addition_catalog (id, supply_id, format_id, name, price, grams, is_active, sort_order, created_at) values ('944c7b8a-b0d9-4697-a931-3fcf27ae67c0', '00000000-0000-0000-0002-000000000013', '3b521025-1970-4f7b-9415-eb76bd12753e', 'Extra Guacamole', '1000', '42', 'true', '15', '2026-04-11 18:52:20.762681+00') on conflict (id) do update set supply_id = excluded.supply_id, format_id = excluded.format_id, name = excluded.name, price = excluded.price, grams = excluded.grams, is_active = excluded.is_active, sort_order = excluded.sort_order, created_at = excluded.created_at;
insert into public.addition_catalog (id, supply_id, format_id, name, price, grams, is_active, sort_order, created_at) values ('9480f148-4230-49c3-b45f-bb19f7349358', '00000000-0000-0000-0002-000000000002', '894a1675-8ad8-4417-8b64-596102577cb7', 'Extra Queso', '2000', '39', 'true', '1', '2026-04-11 18:52:20.762681+00') on conflict (id) do update set supply_id = excluded.supply_id, format_id = excluded.format_id, name = excluded.name, price = excluded.price, grams = excluded.grams, is_active = excluded.is_active, sort_order = excluded.sort_order, created_at = excluded.created_at;
insert into public.addition_catalog (id, supply_id, format_id, name, price, grams, is_active, sort_order, created_at) values ('94868f62-7901-4f84-91a8-7477be7d9522', '00000000-0000-0000-0002-000000000023', 'd2afd424-0b64-44a7-87cf-33d3ec93f9c3', 'Extra Tomate Pico de Gallo', '1000', '42', 'true', '13', '2026-04-11 18:52:20.762681+00') on conflict (id) do update set supply_id = excluded.supply_id, format_id = excluded.format_id, name = excluded.name, price = excluded.price, grams = excluded.grams, is_active = excluded.is_active, sort_order = excluded.sort_order, created_at = excluded.created_at;
insert into public.addition_catalog (id, supply_id, format_id, name, price, grams, is_active, sort_order, created_at) values ('949b24ad-a771-480d-a71c-7414327455b8', '00000000-0000-0000-0002-000000000025', 'f9590eb3-f443-49bd-b4e4-7f83a9949a78', 'Extra Salsa de Ajo', '1000', '10', 'true', '16', '2026-04-11 18:52:20.762681+00') on conflict (id) do update set supply_id = excluded.supply_id, format_id = excluded.format_id, name = excluded.name, price = excluded.price, grams = excluded.grams, is_active = excluded.is_active, sort_order = excluded.sort_order, created_at = excluded.created_at;
insert into public.addition_catalog (id, supply_id, format_id, name, price, grams, is_active, sort_order, created_at) values ('94dcc2ea-ed01-4437-8201-d877b7a3db74', '00000000-0000-0000-0002-000000000023', 'b310e1df-0de1-4da6-bd95-eaa7a51f2e81', 'Extra Tomate Pico de Gallo', '1500', '83', 'true', '13', '2026-04-11 18:52:20.762681+00') on conflict (id) do update set supply_id = excluded.supply_id, format_id = excluded.format_id, name = excluded.name, price = excluded.price, grams = excluded.grams, is_active = excluded.is_active, sort_order = excluded.sort_order, created_at = excluded.created_at;
insert into public.addition_catalog (id, supply_id, format_id, name, price, grams, is_active, sort_order, created_at) values ('952d64af-3d71-4d6d-9f3e-5e27552b858e', '00000000-0000-0000-0002-000000000003', 'b310e1df-0de1-4da6-bd95-eaa7a51f2e81', 'Extra Salsa Napolitana', '1500', '100', 'true', '2', '2026-04-11 18:52:20.762681+00') on conflict (id) do update set supply_id = excluded.supply_id, format_id = excluded.format_id, name = excluded.name, price = excluded.price, grams = excluded.grams, is_active = excluded.is_active, sort_order = excluded.sort_order, created_at = excluded.created_at;
insert into public.addition_catalog (id, supply_id, format_id, name, price, grams, is_active, sort_order, created_at) values ('959b624d-1c8d-4dd0-8604-e85e4153760d', '00000000-0000-0000-0002-000000000028', '66cd2881-b7dc-4043-b3ad-d781a1fdd423', 'Extra Atún', '2000', '25', 'true', '21', '2026-04-11 18:52:20.762681+00') on conflict (id) do update set supply_id = excluded.supply_id, format_id = excluded.format_id, name = excluded.name, price = excluded.price, grams = excluded.grams, is_active = excluded.is_active, sort_order = excluded.sort_order, created_at = excluded.created_at;
insert into public.addition_catalog (id, supply_id, format_id, name, price, grams, is_active, sort_order, created_at) values ('95b0358f-5c71-459c-a335-129de7ff259b', '00000000-0000-0000-0002-000000000026', '4245975d-205b-4b2d-a32a-118799ff653a', 'Extra Miel Picante', '1000', '50', 'true', '19', '2026-04-11 18:52:20.762681+00') on conflict (id) do update set supply_id = excluded.supply_id, format_id = excluded.format_id, name = excluded.name, price = excluded.price, grams = excluded.grams, is_active = excluded.is_active, sort_order = excluded.sort_order, created_at = excluded.created_at;
insert into public.addition_catalog (id, supply_id, format_id, name, price, grams, is_active, sort_order, created_at) values ('95bfd4c8-3ac2-4419-9818-f9a3d693c23b', '00000000-0000-0000-0002-000000000002', '9c724ed2-5154-4793-9f2f-20a6b30956a5', 'Extra Queso', '2000', '39', 'true', '1', '2026-04-11 18:52:20.762681+00') on conflict (id) do update set supply_id = excluded.supply_id, format_id = excluded.format_id, name = excluded.name, price = excluded.price, grams = excluded.grams, is_active = excluded.is_active, sort_order = excluded.sort_order, created_at = excluded.created_at;
insert into public.addition_catalog (id, supply_id, format_id, name, price, grams, is_active, sort_order, created_at) values ('95c11a42-9b1d-459b-9fbe-cc13627f3722', '00000000-0000-0000-0002-000000000006', '4933cc6f-1e05-487c-b4f7-428418382302', 'Extra Piña', '1000', '27', 'true', '7', '2026-04-11 18:52:20.762681+00') on conflict (id) do update set supply_id = excluded.supply_id, format_id = excluded.format_id, name = excluded.name, price = excluded.price, grams = excluded.grams, is_active = excluded.is_active, sort_order = excluded.sort_order, created_at = excluded.created_at;
insert into public.addition_catalog (id, supply_id, format_id, name, price, grams, is_active, sort_order, created_at) values ('9604d12b-e34a-4c62-be6b-ae65acdc1fd1', '00000000-0000-0000-0002-000000000016', '05868d23-5264-444e-8173-0eb52bdf968a', 'Extra Salsa de Albahaca', '1000', '50', 'true', '18', '2026-04-11 18:52:20.762681+00') on conflict (id) do update set supply_id = excluded.supply_id, format_id = excluded.format_id, name = excluded.name, price = excluded.price, grams = excluded.grams, is_active = excluded.is_active, sort_order = excluded.sort_order, created_at = excluded.created_at;
insert into public.addition_catalog (id, supply_id, format_id, name, price, grams, is_active, sort_order, created_at) values ('968dab40-13c7-41e9-b326-33331c8126f3', '00000000-0000-0000-0002-000000000021', '9c724ed2-5154-4793-9f2f-20a6b30956a5', 'Extra Jalapeño', '1000', '25', 'true', '10', '2026-04-11 18:52:20.762681+00') on conflict (id) do update set supply_id = excluded.supply_id, format_id = excluded.format_id, name = excluded.name, price = excluded.price, grams = excluded.grams, is_active = excluded.is_active, sort_order = excluded.sort_order, created_at = excluded.created_at;
insert into public.addition_catalog (id, supply_id, format_id, name, price, grams, is_active, sort_order, created_at) values ('973e1766-6111-4d76-a4e3-f0e31a641b70', '00000000-0000-0000-0002-000000000012', 'ee4bff3e-cc84-439d-97b5-561d0ade13e3', 'Extra Carne Molida', '2000', '25', 'true', '12', '2026-04-11 18:52:20.762681+00') on conflict (id) do update set supply_id = excluded.supply_id, format_id = excluded.format_id, name = excluded.name, price = excluded.price, grams = excluded.grams, is_active = excluded.is_active, sort_order = excluded.sort_order, created_at = excluded.created_at;
insert into public.addition_catalog (id, supply_id, format_id, name, price, grams, is_active, sort_order, created_at) values ('973ec253-390e-4271-b291-4c3b6760ca9c', '00000000-0000-0000-0002-000000000022', '9c724ed2-5154-4793-9f2f-20a6b30956a5', 'Extra Aceitunas', '2000', '19', 'true', '11', '2026-04-11 18:52:20.762681+00') on conflict (id) do update set supply_id = excluded.supply_id, format_id = excluded.format_id, name = excluded.name, price = excluded.price, grams = excluded.grams, is_active = excluded.is_active, sort_order = excluded.sort_order, created_at = excluded.created_at;
insert into public.addition_catalog (id, supply_id, format_id, name, price, grams, is_active, sort_order, created_at) values ('974be665-5a0c-4b16-bb83-7e8f3f3b33b5', '00000000-0000-0000-0002-000000000003', 'fe406ea2-32b4-4e14-af2a-49e9887e51f8', 'Extra Salsa Napolitana', '1000', '50', 'true', '2', '2026-04-11 18:52:20.762681+00') on conflict (id) do update set supply_id = excluded.supply_id, format_id = excluded.format_id, name = excluded.name, price = excluded.price, grams = excluded.grams, is_active = excluded.is_active, sort_order = excluded.sort_order, created_at = excluded.created_at;
insert into public.addition_catalog (id, supply_id, format_id, name, price, grams, is_active, sort_order, created_at) values ('97fcc02c-783d-4625-89a2-3644ea593f3f', '00000000-0000-0000-0002-000000000028', '15a846b4-1b7b-44cb-9f26-b00271901739', 'Extra Atún', '2000', '25', 'true', '21', '2026-04-11 18:52:20.762681+00') on conflict (id) do update set supply_id = excluded.supply_id, format_id = excluded.format_id, name = excluded.name, price = excluded.price, grams = excluded.grams, is_active = excluded.is_active, sort_order = excluded.sort_order, created_at = excluded.created_at;
insert into public.addition_catalog (id, supply_id, format_id, name, price, grams, is_active, sort_order, created_at) values ('9833311e-1e3b-48dc-9f58-724704f4eb7c', '00000000-0000-0000-0002-000000000007', '978b6152-47de-48f3-a7de-8a75d1902deb', 'Extra Pepperoni', '2000', '31', 'true', '6', '2026-04-11 18:52:20.762681+00') on conflict (id) do update set supply_id = excluded.supply_id, format_id = excluded.format_id, name = excluded.name, price = excluded.price, grams = excluded.grams, is_active = excluded.is_active, sort_order = excluded.sort_order, created_at = excluded.created_at;
insert into public.addition_catalog (id, supply_id, format_id, name, price, grams, is_active, sort_order, created_at) values ('9834f7e5-8fe6-4562-aaa3-e8e884b14a5e', '00000000-0000-0000-0002-000000000023', '4933cc6f-1e05-487c-b4f7-428418382302', 'Extra Tomate Pico de Gallo', '1000', '42', 'true', '13', '2026-04-11 18:52:20.762681+00') on conflict (id) do update set supply_id = excluded.supply_id, format_id = excluded.format_id, name = excluded.name, price = excluded.price, grams = excluded.grams, is_active = excluded.is_active, sort_order = excluded.sort_order, created_at = excluded.created_at;
insert into public.addition_catalog (id, supply_id, format_id, name, price, grams, is_active, sort_order, created_at) values ('98bcd4c8-7412-42e3-8396-8972de9ab65b', '00000000-0000-0000-0002-000000000027', 'd77153ba-ed83-4662-88ca-8279a5541e96', 'Extra Pimienta Cayena', '1000', '50', 'true', '20', '2026-04-11 18:52:20.762681+00') on conflict (id) do update set supply_id = excluded.supply_id, format_id = excluded.format_id, name = excluded.name, price = excluded.price, grams = excluded.grams, is_active = excluded.is_active, sort_order = excluded.sort_order, created_at = excluded.created_at;
insert into public.addition_catalog (id, supply_id, format_id, name, price, grams, is_active, sort_order, created_at) values ('9910357b-3e73-4302-b77b-bd35bcbabfeb', '00000000-0000-0000-0002-000000000024', '52daf59d-2fa1-4675-8657-6767a602d676', 'Extra Pimentón Cebolla Cilantro', '1000', '42', 'true', '14', '2026-04-11 18:52:20.762681+00') on conflict (id) do update set supply_id = excluded.supply_id, format_id = excluded.format_id, name = excluded.name, price = excluded.price, grams = excluded.grams, is_active = excluded.is_active, sort_order = excluded.sort_order, created_at = excluded.created_at;
insert into public.addition_catalog (id, supply_id, format_id, name, price, grams, is_active, sort_order, created_at) values ('991a307a-d2e9-49bd-838d-90f54520e527', '00000000-0000-0000-0002-000000000024', '4245975d-205b-4b2d-a32a-118799ff653a', 'Extra Pimentón Cebolla Cilantro', '1000', '42', 'true', '14', '2026-04-11 18:52:20.762681+00') on conflict (id) do update set supply_id = excluded.supply_id, format_id = excluded.format_id, name = excluded.name, price = excluded.price, grams = excluded.grams, is_active = excluded.is_active, sort_order = excluded.sort_order, created_at = excluded.created_at;
insert into public.addition_catalog (id, supply_id, format_id, name, price, grams, is_active, sort_order, created_at) values ('992fb5dc-e57f-4d2b-923e-079ac5245c67', '00000000-0000-0000-0002-000000000028', '731472ff-a486-4443-8179-435b653ecd36', 'Extra Atún', '2000', '25', 'true', '21', '2026-04-11 18:52:20.762681+00') on conflict (id) do update set supply_id = excluded.supply_id, format_id = excluded.format_id, name = excluded.name, price = excluded.price, grams = excluded.grams, is_active = excluded.is_active, sort_order = excluded.sort_order, created_at = excluded.created_at;
insert into public.addition_catalog (id, supply_id, format_id, name, price, grams, is_active, sort_order, created_at) values ('9956bb5c-db82-4084-bcd9-6c78b87f963c', '00000000-0000-0000-0002-000000000005', '74f3718a-6df1-46a7-8f31-5fe177fffbc5', 'Extra Tocineta', '2000', '31', 'true', '5', '2026-04-11 18:52:20.762681+00') on conflict (id) do update set supply_id = excluded.supply_id, format_id = excluded.format_id, name = excluded.name, price = excluded.price, grams = excluded.grams, is_active = excluded.is_active, sort_order = excluded.sort_order, created_at = excluded.created_at;
insert into public.addition_catalog (id, supply_id, format_id, name, price, grams, is_active, sort_order, created_at) values ('99844203-5482-46bd-b5a2-9f37413c17e4', '00000000-0000-0000-0002-000000000013', 'afabb066-075c-499c-bfb7-81dc30d2c3fe', 'Extra Guacamole', '1000', '42', 'true', '15', '2026-04-11 18:52:20.762681+00') on conflict (id) do update set supply_id = excluded.supply_id, format_id = excluded.format_id, name = excluded.name, price = excluded.price, grams = excluded.grams, is_active = excluded.is_active, sort_order = excluded.sort_order, created_at = excluded.created_at;
insert into public.addition_catalog (id, supply_id, format_id, name, price, grams, is_active, sort_order, created_at) values ('9a40eac8-5afb-490e-9659-06b2aba7dc3e', '00000000-0000-0000-0002-000000000008', '3051d941-3c79-4311-8efa-779fd715b540', 'Extra Pechuga', '2000', '13', 'true', '4', '2026-04-11 18:52:20.762681+00') on conflict (id) do update set supply_id = excluded.supply_id, format_id = excluded.format_id, name = excluded.name, price = excluded.price, grams = excluded.grams, is_active = excluded.is_active, sort_order = excluded.sort_order, created_at = excluded.created_at;
insert into public.addition_catalog (id, supply_id, format_id, name, price, grams, is_active, sort_order, created_at) values ('9a58cc67-cfd8-45de-8758-8c88237b5957', '00000000-0000-0000-0002-000000000027', 'ee4bff3e-cc84-439d-97b5-561d0ade13e3', 'Extra Pimienta Cayena', '1000', '50', 'true', '20', '2026-04-11 18:52:20.762681+00') on conflict (id) do update set supply_id = excluded.supply_id, format_id = excluded.format_id, name = excluded.name, price = excluded.price, grams = excluded.grams, is_active = excluded.is_active, sort_order = excluded.sort_order, created_at = excluded.created_at;
insert into public.addition_catalog (id, supply_id, format_id, name, price, grams, is_active, sort_order, created_at) values ('9a5aada6-36b8-4acf-a50e-c2f547406d96', '00000000-0000-0000-0002-000000000009', '4933cc6f-1e05-487c-b4f7-428418382302', 'Extra Champiñones', '2000', '31', 'true', '8', '2026-04-11 18:52:20.762681+00') on conflict (id) do update set supply_id = excluded.supply_id, format_id = excluded.format_id, name = excluded.name, price = excluded.price, grams = excluded.grams, is_active = excluded.is_active, sort_order = excluded.sort_order, created_at = excluded.created_at;
insert into public.addition_catalog (id, supply_id, format_id, name, price, grams, is_active, sort_order, created_at) values ('9a5ad854-49b4-4816-8a18-52a4dff3f551', '00000000-0000-0000-0002-000000000005', '7bf4336c-59d6-4221-a0b1-910211e1e031', 'Extra Tocineta', '2000', '31', 'true', '5', '2026-04-11 18:52:20.762681+00') on conflict (id) do update set supply_id = excluded.supply_id, format_id = excluded.format_id, name = excluded.name, price = excluded.price, grams = excluded.grams, is_active = excluded.is_active, sort_order = excluded.sort_order, created_at = excluded.created_at;
insert into public.addition_catalog (id, supply_id, format_id, name, price, grams, is_active, sort_order, created_at) values ('9a625e6c-e8ab-42e5-9ede-fff7e25aa3f5', '00000000-0000-0000-0002-000000000005', 'a8bed84e-7890-4c9c-98d9-417bf76e91f5', 'Extra Tocineta', '2000', '31', 'true', '5', '2026-04-11 18:52:20.762681+00') on conflict (id) do update set supply_id = excluded.supply_id, format_id = excluded.format_id, name = excluded.name, price = excluded.price, grams = excluded.grams, is_active = excluded.is_active, sort_order = excluded.sort_order, created_at = excluded.created_at;
insert into public.addition_catalog (id, supply_id, format_id, name, price, grams, is_active, sort_order, created_at) values ('9acc8929-1173-4f3e-a799-64cb8f775ce4', '00000000-0000-0000-0002-000000000021', '462f53bc-a2e4-41a1-917c-f303cc79a91f', 'Extra Jalapeño', '1000', '25', 'true', '10', '2026-04-11 18:52:20.762681+00') on conflict (id) do update set supply_id = excluded.supply_id, format_id = excluded.format_id, name = excluded.name, price = excluded.price, grams = excluded.grams, is_active = excluded.is_active, sort_order = excluded.sort_order, created_at = excluded.created_at;
insert into public.addition_catalog (id, supply_id, format_id, name, price, grams, is_active, sort_order, created_at) values ('9af52f66-47c4-42bd-9ba6-7ff1a0d79188', '00000000-0000-0000-0002-000000000021', 'a3a99307-2bc9-413c-804d-1b0dda4b4488', 'Extra Jalapeño', '1000', '25', 'true', '10', '2026-04-11 18:52:20.762681+00') on conflict (id) do update set supply_id = excluded.supply_id, format_id = excluded.format_id, name = excluded.name, price = excluded.price, grams = excluded.grams, is_active = excluded.is_active, sort_order = excluded.sort_order, created_at = excluded.created_at;
insert into public.addition_catalog (id, supply_id, format_id, name, price, grams, is_active, sort_order, created_at) values ('9bc52cbe-1409-415a-a7bd-8c1c826287f2', '00000000-0000-0000-0002-000000000007', '7ccb56fa-c8b4-42b5-bea8-8618145f4ccb', 'Extra Pepperoni', '2000', '31', 'true', '6', '2026-04-11 18:52:20.762681+00') on conflict (id) do update set supply_id = excluded.supply_id, format_id = excluded.format_id, name = excluded.name, price = excluded.price, grams = excluded.grams, is_active = excluded.is_active, sort_order = excluded.sort_order, created_at = excluded.created_at;
insert into public.addition_catalog (id, supply_id, format_id, name, price, grams, is_active, sort_order, created_at) values ('9c28b1e7-eb9b-4322-840c-d9cecaf44f7c', '00000000-0000-0000-0002-000000000021', 'fe406ea2-32b4-4e14-af2a-49e9887e51f8', 'Extra Jalapeño', '1000', '25', 'true', '10', '2026-04-11 18:52:20.762681+00') on conflict (id) do update set supply_id = excluded.supply_id, format_id = excluded.format_id, name = excluded.name, price = excluded.price, grams = excluded.grams, is_active = excluded.is_active, sort_order = excluded.sort_order, created_at = excluded.created_at;
insert into public.addition_catalog (id, supply_id, format_id, name, price, grams, is_active, sort_order, created_at) values ('9c5fe30b-c83d-4a3b-b106-9f90989ff8d0', '00000000-0000-0000-0002-000000000024', '212caae0-0f84-41f8-a518-f13cd735f657', 'Extra Pimentón Cebolla Cilantro', '1000', '42', 'true', '14', '2026-04-11 18:52:20.762681+00') on conflict (id) do update set supply_id = excluded.supply_id, format_id = excluded.format_id, name = excluded.name, price = excluded.price, grams = excluded.grams, is_active = excluded.is_active, sort_order = excluded.sort_order, created_at = excluded.created_at;
insert into public.addition_catalog (id, supply_id, format_id, name, price, grams, is_active, sort_order, created_at) values ('9c96c1aa-ea27-4040-9ed3-13f4fee14cba', '00000000-0000-0000-0002-000000000017', '74f3718a-6df1-46a7-8f31-5fe177fffbc5', 'Extra Salsa de Jalapeño', '1000', '50', 'true', '17', '2026-04-11 18:52:20.762681+00') on conflict (id) do update set supply_id = excluded.supply_id, format_id = excluded.format_id, name = excluded.name, price = excluded.price, grams = excluded.grams, is_active = excluded.is_active, sort_order = excluded.sort_order, created_at = excluded.created_at;
insert into public.addition_catalog (id, supply_id, format_id, name, price, grams, is_active, sort_order, created_at) values ('9ca93695-8d42-4afa-a238-5684a019fcf7', '00000000-0000-0000-0002-000000000004', '212caae0-0f84-41f8-a518-f13cd735f657', 'Extra Jamón', '2000', '17', 'true', '3', '2026-04-11 18:52:20.762681+00') on conflict (id) do update set supply_id = excluded.supply_id, format_id = excluded.format_id, name = excluded.name, price = excluded.price, grams = excluded.grams, is_active = excluded.is_active, sort_order = excluded.sort_order, created_at = excluded.created_at;
insert into public.addition_catalog (id, supply_id, format_id, name, price, grams, is_active, sort_order, created_at) values ('9cdc82f6-191a-4cf5-9c2b-c9d11010e6da', '00000000-0000-0000-0002-000000000028', '462f53bc-a2e4-41a1-917c-f303cc79a91f', 'Extra Atún', '2000', '25', 'true', '21', '2026-04-11 18:52:20.762681+00') on conflict (id) do update set supply_id = excluded.supply_id, format_id = excluded.format_id, name = excluded.name, price = excluded.price, grams = excluded.grams, is_active = excluded.is_active, sort_order = excluded.sort_order, created_at = excluded.created_at;
insert into public.addition_catalog (id, supply_id, format_id, name, price, grams, is_active, sort_order, created_at) values ('9e3501b3-c248-4cd7-a498-ac1917b42bad', '00000000-0000-0000-0002-000000000002', '4245975d-205b-4b2d-a32a-118799ff653a', 'Extra Queso', '2000', '39', 'true', '1', '2026-04-11 18:52:20.762681+00') on conflict (id) do update set supply_id = excluded.supply_id, format_id = excluded.format_id, name = excluded.name, price = excluded.price, grams = excluded.grams, is_active = excluded.is_active, sort_order = excluded.sort_order, created_at = excluded.created_at;
insert into public.addition_catalog (id, supply_id, format_id, name, price, grams, is_active, sort_order, created_at) values ('9e418036-cca0-40e5-9bfd-2009f5316233', '00000000-0000-0000-0002-000000000021', '3b521025-1970-4f7b-9415-eb76bd12753e', 'Extra Jalapeño', '1000', '25', 'true', '10', '2026-04-11 18:52:20.762681+00') on conflict (id) do update set supply_id = excluded.supply_id, format_id = excluded.format_id, name = excluded.name, price = excluded.price, grams = excluded.grams, is_active = excluded.is_active, sort_order = excluded.sort_order, created_at = excluded.created_at;
insert into public.addition_catalog (id, supply_id, format_id, name, price, grams, is_active, sort_order, created_at) values ('9eb2e264-96d9-463b-a2b3-0b5877f5c3bc', '00000000-0000-0000-0002-000000000026', '8b9f43b8-126a-41ef-a9e3-37df34edc44b', 'Extra Miel Picante', '1000', '50', 'true', '19', '2026-04-11 18:52:20.762681+00') on conflict (id) do update set supply_id = excluded.supply_id, format_id = excluded.format_id, name = excluded.name, price = excluded.price, grams = excluded.grams, is_active = excluded.is_active, sort_order = excluded.sort_order, created_at = excluded.created_at;
insert into public.addition_catalog (id, supply_id, format_id, name, price, grams, is_active, sort_order, created_at) values ('9f05873c-07bf-436f-ae23-6f84918585af', '00000000-0000-0000-0002-000000000002', '15a846b4-1b7b-44cb-9f26-b00271901739', 'Extra Queso', '2000', '39', 'true', '1', '2026-04-11 18:52:20.762681+00') on conflict (id) do update set supply_id = excluded.supply_id, format_id = excluded.format_id, name = excluded.name, price = excluded.price, grams = excluded.grams, is_active = excluded.is_active, sort_order = excluded.sort_order, created_at = excluded.created_at;
insert into public.addition_catalog (id, supply_id, format_id, name, price, grams, is_active, sort_order, created_at) values ('9f0ba4dd-3605-41e4-a592-f8901b682aeb', '00000000-0000-0000-0002-000000000021', 'afabb066-075c-499c-bfb7-81dc30d2c3fe', 'Extra Jalapeño', '1000', '25', 'true', '10', '2026-04-11 18:52:20.762681+00') on conflict (id) do update set supply_id = excluded.supply_id, format_id = excluded.format_id, name = excluded.name, price = excluded.price, grams = excluded.grams, is_active = excluded.is_active, sort_order = excluded.sort_order, created_at = excluded.created_at;
insert into public.addition_catalog (id, supply_id, format_id, name, price, grams, is_active, sort_order, created_at) values ('9f4fd63c-3108-49f5-afbe-0c0743f50dc2', '00000000-0000-0000-0002-000000000027', 'fe406ea2-32b4-4e14-af2a-49e9887e51f8', 'Extra Pimienta Cayena', '1000', '50', 'true', '20', '2026-04-11 18:52:20.762681+00') on conflict (id) do update set supply_id = excluded.supply_id, format_id = excluded.format_id, name = excluded.name, price = excluded.price, grams = excluded.grams, is_active = excluded.is_active, sort_order = excluded.sort_order, created_at = excluded.created_at;
insert into public.addition_catalog (id, supply_id, format_id, name, price, grams, is_active, sort_order, created_at) values ('9fe03000-f403-4f2a-8388-399f5e2a3f85', '00000000-0000-0000-0002-000000000005', '66cd2881-b7dc-4043-b3ad-d781a1fdd423', 'Extra Tocineta', '2000', '31', 'true', '5', '2026-04-11 18:52:20.762681+00') on conflict (id) do update set supply_id = excluded.supply_id, format_id = excluded.format_id, name = excluded.name, price = excluded.price, grams = excluded.grams, is_active = excluded.is_active, sort_order = excluded.sort_order, created_at = excluded.created_at;
insert into public.addition_catalog (id, supply_id, format_id, name, price, grams, is_active, sort_order, created_at) values ('9fe9937f-6d31-4663-ad4c-5d66ab0ee4fa', '00000000-0000-0000-0002-000000000004', 'd2afd424-0b64-44a7-87cf-33d3ec93f9c3', 'Extra Jamón', '2000', '17', 'true', '3', '2026-04-11 18:52:20.762681+00') on conflict (id) do update set supply_id = excluded.supply_id, format_id = excluded.format_id, name = excluded.name, price = excluded.price, grams = excluded.grams, is_active = excluded.is_active, sort_order = excluded.sort_order, created_at = excluded.created_at;
insert into public.addition_catalog (id, supply_id, format_id, name, price, grams, is_active, sort_order, created_at) values ('a03aa94e-fb30-4a8f-afb7-aa1c7298f58a', '00000000-0000-0000-0002-000000000016', 'f9590eb3-f443-49bd-b4e4-7f83a9949a78', 'Extra Salsa de Albahaca', '1000', '50', 'true', '18', '2026-04-11 18:52:20.762681+00') on conflict (id) do update set supply_id = excluded.supply_id, format_id = excluded.format_id, name = excluded.name, price = excluded.price, grams = excluded.grams, is_active = excluded.is_active, sort_order = excluded.sort_order, created_at = excluded.created_at;
insert into public.addition_catalog (id, supply_id, format_id, name, price, grams, is_active, sort_order, created_at) values ('a0ebfbba-8357-4f7b-9835-f594f7e9989a', '00000000-0000-0000-0002-000000000021', '560273c0-172d-47d3-83b7-2e95be293b29', 'Extra Jalapeño', '1000', '25', 'true', '10', '2026-04-11 18:52:20.762681+00') on conflict (id) do update set supply_id = excluded.supply_id, format_id = excluded.format_id, name = excluded.name, price = excluded.price, grams = excluded.grams, is_active = excluded.is_active, sort_order = excluded.sort_order, created_at = excluded.created_at;
insert into public.addition_catalog (id, supply_id, format_id, name, price, grams, is_active, sort_order, created_at) values ('a13bb685-a53c-4f71-ab57-82ed583334bb', '00000000-0000-0000-0002-000000000025', 'afabb066-075c-499c-bfb7-81dc30d2c3fe', 'Extra Salsa de Ajo', '1000', '10', 'true', '16', '2026-04-11 18:52:20.762681+00') on conflict (id) do update set supply_id = excluded.supply_id, format_id = excluded.format_id, name = excluded.name, price = excluded.price, grams = excluded.grams, is_active = excluded.is_active, sort_order = excluded.sort_order, created_at = excluded.created_at;
insert into public.addition_catalog (id, supply_id, format_id, name, price, grams, is_active, sort_order, created_at) values ('a1621962-769f-4abe-a375-53e67fcd0b19', '00000000-0000-0000-0002-000000000023', 'fe406ea2-32b4-4e14-af2a-49e9887e51f8', 'Extra Tomate Pico de Gallo', '1000', '42', 'true', '13', '2026-04-11 18:52:20.762681+00') on conflict (id) do update set supply_id = excluded.supply_id, format_id = excluded.format_id, name = excluded.name, price = excluded.price, grams = excluded.grams, is_active = excluded.is_active, sort_order = excluded.sort_order, created_at = excluded.created_at;
insert into public.addition_catalog (id, supply_id, format_id, name, price, grams, is_active, sort_order, created_at) values ('a224f72e-83f6-48ab-aa63-6dd03ad34d1a', '00000000-0000-0000-0002-000000000021', 'f9590eb3-f443-49bd-b4e4-7f83a9949a78', 'Extra Jalapeño', '1000', '25', 'true', '10', '2026-04-11 18:52:20.762681+00') on conflict (id) do update set supply_id = excluded.supply_id, format_id = excluded.format_id, name = excluded.name, price = excluded.price, grams = excluded.grams, is_active = excluded.is_active, sort_order = excluded.sort_order, created_at = excluded.created_at;
insert into public.addition_catalog (id, supply_id, format_id, name, price, grams, is_active, sort_order, created_at) values ('a22b9858-b356-45ab-8663-e56f73d92b83', '00000000-0000-0000-0002-000000000013', 'b310e1df-0de1-4da6-bd95-eaa7a51f2e81', 'Extra Guacamole', '1500', '83', 'true', '15', '2026-04-11 18:52:20.762681+00') on conflict (id) do update set supply_id = excluded.supply_id, format_id = excluded.format_id, name = excluded.name, price = excluded.price, grams = excluded.grams, is_active = excluded.is_active, sort_order = excluded.sort_order, created_at = excluded.created_at;
insert into public.addition_catalog (id, supply_id, format_id, name, price, grams, is_active, sort_order, created_at) values ('a26decc9-0c3a-4034-b998-c32c09d4ba97', '00000000-0000-0000-0002-000000000005', '8ebd1523-3ac0-4770-98d9-78c584bdcc36', 'Extra Tocineta', '2000', '31', 'true', '5', '2026-04-11 18:52:20.762681+00') on conflict (id) do update set supply_id = excluded.supply_id, format_id = excluded.format_id, name = excluded.name, price = excluded.price, grams = excluded.grams, is_active = excluded.is_active, sort_order = excluded.sort_order, created_at = excluded.created_at;
insert into public.addition_catalog (id, supply_id, format_id, name, price, grams, is_active, sort_order, created_at) values ('a2f720a1-0bc6-4d2a-b6bd-8c6e00f13626', '00000000-0000-0000-0002-000000000023', '8b9f43b8-126a-41ef-a9e3-37df34edc44b', 'Extra Tomate Pico de Gallo', '1000', '42', 'true', '13', '2026-04-11 18:52:20.762681+00') on conflict (id) do update set supply_id = excluded.supply_id, format_id = excluded.format_id, name = excluded.name, price = excluded.price, grams = excluded.grams, is_active = excluded.is_active, sort_order = excluded.sort_order, created_at = excluded.created_at;
insert into public.addition_catalog (id, supply_id, format_id, name, price, grams, is_active, sort_order, created_at) values ('a311144d-54de-4b52-bcf9-8ffe8633e54a', '00000000-0000-0000-0002-000000000004', '74f3718a-6df1-46a7-8f31-5fe177fffbc5', 'Extra Jamón', '2000', '17', 'true', '3', '2026-04-11 18:52:20.762681+00') on conflict (id) do update set supply_id = excluded.supply_id, format_id = excluded.format_id, name = excluded.name, price = excluded.price, grams = excluded.grams, is_active = excluded.is_active, sort_order = excluded.sort_order, created_at = excluded.created_at;
insert into public.addition_catalog (id, supply_id, format_id, name, price, grams, is_active, sort_order, created_at) values ('a36e9d26-8ceb-4e2a-8c41-4783abd3097d', '00000000-0000-0000-0002-000000000028', '4245975d-205b-4b2d-a32a-118799ff653a', 'Extra Atún', '2000', '25', 'true', '21', '2026-04-11 18:52:20.762681+00') on conflict (id) do update set supply_id = excluded.supply_id, format_id = excluded.format_id, name = excluded.name, price = excluded.price, grams = excluded.grams, is_active = excluded.is_active, sort_order = excluded.sort_order, created_at = excluded.created_at;
insert into public.addition_catalog (id, supply_id, format_id, name, price, grams, is_active, sort_order, created_at) values ('a40ad5f2-d988-4f57-b7e6-960e86a82b4f', '00000000-0000-0000-0002-000000000020', '389a4673-a142-4fab-a2c4-76f2a042295f', 'Extra Maicitos', '1000', '40', 'true', '9', '2026-04-11 18:52:20.762681+00') on conflict (id) do update set supply_id = excluded.supply_id, format_id = excluded.format_id, name = excluded.name, price = excluded.price, grams = excluded.grams, is_active = excluded.is_active, sort_order = excluded.sort_order, created_at = excluded.created_at;
insert into public.addition_catalog (id, supply_id, format_id, name, price, grams, is_active, sort_order, created_at) values ('a417bfb4-2bcb-4a94-83ce-8dbaa9139189', '00000000-0000-0000-0002-000000000013', '9c33e49b-7ad8-47d7-83d0-a1ec7fedf439', 'Extra Guacamole', '1000', '42', 'true', '15', '2026-04-11 18:52:20.762681+00') on conflict (id) do update set supply_id = excluded.supply_id, format_id = excluded.format_id, name = excluded.name, price = excluded.price, grams = excluded.grams, is_active = excluded.is_active, sort_order = excluded.sort_order, created_at = excluded.created_at;
insert into public.addition_catalog (id, supply_id, format_id, name, price, grams, is_active, sort_order, created_at) values ('a50ece91-ae66-4ec6-8ab7-8b9e4f2b79a0', '00000000-0000-0000-0002-000000000009', '8ebd1523-3ac0-4770-98d9-78c584bdcc36', 'Extra Champiñones', '2000', '31', 'true', '8', '2026-04-11 18:52:20.762681+00') on conflict (id) do update set supply_id = excluded.supply_id, format_id = excluded.format_id, name = excluded.name, price = excluded.price, grams = excluded.grams, is_active = excluded.is_active, sort_order = excluded.sort_order, created_at = excluded.created_at;
insert into public.addition_catalog (id, supply_id, format_id, name, price, grams, is_active, sort_order, created_at) values ('a52cb417-1d5e-43b6-86c0-bd9965e86674', '00000000-0000-0000-0002-000000000024', '731472ff-a486-4443-8179-435b653ecd36', 'Extra Pimentón Cebolla Cilantro', '1000', '42', 'true', '14', '2026-04-11 18:52:20.762681+00') on conflict (id) do update set supply_id = excluded.supply_id, format_id = excluded.format_id, name = excluded.name, price = excluded.price, grams = excluded.grams, is_active = excluded.is_active, sort_order = excluded.sort_order, created_at = excluded.created_at;
insert into public.addition_catalog (id, supply_id, format_id, name, price, grams, is_active, sort_order, created_at) values ('a590e494-8a72-4e21-bdf2-66acd999eef8', '00000000-0000-0000-0002-000000000016', '7bf4336c-59d6-4221-a0b1-910211e1e031', 'Extra Salsa de Albahaca', '1000', '50', 'true', '18', '2026-04-11 18:52:20.762681+00') on conflict (id) do update set supply_id = excluded.supply_id, format_id = excluded.format_id, name = excluded.name, price = excluded.price, grams = excluded.grams, is_active = excluded.is_active, sort_order = excluded.sort_order, created_at = excluded.created_at;
insert into public.addition_catalog (id, supply_id, format_id, name, price, grams, is_active, sort_order, created_at) values ('a6202f28-e7f0-4009-a1a8-f69050b322c7', '00000000-0000-0000-0002-000000000009', '7bf4336c-59d6-4221-a0b1-910211e1e031', 'Extra Champiñones', '2000', '31', 'true', '8', '2026-04-11 18:52:20.762681+00') on conflict (id) do update set supply_id = excluded.supply_id, format_id = excluded.format_id, name = excluded.name, price = excluded.price, grams = excluded.grams, is_active = excluded.is_active, sort_order = excluded.sort_order, created_at = excluded.created_at;
insert into public.addition_catalog (id, supply_id, format_id, name, price, grams, is_active, sort_order, created_at) values ('a6289931-2fea-41ee-9756-f656885f5c62', '00000000-0000-0000-0002-000000000027', '9c33e49b-7ad8-47d7-83d0-a1ec7fedf439', 'Extra Pimienta Cayena', '1000', '50', 'true', '20', '2026-04-11 18:52:20.762681+00') on conflict (id) do update set supply_id = excluded.supply_id, format_id = excluded.format_id, name = excluded.name, price = excluded.price, grams = excluded.grams, is_active = excluded.is_active, sort_order = excluded.sort_order, created_at = excluded.created_at;
insert into public.addition_catalog (id, supply_id, format_id, name, price, grams, is_active, sort_order, created_at) values ('a62a842c-484a-4e12-989c-cfaa9bfac8b4', '00000000-0000-0000-0002-000000000026', '15a846b4-1b7b-44cb-9f26-b00271901739', 'Extra Miel Picante', '1000', '50', 'true', '19', '2026-04-11 18:52:20.762681+00') on conflict (id) do update set supply_id = excluded.supply_id, format_id = excluded.format_id, name = excluded.name, price = excluded.price, grams = excluded.grams, is_active = excluded.is_active, sort_order = excluded.sort_order, created_at = excluded.created_at;
insert into public.addition_catalog (id, supply_id, format_id, name, price, grams, is_active, sort_order, created_at) values ('a67daef6-fba5-4da2-9ed8-461584651a74', '00000000-0000-0000-0002-000000000017', '54edbdeb-313e-4985-867a-8af3a687d9b1', 'Extra Salsa de Jalapeño', '1000', '50', 'true', '17', '2026-04-11 18:52:20.762681+00') on conflict (id) do update set supply_id = excluded.supply_id, format_id = excluded.format_id, name = excluded.name, price = excluded.price, grams = excluded.grams, is_active = excluded.is_active, sort_order = excluded.sort_order, created_at = excluded.created_at;
insert into public.addition_catalog (id, supply_id, format_id, name, price, grams, is_active, sort_order, created_at) values ('a6c6512a-1bf3-4f7a-983b-e6854bcd802a', '00000000-0000-0000-0002-000000000009', '3b521025-1970-4f7b-9415-eb76bd12753e', 'Extra Champiñones', '2000', '31', 'true', '8', '2026-04-11 18:52:20.762681+00') on conflict (id) do update set supply_id = excluded.supply_id, format_id = excluded.format_id, name = excluded.name, price = excluded.price, grams = excluded.grams, is_active = excluded.is_active, sort_order = excluded.sort_order, created_at = excluded.created_at;
insert into public.addition_catalog (id, supply_id, format_id, name, price, grams, is_active, sort_order, created_at) values ('a6d63355-8cae-4f25-b391-c7ec42735fac', '00000000-0000-0000-0002-000000000005', 'fe406ea2-32b4-4e14-af2a-49e9887e51f8', 'Extra Tocineta', '2000', '31', 'true', '5', '2026-04-11 18:52:20.762681+00') on conflict (id) do update set supply_id = excluded.supply_id, format_id = excluded.format_id, name = excluded.name, price = excluded.price, grams = excluded.grams, is_active = excluded.is_active, sort_order = excluded.sort_order, created_at = excluded.created_at;
insert into public.addition_catalog (id, supply_id, format_id, name, price, grams, is_active, sort_order, created_at) values ('a7086fef-7399-4b81-8552-6fd93330d0e1', '00000000-0000-0000-0002-000000000006', 'c70aef5b-f3d6-4879-8c7d-109d647891df', 'Extra Piña', '1000', '27', 'true', '7', '2026-04-11 18:52:20.762681+00') on conflict (id) do update set supply_id = excluded.supply_id, format_id = excluded.format_id, name = excluded.name, price = excluded.price, grams = excluded.grams, is_active = excluded.is_active, sort_order = excluded.sort_order, created_at = excluded.created_at;
insert into public.addition_catalog (id, supply_id, format_id, name, price, grams, is_active, sort_order, created_at) values ('a7548bb1-5a6f-440c-940c-2be6865934c0', '00000000-0000-0000-0002-000000000023', '731472ff-a486-4443-8179-435b653ecd36', 'Extra Tomate Pico de Gallo', '1000', '42', 'true', '13', '2026-04-11 18:52:20.762681+00') on conflict (id) do update set supply_id = excluded.supply_id, format_id = excluded.format_id, name = excluded.name, price = excluded.price, grams = excluded.grams, is_active = excluded.is_active, sort_order = excluded.sort_order, created_at = excluded.created_at;
insert into public.addition_catalog (id, supply_id, format_id, name, price, grams, is_active, sort_order, created_at) values ('a7994876-0946-4df6-bd66-955b9dc6935e', '00000000-0000-0000-0002-000000000003', 'ee4bff3e-cc84-439d-97b5-561d0ade13e3', 'Extra Salsa Napolitana', '1000', '50', 'true', '2', '2026-04-11 18:52:20.762681+00') on conflict (id) do update set supply_id = excluded.supply_id, format_id = excluded.format_id, name = excluded.name, price = excluded.price, grams = excluded.grams, is_active = excluded.is_active, sort_order = excluded.sort_order, created_at = excluded.created_at;
insert into public.addition_catalog (id, supply_id, format_id, name, price, grams, is_active, sort_order, created_at) values ('a7bef12e-b36d-4f1f-9819-6a1463a1e661', '00000000-0000-0000-0002-000000000007', 'c70aef5b-f3d6-4879-8c7d-109d647891df', 'Extra Pepperoni', '2000', '31', 'true', '6', '2026-04-11 18:52:20.762681+00') on conflict (id) do update set supply_id = excluded.supply_id, format_id = excluded.format_id, name = excluded.name, price = excluded.price, grams = excluded.grams, is_active = excluded.is_active, sort_order = excluded.sort_order, created_at = excluded.created_at;
insert into public.addition_catalog (id, supply_id, format_id, name, price, grams, is_active, sort_order, created_at) values ('a7eef2fa-02fe-4361-b646-8f95b88b5ba4', '00000000-0000-0000-0002-000000000027', '05868d23-5264-444e-8173-0eb52bdf968a', 'Extra Pimienta Cayena', '1000', '50', 'true', '20', '2026-04-11 18:52:20.762681+00') on conflict (id) do update set supply_id = excluded.supply_id, format_id = excluded.format_id, name = excluded.name, price = excluded.price, grams = excluded.grams, is_active = excluded.is_active, sort_order = excluded.sort_order, created_at = excluded.created_at;
insert into public.addition_catalog (id, supply_id, format_id, name, price, grams, is_active, sort_order, created_at) values ('a811ea5d-4cea-4784-af64-8f60af041550', '00000000-0000-0000-0002-000000000007', 'd77153ba-ed83-4662-88ca-8279a5541e96', 'Extra Pepperoni', '2000', '31', 'true', '6', '2026-04-11 18:52:20.762681+00') on conflict (id) do update set supply_id = excluded.supply_id, format_id = excluded.format_id, name = excluded.name, price = excluded.price, grams = excluded.grams, is_active = excluded.is_active, sort_order = excluded.sort_order, created_at = excluded.created_at;
insert into public.addition_catalog (id, supply_id, format_id, name, price, grams, is_active, sort_order, created_at) values ('a8a12ad9-6d50-42fe-8106-d9a46374ff37', '00000000-0000-0000-0002-000000000025', '7bf4336c-59d6-4221-a0b1-910211e1e031', 'Extra Salsa de Ajo', '1000', '10', 'true', '16', '2026-04-11 18:52:20.762681+00') on conflict (id) do update set supply_id = excluded.supply_id, format_id = excluded.format_id, name = excluded.name, price = excluded.price, grams = excluded.grams, is_active = excluded.is_active, sort_order = excluded.sort_order, created_at = excluded.created_at;
insert into public.addition_catalog (id, supply_id, format_id, name, price, grams, is_active, sort_order, created_at) values ('a8c41436-1624-4678-be88-35456c618f15', '00000000-0000-0000-0002-000000000027', '560273c0-172d-47d3-83b7-2e95be293b29', 'Extra Pimienta Cayena', '1000', '50', 'true', '20', '2026-04-11 18:52:20.762681+00') on conflict (id) do update set supply_id = excluded.supply_id, format_id = excluded.format_id, name = excluded.name, price = excluded.price, grams = excluded.grams, is_active = excluded.is_active, sort_order = excluded.sort_order, created_at = excluded.created_at;
insert into public.addition_catalog (id, supply_id, format_id, name, price, grams, is_active, sort_order, created_at) values ('a8dca3eb-fa24-4eaa-be32-3641b56a7536', '00000000-0000-0000-0002-000000000008', 'd2afd424-0b64-44a7-87cf-33d3ec93f9c3', 'Extra Pechuga', '2000', '13', 'true', '4', '2026-04-11 18:52:20.762681+00') on conflict (id) do update set supply_id = excluded.supply_id, format_id = excluded.format_id, name = excluded.name, price = excluded.price, grams = excluded.grams, is_active = excluded.is_active, sort_order = excluded.sort_order, created_at = excluded.created_at;
insert into public.addition_catalog (id, supply_id, format_id, name, price, grams, is_active, sort_order, created_at) values ('a98fadb8-ab5d-4633-b4a9-40a11db1f02f', '00000000-0000-0000-0002-000000000023', '894a1675-8ad8-4417-8b64-596102577cb7', 'Extra Tomate Pico de Gallo', '1000', '42', 'true', '13', '2026-04-11 18:52:20.762681+00') on conflict (id) do update set supply_id = excluded.supply_id, format_id = excluded.format_id, name = excluded.name, price = excluded.price, grams = excluded.grams, is_active = excluded.is_active, sort_order = excluded.sort_order, created_at = excluded.created_at;
insert into public.addition_catalog (id, supply_id, format_id, name, price, grams, is_active, sort_order, created_at) values ('a99305ed-08c7-4d44-9a19-4c56e5b6e414', '00000000-0000-0000-0002-000000000016', '9c724ed2-5154-4793-9f2f-20a6b30956a5', 'Extra Salsa de Albahaca', '1000', '50', 'true', '18', '2026-04-11 18:52:20.762681+00') on conflict (id) do update set supply_id = excluded.supply_id, format_id = excluded.format_id, name = excluded.name, price = excluded.price, grams = excluded.grams, is_active = excluded.is_active, sort_order = excluded.sort_order, created_at = excluded.created_at;
insert into public.addition_catalog (id, supply_id, format_id, name, price, grams, is_active, sort_order, created_at) values ('aa0d6dfc-ae3b-4170-bd4b-82176a787460', '00000000-0000-0000-0002-000000000004', '9c724ed2-5154-4793-9f2f-20a6b30956a5', 'Extra Jamón', '2000', '17', 'true', '3', '2026-04-11 18:52:20.762681+00') on conflict (id) do update set supply_id = excluded.supply_id, format_id = excluded.format_id, name = excluded.name, price = excluded.price, grams = excluded.grams, is_active = excluded.is_active, sort_order = excluded.sort_order, created_at = excluded.created_at;
insert into public.addition_catalog (id, supply_id, format_id, name, price, grams, is_active, sort_order, created_at) values ('aa0f2ba7-ee55-4c19-ac8b-a897e96e6ddd', '00000000-0000-0000-0002-000000000020', 'afabb066-075c-499c-bfb7-81dc30d2c3fe', 'Extra Maicitos', '1000', '40', 'true', '9', '2026-04-11 18:52:20.762681+00') on conflict (id) do update set supply_id = excluded.supply_id, format_id = excluded.format_id, name = excluded.name, price = excluded.price, grams = excluded.grams, is_active = excluded.is_active, sort_order = excluded.sort_order, created_at = excluded.created_at;
insert into public.addition_catalog (id, supply_id, format_id, name, price, grams, is_active, sort_order, created_at) values ('aaebeb56-74b0-4282-aed7-dcc3f09f64cd', '00000000-0000-0000-0002-000000000008', 'afabb066-075c-499c-bfb7-81dc30d2c3fe', 'Extra Pechuga', '2000', '13', 'true', '4', '2026-04-11 18:52:20.762681+00') on conflict (id) do update set supply_id = excluded.supply_id, format_id = excluded.format_id, name = excluded.name, price = excluded.price, grams = excluded.grams, is_active = excluded.is_active, sort_order = excluded.sort_order, created_at = excluded.created_at;
insert into public.addition_catalog (id, supply_id, format_id, name, price, grams, is_active, sort_order, created_at) values ('ab48019d-728d-432d-b590-1a8e702ebdc1', '00000000-0000-0000-0002-000000000013', '8b9f43b8-126a-41ef-a9e3-37df34edc44b', 'Extra Guacamole', '1000', '42', 'true', '15', '2026-04-11 18:52:20.762681+00') on conflict (id) do update set supply_id = excluded.supply_id, format_id = excluded.format_id, name = excluded.name, price = excluded.price, grams = excluded.grams, is_active = excluded.is_active, sort_order = excluded.sort_order, created_at = excluded.created_at;
insert into public.addition_catalog (id, supply_id, format_id, name, price, grams, is_active, sort_order, created_at) values ('abab38ec-7147-4104-a8d4-f5440ee8af92', '00000000-0000-0000-0002-000000000024', 'a3a99307-2bc9-413c-804d-1b0dda4b4488', 'Extra Pimentón Cebolla Cilantro', '1000', '42', 'true', '14', '2026-04-11 18:52:20.762681+00') on conflict (id) do update set supply_id = excluded.supply_id, format_id = excluded.format_id, name = excluded.name, price = excluded.price, grams = excluded.grams, is_active = excluded.is_active, sort_order = excluded.sort_order, created_at = excluded.created_at;
insert into public.addition_catalog (id, supply_id, format_id, name, price, grams, is_active, sort_order, created_at) values ('ac2891fb-9fdc-4f61-9850-f1285e9c8d14', '00000000-0000-0000-0002-000000000016', '894a1675-8ad8-4417-8b64-596102577cb7', 'Extra Salsa de Albahaca', '1000', '50', 'true', '18', '2026-04-11 18:52:20.762681+00') on conflict (id) do update set supply_id = excluded.supply_id, format_id = excluded.format_id, name = excluded.name, price = excluded.price, grams = excluded.grams, is_active = excluded.is_active, sort_order = excluded.sort_order, created_at = excluded.created_at;
insert into public.addition_catalog (id, supply_id, format_id, name, price, grams, is_active, sort_order, created_at) values ('ac789ae7-428f-4b3d-888a-2d7df0704656', '00000000-0000-0000-0002-000000000024', '15a846b4-1b7b-44cb-9f26-b00271901739', 'Extra Pimentón Cebolla Cilantro', '1000', '42', 'true', '14', '2026-04-11 18:52:20.762681+00') on conflict (id) do update set supply_id = excluded.supply_id, format_id = excluded.format_id, name = excluded.name, price = excluded.price, grams = excluded.grams, is_active = excluded.is_active, sort_order = excluded.sort_order, created_at = excluded.created_at;
insert into public.addition_catalog (id, supply_id, format_id, name, price, grams, is_active, sort_order, created_at) values ('ac7add62-6be5-4802-982a-2f312199773a', '00000000-0000-0000-0002-000000000012', 'a3a99307-2bc9-413c-804d-1b0dda4b4488', 'Extra Carne Molida', '2000', '25', 'true', '12', '2026-04-11 18:52:20.762681+00') on conflict (id) do update set supply_id = excluded.supply_id, format_id = excluded.format_id, name = excluded.name, price = excluded.price, grams = excluded.grams, is_active = excluded.is_active, sort_order = excluded.sort_order, created_at = excluded.created_at;
insert into public.addition_catalog (id, supply_id, format_id, name, price, grams, is_active, sort_order, created_at) values ('acaa9772-680c-466c-bbde-fb8ab40ee0ad', '00000000-0000-0000-0002-000000000006', '462f53bc-a2e4-41a1-917c-f303cc79a91f', 'Extra Piña', '1000', '27', 'true', '7', '2026-04-11 18:52:20.762681+00') on conflict (id) do update set supply_id = excluded.supply_id, format_id = excluded.format_id, name = excluded.name, price = excluded.price, grams = excluded.grams, is_active = excluded.is_active, sort_order = excluded.sort_order, created_at = excluded.created_at;
insert into public.addition_catalog (id, supply_id, format_id, name, price, grams, is_active, sort_order, created_at) values ('acc256f4-aeeb-45e2-86f5-de6d2488eb74', '00000000-0000-0000-0002-000000000022', 'a3a99307-2bc9-413c-804d-1b0dda4b4488', 'Extra Aceitunas', '2000', '19', 'true', '11', '2026-04-11 18:52:20.762681+00') on conflict (id) do update set supply_id = excluded.supply_id, format_id = excluded.format_id, name = excluded.name, price = excluded.price, grams = excluded.grams, is_active = excluded.is_active, sort_order = excluded.sort_order, created_at = excluded.created_at;
insert into public.addition_catalog (id, supply_id, format_id, name, price, grams, is_active, sort_order, created_at) values ('acf500df-462c-4e91-a7d3-42de3321eed5', '00000000-0000-0000-0002-000000000024', '9c724ed2-5154-4793-9f2f-20a6b30956a5', 'Extra Pimentón Cebolla Cilantro', '1000', '42', 'true', '14', '2026-04-11 18:52:20.762681+00') on conflict (id) do update set supply_id = excluded.supply_id, format_id = excluded.format_id, name = excluded.name, price = excluded.price, grams = excluded.grams, is_active = excluded.is_active, sort_order = excluded.sort_order, created_at = excluded.created_at;
insert into public.addition_catalog (id, supply_id, format_id, name, price, grams, is_active, sort_order, created_at) values ('acf8cf5d-5b6a-4aa0-b7f8-97447547862b', '00000000-0000-0000-0002-000000000020', 'b310e1df-0de1-4da6-bd95-eaa7a51f2e81', 'Extra Maicitos', '1500', '80', 'true', '9', '2026-04-11 18:52:20.762681+00') on conflict (id) do update set supply_id = excluded.supply_id, format_id = excluded.format_id, name = excluded.name, price = excluded.price, grams = excluded.grams, is_active = excluded.is_active, sort_order = excluded.sort_order, created_at = excluded.created_at;
insert into public.addition_catalog (id, supply_id, format_id, name, price, grams, is_active, sort_order, created_at) values ('ad3d12e8-fe13-47ab-970c-db730b1ba2d0', '00000000-0000-0000-0002-000000000005', '560273c0-172d-47d3-83b7-2e95be293b29', 'Extra Tocineta', '2000', '31', 'true', '5', '2026-04-11 18:52:20.762681+00') on conflict (id) do update set supply_id = excluded.supply_id, format_id = excluded.format_id, name = excluded.name, price = excluded.price, grams = excluded.grams, is_active = excluded.is_active, sort_order = excluded.sort_order, created_at = excluded.created_at;
insert into public.addition_catalog (id, supply_id, format_id, name, price, grams, is_active, sort_order, created_at) values ('ad5695b4-399c-493f-b812-0143f79c82c8', '00000000-0000-0000-0002-000000000024', '560273c0-172d-47d3-83b7-2e95be293b29', 'Extra Pimentón Cebolla Cilantro', '1000', '42', 'true', '14', '2026-04-11 18:52:20.762681+00') on conflict (id) do update set supply_id = excluded.supply_id, format_id = excluded.format_id, name = excluded.name, price = excluded.price, grams = excluded.grams, is_active = excluded.is_active, sort_order = excluded.sort_order, created_at = excluded.created_at;
insert into public.addition_catalog (id, supply_id, format_id, name, price, grams, is_active, sort_order, created_at) values ('ae1df5c2-92ce-4bfc-97bf-3333b63bf719', '00000000-0000-0000-0002-000000000006', '782942e1-c2f9-4074-8fc0-bcca7a237bdc', 'Extra Piña', '1000', '27', 'true', '7', '2026-04-11 18:52:20.762681+00') on conflict (id) do update set supply_id = excluded.supply_id, format_id = excluded.format_id, name = excluded.name, price = excluded.price, grams = excluded.grams, is_active = excluded.is_active, sort_order = excluded.sort_order, created_at = excluded.created_at;
insert into public.addition_catalog (id, supply_id, format_id, name, price, grams, is_active, sort_order, created_at) values ('aeb037f6-0aba-4266-860d-270e0bb9b8bc', '00000000-0000-0000-0002-000000000005', '54edbdeb-313e-4985-867a-8af3a687d9b1', 'Extra Tocineta', '2000', '31', 'true', '5', '2026-04-11 18:52:20.762681+00') on conflict (id) do update set supply_id = excluded.supply_id, format_id = excluded.format_id, name = excluded.name, price = excluded.price, grams = excluded.grams, is_active = excluded.is_active, sort_order = excluded.sort_order, created_at = excluded.created_at;
insert into public.addition_catalog (id, supply_id, format_id, name, price, grams, is_active, sort_order, created_at) values ('aebac3a4-062e-4980-b809-4d0f4000d9d0', '00000000-0000-0000-0002-000000000003', 'afabb066-075c-499c-bfb7-81dc30d2c3fe', 'Extra Salsa Napolitana', '1000', '50', 'true', '2', '2026-04-11 18:52:20.762681+00') on conflict (id) do update set supply_id = excluded.supply_id, format_id = excluded.format_id, name = excluded.name, price = excluded.price, grams = excluded.grams, is_active = excluded.is_active, sort_order = excluded.sort_order, created_at = excluded.created_at;
insert into public.addition_catalog (id, supply_id, format_id, name, price, grams, is_active, sort_order, created_at) values ('aef33f79-3838-46d7-8af0-409ad49ed8a3', '00000000-0000-0000-0002-000000000002', 'c70aef5b-f3d6-4879-8c7d-109d647891df', 'Extra Queso', '2000', '39', 'true', '1', '2026-04-11 18:52:20.762681+00') on conflict (id) do update set supply_id = excluded.supply_id, format_id = excluded.format_id, name = excluded.name, price = excluded.price, grams = excluded.grams, is_active = excluded.is_active, sort_order = excluded.sort_order, created_at = excluded.created_at;
insert into public.addition_catalog (id, supply_id, format_id, name, price, grams, is_active, sort_order, created_at) values ('af99d464-024f-4034-a95d-3b21a744a84e', '00000000-0000-0000-0002-000000000002', 'a8bed84e-7890-4c9c-98d9-417bf76e91f5', 'Extra Queso', '2000', '39', 'true', '1', '2026-04-11 18:52:20.762681+00') on conflict (id) do update set supply_id = excluded.supply_id, format_id = excluded.format_id, name = excluded.name, price = excluded.price, grams = excluded.grams, is_active = excluded.is_active, sort_order = excluded.sort_order, created_at = excluded.created_at;
insert into public.addition_catalog (id, supply_id, format_id, name, price, grams, is_active, sort_order, created_at) values ('b009fb07-e379-4d6f-a79f-b3bd6b615e00', '00000000-0000-0000-0002-000000000002', 'd77153ba-ed83-4662-88ca-8279a5541e96', 'Extra Queso', '2000', '39', 'true', '1', '2026-04-11 18:52:20.762681+00') on conflict (id) do update set supply_id = excluded.supply_id, format_id = excluded.format_id, name = excluded.name, price = excluded.price, grams = excluded.grams, is_active = excluded.is_active, sort_order = excluded.sort_order, created_at = excluded.created_at;
insert into public.addition_catalog (id, supply_id, format_id, name, price, grams, is_active, sort_order, created_at) values ('b012b436-71d3-4ef0-b9c7-1319c509ad90', '00000000-0000-0000-0002-000000000027', 'd2afd424-0b64-44a7-87cf-33d3ec93f9c3', 'Extra Pimienta Cayena', '1000', '50', 'true', '20', '2026-04-11 18:52:20.762681+00') on conflict (id) do update set supply_id = excluded.supply_id, format_id = excluded.format_id, name = excluded.name, price = excluded.price, grams = excluded.grams, is_active = excluded.is_active, sort_order = excluded.sort_order, created_at = excluded.created_at;
insert into public.addition_catalog (id, supply_id, format_id, name, price, grams, is_active, sort_order, created_at) values ('b041bb33-4dc0-4eda-8b4d-cbe3096de555', '00000000-0000-0000-0002-000000000006', '54edbdeb-313e-4985-867a-8af3a687d9b1', 'Extra Piña', '1000', '27', 'true', '7', '2026-04-11 18:52:20.762681+00') on conflict (id) do update set supply_id = excluded.supply_id, format_id = excluded.format_id, name = excluded.name, price = excluded.price, grams = excluded.grams, is_active = excluded.is_active, sort_order = excluded.sort_order, created_at = excluded.created_at;
insert into public.addition_catalog (id, supply_id, format_id, name, price, grams, is_active, sort_order, created_at) values ('b04cd885-be86-4436-bf26-a6c8fe715085', '00000000-0000-0000-0002-000000000012', '8b9f43b8-126a-41ef-a9e3-37df34edc44b', 'Extra Carne Molida', '2000', '25', 'true', '12', '2026-04-11 18:52:20.762681+00') on conflict (id) do update set supply_id = excluded.supply_id, format_id = excluded.format_id, name = excluded.name, price = excluded.price, grams = excluded.grams, is_active = excluded.is_active, sort_order = excluded.sort_order, created_at = excluded.created_at;
insert into public.addition_catalog (id, supply_id, format_id, name, price, grams, is_active, sort_order, created_at) values ('b0a39bff-438f-480f-982c-2da2d2ec051c', '00000000-0000-0000-0002-000000000026', 'fe406ea2-32b4-4e14-af2a-49e9887e51f8', 'Extra Miel Picante', '1000', '50', 'true', '19', '2026-04-11 18:52:20.762681+00') on conflict (id) do update set supply_id = excluded.supply_id, format_id = excluded.format_id, name = excluded.name, price = excluded.price, grams = excluded.grams, is_active = excluded.is_active, sort_order = excluded.sort_order, created_at = excluded.created_at;
insert into public.addition_catalog (id, supply_id, format_id, name, price, grams, is_active, sort_order, created_at) values ('b18de414-4d55-4905-8faf-458a2c4821f3', '00000000-0000-0000-0002-000000000026', '5c085f0f-2965-428e-b2e8-8a43dbb1bea6', 'Extra Miel Picante', '1000', '50', 'true', '19', '2026-04-11 18:52:20.762681+00') on conflict (id) do update set supply_id = excluded.supply_id, format_id = excluded.format_id, name = excluded.name, price = excluded.price, grams = excluded.grams, is_active = excluded.is_active, sort_order = excluded.sort_order, created_at = excluded.created_at;
insert into public.addition_catalog (id, supply_id, format_id, name, price, grams, is_active, sort_order, created_at) values ('b2b7ff97-2993-41ad-b3ed-19e5c8156c86', '00000000-0000-0000-0002-000000000022', '389a4673-a142-4fab-a2c4-76f2a042295f', 'Extra Aceitunas', '2000', '19', 'true', '11', '2026-04-11 18:52:20.762681+00') on conflict (id) do update set supply_id = excluded.supply_id, format_id = excluded.format_id, name = excluded.name, price = excluded.price, grams = excluded.grams, is_active = excluded.is_active, sort_order = excluded.sort_order, created_at = excluded.created_at;
insert into public.addition_catalog (id, supply_id, format_id, name, price, grams, is_active, sort_order, created_at) values ('b2de01cd-0790-4a59-9caf-a7258c3ddd58', '00000000-0000-0000-0002-000000000006', '560273c0-172d-47d3-83b7-2e95be293b29', 'Extra Piña', '1000', '27', 'true', '7', '2026-04-11 18:52:20.762681+00') on conflict (id) do update set supply_id = excluded.supply_id, format_id = excluded.format_id, name = excluded.name, price = excluded.price, grams = excluded.grams, is_active = excluded.is_active, sort_order = excluded.sort_order, created_at = excluded.created_at;
insert into public.addition_catalog (id, supply_id, format_id, name, price, grams, is_active, sort_order, created_at) values ('b36bb399-4e70-492a-b759-c9383d65d775', '00000000-0000-0000-0002-000000000017', 'd2afd424-0b64-44a7-87cf-33d3ec93f9c3', 'Extra Salsa de Jalapeño', '1000', '50', 'true', '17', '2026-04-11 18:52:20.762681+00') on conflict (id) do update set supply_id = excluded.supply_id, format_id = excluded.format_id, name = excluded.name, price = excluded.price, grams = excluded.grams, is_active = excluded.is_active, sort_order = excluded.sort_order, created_at = excluded.created_at;
insert into public.addition_catalog (id, supply_id, format_id, name, price, grams, is_active, sort_order, created_at) values ('b385b7c7-1166-4a68-a5bd-eba09165ff81', '00000000-0000-0000-0002-000000000020', 'ee4bff3e-cc84-439d-97b5-561d0ade13e3', 'Extra Maicitos', '1000', '40', 'true', '9', '2026-04-11 18:52:20.762681+00') on conflict (id) do update set supply_id = excluded.supply_id, format_id = excluded.format_id, name = excluded.name, price = excluded.price, grams = excluded.grams, is_active = excluded.is_active, sort_order = excluded.sort_order, created_at = excluded.created_at;
insert into public.addition_catalog (id, supply_id, format_id, name, price, grams, is_active, sort_order, created_at) values ('b3b37408-0ae3-48be-9fe1-7fe18463082a', '00000000-0000-0000-0002-000000000009', '52daf59d-2fa1-4675-8657-6767a602d676', 'Extra Champiñones', '2000', '31', 'true', '8', '2026-04-11 18:52:20.762681+00') on conflict (id) do update set supply_id = excluded.supply_id, format_id = excluded.format_id, name = excluded.name, price = excluded.price, grams = excluded.grams, is_active = excluded.is_active, sort_order = excluded.sort_order, created_at = excluded.created_at;
insert into public.addition_catalog (id, supply_id, format_id, name, price, grams, is_active, sort_order, created_at) values ('b3d247d0-4e42-4464-a8c2-85fb695bd820', '00000000-0000-0000-0002-000000000016', 'd2afd424-0b64-44a7-87cf-33d3ec93f9c3', 'Extra Salsa de Albahaca', '1000', '50', 'true', '18', '2026-04-11 18:52:20.762681+00') on conflict (id) do update set supply_id = excluded.supply_id, format_id = excluded.format_id, name = excluded.name, price = excluded.price, grams = excluded.grams, is_active = excluded.is_active, sort_order = excluded.sort_order, created_at = excluded.created_at;
insert into public.addition_catalog (id, supply_id, format_id, name, price, grams, is_active, sort_order, created_at) values ('b3e868de-fc0b-4ccb-8fe2-2d3e602f560c', '00000000-0000-0000-0002-000000000028', 'c70aef5b-f3d6-4879-8c7d-109d647891df', 'Extra Atún', '2000', '25', 'true', '21', '2026-04-11 18:52:20.762681+00') on conflict (id) do update set supply_id = excluded.supply_id, format_id = excluded.format_id, name = excluded.name, price = excluded.price, grams = excluded.grams, is_active = excluded.is_active, sort_order = excluded.sort_order, created_at = excluded.created_at;
insert into public.addition_catalog (id, supply_id, format_id, name, price, grams, is_active, sort_order, created_at) values ('b44e5001-03a7-4986-94e6-78291dba721c', '00000000-0000-0000-0002-000000000005', '15a846b4-1b7b-44cb-9f26-b00271901739', 'Extra Tocineta', '2000', '31', 'true', '5', '2026-04-11 18:52:20.762681+00') on conflict (id) do update set supply_id = excluded.supply_id, format_id = excluded.format_id, name = excluded.name, price = excluded.price, grams = excluded.grams, is_active = excluded.is_active, sort_order = excluded.sort_order, created_at = excluded.created_at;
insert into public.addition_catalog (id, supply_id, format_id, name, price, grams, is_active, sort_order, created_at) values ('b4d68da3-7f8c-449c-91c4-42eee4932ac8', '00000000-0000-0000-0002-000000000025', '462f53bc-a2e4-41a1-917c-f303cc79a91f', 'Extra Salsa de Ajo', '1000', '10', 'true', '16', '2026-04-11 18:52:20.762681+00') on conflict (id) do update set supply_id = excluded.supply_id, format_id = excluded.format_id, name = excluded.name, price = excluded.price, grams = excluded.grams, is_active = excluded.is_active, sort_order = excluded.sort_order, created_at = excluded.created_at;
insert into public.addition_catalog (id, supply_id, format_id, name, price, grams, is_active, sort_order, created_at) values ('b4e5dfd8-3113-4683-8077-c511420eab56', '00000000-0000-0000-0002-000000000023', '15a846b4-1b7b-44cb-9f26-b00271901739', 'Extra Tomate Pico de Gallo', '1000', '42', 'true', '13', '2026-04-11 18:52:20.762681+00') on conflict (id) do update set supply_id = excluded.supply_id, format_id = excluded.format_id, name = excluded.name, price = excluded.price, grams = excluded.grams, is_active = excluded.is_active, sort_order = excluded.sort_order, created_at = excluded.created_at;
insert into public.addition_catalog (id, supply_id, format_id, name, price, grams, is_active, sort_order, created_at) values ('b4e64fb7-e080-4831-88b5-e6b54a01dad2', '00000000-0000-0000-0002-000000000022', '15a846b4-1b7b-44cb-9f26-b00271901739', 'Extra Aceitunas', '2000', '19', 'true', '11', '2026-04-11 18:52:20.762681+00') on conflict (id) do update set supply_id = excluded.supply_id, format_id = excluded.format_id, name = excluded.name, price = excluded.price, grams = excluded.grams, is_active = excluded.is_active, sort_order = excluded.sort_order, created_at = excluded.created_at;
insert into public.addition_catalog (id, supply_id, format_id, name, price, grams, is_active, sort_order, created_at) values ('b4f7a926-374f-4dbf-9da8-104d74e17d64', '00000000-0000-0000-0002-000000000028', '978b6152-47de-48f3-a7de-8a75d1902deb', 'Extra Atún', '2000', '25', 'true', '21', '2026-04-11 18:52:20.762681+00') on conflict (id) do update set supply_id = excluded.supply_id, format_id = excluded.format_id, name = excluded.name, price = excluded.price, grams = excluded.grams, is_active = excluded.is_active, sort_order = excluded.sort_order, created_at = excluded.created_at;
insert into public.addition_catalog (id, supply_id, format_id, name, price, grams, is_active, sort_order, created_at) values ('b50b4907-cf26-4bc2-853f-2b4e788bca2e', '00000000-0000-0000-0002-000000000024', 'd77153ba-ed83-4662-88ca-8279a5541e96', 'Extra Pimentón Cebolla Cilantro', '1000', '42', 'true', '14', '2026-04-11 18:52:20.762681+00') on conflict (id) do update set supply_id = excluded.supply_id, format_id = excluded.format_id, name = excluded.name, price = excluded.price, grams = excluded.grams, is_active = excluded.is_active, sort_order = excluded.sort_order, created_at = excluded.created_at;
insert into public.addition_catalog (id, supply_id, format_id, name, price, grams, is_active, sort_order, created_at) values ('b511edfa-8717-49b5-9e0d-737ae6be2ee2', '00000000-0000-0000-0002-000000000009', 'f9590eb3-f443-49bd-b4e4-7f83a9949a78', 'Extra Champiñones', '2000', '31', 'true', '8', '2026-04-11 18:52:20.762681+00') on conflict (id) do update set supply_id = excluded.supply_id, format_id = excluded.format_id, name = excluded.name, price = excluded.price, grams = excluded.grams, is_active = excluded.is_active, sort_order = excluded.sort_order, created_at = excluded.created_at;
insert into public.addition_catalog (id, supply_id, format_id, name, price, grams, is_active, sort_order, created_at) values ('b5804131-0152-4db3-9b67-76cd429af291', '00000000-0000-0000-0002-000000000028', 'b310e1df-0de1-4da6-bd95-eaa7a51f2e81', 'Extra Atún', '3000', '50', 'true', '21', '2026-04-11 18:52:20.762681+00') on conflict (id) do update set supply_id = excluded.supply_id, format_id = excluded.format_id, name = excluded.name, price = excluded.price, grams = excluded.grams, is_active = excluded.is_active, sort_order = excluded.sort_order, created_at = excluded.created_at;
insert into public.addition_catalog (id, supply_id, format_id, name, price, grams, is_active, sort_order, created_at) values ('b61e4ade-6126-4236-9274-4b877ad59b8c', '00000000-0000-0000-0002-000000000004', 'a3a99307-2bc9-413c-804d-1b0dda4b4488', 'Extra Jamón', '2000', '17', 'true', '3', '2026-04-11 18:52:20.762681+00') on conflict (id) do update set supply_id = excluded.supply_id, format_id = excluded.format_id, name = excluded.name, price = excluded.price, grams = excluded.grams, is_active = excluded.is_active, sort_order = excluded.sort_order, created_at = excluded.created_at;
insert into public.addition_catalog (id, supply_id, format_id, name, price, grams, is_active, sort_order, created_at) values ('b628a3ac-0ea5-4bfd-a778-324a2cf812a0', '00000000-0000-0000-0002-000000000024', 'd2afd424-0b64-44a7-87cf-33d3ec93f9c3', 'Extra Pimentón Cebolla Cilantro', '1000', '42', 'true', '14', '2026-04-11 18:52:20.762681+00') on conflict (id) do update set supply_id = excluded.supply_id, format_id = excluded.format_id, name = excluded.name, price = excluded.price, grams = excluded.grams, is_active = excluded.is_active, sort_order = excluded.sort_order, created_at = excluded.created_at;
insert into public.addition_catalog (id, supply_id, format_id, name, price, grams, is_active, sort_order, created_at) values ('b6536b57-e8e2-40b4-aa73-6b5c6e320a0e', '00000000-0000-0000-0002-000000000004', '52daf59d-2fa1-4675-8657-6767a602d676', 'Extra Jamón', '2000', '17', 'true', '3', '2026-04-11 18:52:20.762681+00') on conflict (id) do update set supply_id = excluded.supply_id, format_id = excluded.format_id, name = excluded.name, price = excluded.price, grams = excluded.grams, is_active = excluded.is_active, sort_order = excluded.sort_order, created_at = excluded.created_at;
insert into public.addition_catalog (id, supply_id, format_id, name, price, grams, is_active, sort_order, created_at) values ('b6a58b3e-1e08-423d-becf-79c932229757', '00000000-0000-0000-0002-000000000006', '5c085f0f-2965-428e-b2e8-8a43dbb1bea6', 'Extra Piña', '1000', '27', 'true', '7', '2026-04-11 18:52:20.762681+00') on conflict (id) do update set supply_id = excluded.supply_id, format_id = excluded.format_id, name = excluded.name, price = excluded.price, grams = excluded.grams, is_active = excluded.is_active, sort_order = excluded.sort_order, created_at = excluded.created_at;
insert into public.addition_catalog (id, supply_id, format_id, name, price, grams, is_active, sort_order, created_at) values ('b6a66f08-69e2-4a55-b70c-f40f19f7fcd6', '00000000-0000-0000-0002-000000000004', 'fe406ea2-32b4-4e14-af2a-49e9887e51f8', 'Extra Jamón', '2000', '17', 'true', '3', '2026-04-11 18:52:20.762681+00') on conflict (id) do update set supply_id = excluded.supply_id, format_id = excluded.format_id, name = excluded.name, price = excluded.price, grams = excluded.grams, is_active = excluded.is_active, sort_order = excluded.sort_order, created_at = excluded.created_at;
insert into public.addition_catalog (id, supply_id, format_id, name, price, grams, is_active, sort_order, created_at) values ('b6ebb5e4-cb7a-416e-bc49-d517186323f0', '00000000-0000-0000-0002-000000000021', '389a4673-a142-4fab-a2c4-76f2a042295f', 'Extra Jalapeño', '1000', '25', 'true', '10', '2026-04-11 18:52:20.762681+00') on conflict (id) do update set supply_id = excluded.supply_id, format_id = excluded.format_id, name = excluded.name, price = excluded.price, grams = excluded.grams, is_active = excluded.is_active, sort_order = excluded.sort_order, created_at = excluded.created_at;
insert into public.addition_catalog (id, supply_id, format_id, name, price, grams, is_active, sort_order, created_at) values ('b858cb41-1ca2-4e45-a373-cc271d99e6d6', '00000000-0000-0000-0002-000000000021', '212caae0-0f84-41f8-a518-f13cd735f657', 'Extra Jalapeño', '1000', '25', 'true', '10', '2026-04-11 18:52:20.762681+00') on conflict (id) do update set supply_id = excluded.supply_id, format_id = excluded.format_id, name = excluded.name, price = excluded.price, grams = excluded.grams, is_active = excluded.is_active, sort_order = excluded.sort_order, created_at = excluded.created_at;
insert into public.addition_catalog (id, supply_id, format_id, name, price, grams, is_active, sort_order, created_at) values ('b878f63b-0f90-4ee4-b6fe-1ae3eb49d147', '00000000-0000-0000-0002-000000000016', 'ee4bff3e-cc84-439d-97b5-561d0ade13e3', 'Extra Salsa de Albahaca', '1000', '50', 'true', '18', '2026-04-11 18:52:20.762681+00') on conflict (id) do update set supply_id = excluded.supply_id, format_id = excluded.format_id, name = excluded.name, price = excluded.price, grams = excluded.grams, is_active = excluded.is_active, sort_order = excluded.sort_order, created_at = excluded.created_at;
insert into public.addition_catalog (id, supply_id, format_id, name, price, grams, is_active, sort_order, created_at) values ('b89d0729-bde4-4db7-8f2f-4594b3b191eb', '00000000-0000-0000-0002-000000000012', '894a1675-8ad8-4417-8b64-596102577cb7', 'Extra Carne Molida', '2000', '25', 'true', '12', '2026-04-11 18:52:20.762681+00') on conflict (id) do update set supply_id = excluded.supply_id, format_id = excluded.format_id, name = excluded.name, price = excluded.price, grams = excluded.grams, is_active = excluded.is_active, sort_order = excluded.sort_order, created_at = excluded.created_at;
insert into public.addition_catalog (id, supply_id, format_id, name, price, grams, is_active, sort_order, created_at) values ('b8ae3f15-e990-45f6-a6b0-4c5c1c5195e5', '00000000-0000-0000-0002-000000000021', '66cd2881-b7dc-4043-b3ad-d781a1fdd423', 'Extra Jalapeño', '1000', '25', 'true', '10', '2026-04-11 18:52:20.762681+00') on conflict (id) do update set supply_id = excluded.supply_id, format_id = excluded.format_id, name = excluded.name, price = excluded.price, grams = excluded.grams, is_active = excluded.is_active, sort_order = excluded.sort_order, created_at = excluded.created_at;
insert into public.addition_catalog (id, supply_id, format_id, name, price, grams, is_active, sort_order, created_at) values ('b9022b72-fce5-4901-a7c3-91db74bf3198', '00000000-0000-0000-0002-000000000005', 'b310e1df-0de1-4da6-bd95-eaa7a51f2e81', 'Extra Tocineta', '3000', '63', 'true', '5', '2026-04-11 18:52:20.762681+00') on conflict (id) do update set supply_id = excluded.supply_id, format_id = excluded.format_id, name = excluded.name, price = excluded.price, grams = excluded.grams, is_active = excluded.is_active, sort_order = excluded.sort_order, created_at = excluded.created_at;
insert into public.addition_catalog (id, supply_id, format_id, name, price, grams, is_active, sort_order, created_at) values ('b91a20c2-bf26-4103-a01b-35639c71399e', '00000000-0000-0000-0002-000000000021', '3051d941-3c79-4311-8efa-779fd715b540', 'Extra Jalapeño', '1000', '25', 'true', '10', '2026-04-11 18:52:20.762681+00') on conflict (id) do update set supply_id = excluded.supply_id, format_id = excluded.format_id, name = excluded.name, price = excluded.price, grams = excluded.grams, is_active = excluded.is_active, sort_order = excluded.sort_order, created_at = excluded.created_at;
insert into public.addition_catalog (id, supply_id, format_id, name, price, grams, is_active, sort_order, created_at) values ('b97a4ccd-f43c-4b89-9f88-f7d993cbd21c', '00000000-0000-0000-0002-000000000013', '462f53bc-a2e4-41a1-917c-f303cc79a91f', 'Extra Guacamole', '1000', '42', 'true', '15', '2026-04-11 18:52:20.762681+00') on conflict (id) do update set supply_id = excluded.supply_id, format_id = excluded.format_id, name = excluded.name, price = excluded.price, grams = excluded.grams, is_active = excluded.is_active, sort_order = excluded.sort_order, created_at = excluded.created_at;
insert into public.addition_catalog (id, supply_id, format_id, name, price, grams, is_active, sort_order, created_at) values ('b97c8cc5-6595-4f6a-a66e-4e356a729098', '00000000-0000-0000-0002-000000000006', 'a8bed84e-7890-4c9c-98d9-417bf76e91f5', 'Extra Piña', '1000', '27', 'true', '7', '2026-04-11 18:52:20.762681+00') on conflict (id) do update set supply_id = excluded.supply_id, format_id = excluded.format_id, name = excluded.name, price = excluded.price, grams = excluded.grams, is_active = excluded.is_active, sort_order = excluded.sort_order, created_at = excluded.created_at;
insert into public.addition_catalog (id, supply_id, format_id, name, price, grams, is_active, sort_order, created_at) values ('b986205e-3df9-43ad-b6aa-64697e81faae', '00000000-0000-0000-0002-000000000006', 'ee4bff3e-cc84-439d-97b5-561d0ade13e3', 'Extra Piña', '1000', '27', 'true', '7', '2026-04-11 18:52:20.762681+00') on conflict (id) do update set supply_id = excluded.supply_id, format_id = excluded.format_id, name = excluded.name, price = excluded.price, grams = excluded.grams, is_active = excluded.is_active, sort_order = excluded.sort_order, created_at = excluded.created_at;
insert into public.addition_catalog (id, supply_id, format_id, name, price, grams, is_active, sort_order, created_at) values ('b9d212ab-4c2c-43c6-89c1-ad9a3f37ca79', '00000000-0000-0000-0002-000000000004', '731472ff-a486-4443-8179-435b653ecd36', 'Extra Jamón', '2000', '17', 'true', '3', '2026-04-11 18:52:20.762681+00') on conflict (id) do update set supply_id = excluded.supply_id, format_id = excluded.format_id, name = excluded.name, price = excluded.price, grams = excluded.grams, is_active = excluded.is_active, sort_order = excluded.sort_order, created_at = excluded.created_at;
insert into public.addition_catalog (id, supply_id, format_id, name, price, grams, is_active, sort_order, created_at) values ('b9df8b76-b498-494d-9616-9752ef096b92', '00000000-0000-0000-0002-000000000009', '50cb994f-c464-4319-8ae0-d9aed00f625c', 'Extra Champiñones', '2000', '31', 'true', '8', '2026-04-11 18:52:20.762681+00') on conflict (id) do update set supply_id = excluded.supply_id, format_id = excluded.format_id, name = excluded.name, price = excluded.price, grams = excluded.grams, is_active = excluded.is_active, sort_order = excluded.sort_order, created_at = excluded.created_at;
insert into public.addition_catalog (id, supply_id, format_id, name, price, grams, is_active, sort_order, created_at) values ('b9e2e87f-4a7a-4035-bb2b-97012516afa9', '00000000-0000-0000-0002-000000000016', '66cd2881-b7dc-4043-b3ad-d781a1fdd423', 'Extra Salsa de Albahaca', '1000', '50', 'true', '18', '2026-04-11 18:52:20.762681+00') on conflict (id) do update set supply_id = excluded.supply_id, format_id = excluded.format_id, name = excluded.name, price = excluded.price, grams = excluded.grams, is_active = excluded.is_active, sort_order = excluded.sort_order, created_at = excluded.created_at;
insert into public.addition_catalog (id, supply_id, format_id, name, price, grams, is_active, sort_order, created_at) values ('ba3dfbf1-348a-4a83-b58d-d91ea0399d84', '00000000-0000-0000-0002-000000000009', 'b310e1df-0de1-4da6-bd95-eaa7a51f2e81', 'Extra Champiñones', '3000', '63', 'true', '8', '2026-04-11 18:52:20.762681+00') on conflict (id) do update set supply_id = excluded.supply_id, format_id = excluded.format_id, name = excluded.name, price = excluded.price, grams = excluded.grams, is_active = excluded.is_active, sort_order = excluded.sort_order, created_at = excluded.created_at;
insert into public.addition_catalog (id, supply_id, format_id, name, price, grams, is_active, sort_order, created_at) values ('ba4ae8da-5875-47f6-bd76-331d30ec276a', '00000000-0000-0000-0002-000000000002', '5c085f0f-2965-428e-b2e8-8a43dbb1bea6', 'Extra Queso', '2000', '39', 'true', '1', '2026-04-11 18:52:20.762681+00') on conflict (id) do update set supply_id = excluded.supply_id, format_id = excluded.format_id, name = excluded.name, price = excluded.price, grams = excluded.grams, is_active = excluded.is_active, sort_order = excluded.sort_order, created_at = excluded.created_at;
insert into public.addition_catalog (id, supply_id, format_id, name, price, grams, is_active, sort_order, created_at) values ('ba662d20-9ab4-4cc7-b7ad-aacd8e0bdc0b', '00000000-0000-0000-0002-000000000007', '74f3718a-6df1-46a7-8f31-5fe177fffbc5', 'Extra Pepperoni', '2000', '31', 'true', '6', '2026-04-11 18:52:20.762681+00') on conflict (id) do update set supply_id = excluded.supply_id, format_id = excluded.format_id, name = excluded.name, price = excluded.price, grams = excluded.grams, is_active = excluded.is_active, sort_order = excluded.sort_order, created_at = excluded.created_at;
insert into public.addition_catalog (id, supply_id, format_id, name, price, grams, is_active, sort_order, created_at) values ('bb1d20bf-ebbd-4640-86b9-d435afb2c536', '00000000-0000-0000-0002-000000000009', '15a846b4-1b7b-44cb-9f26-b00271901739', 'Extra Champiñones', '2000', '31', 'true', '8', '2026-04-11 18:52:20.762681+00') on conflict (id) do update set supply_id = excluded.supply_id, format_id = excluded.format_id, name = excluded.name, price = excluded.price, grams = excluded.grams, is_active = excluded.is_active, sort_order = excluded.sort_order, created_at = excluded.created_at;
insert into public.addition_catalog (id, supply_id, format_id, name, price, grams, is_active, sort_order, created_at) values ('bb853991-7d2e-4631-9e72-2973ac5397f1', '00000000-0000-0000-0002-000000000022', '560273c0-172d-47d3-83b7-2e95be293b29', 'Extra Aceitunas', '2000', '19', 'true', '11', '2026-04-11 18:52:20.762681+00') on conflict (id) do update set supply_id = excluded.supply_id, format_id = excluded.format_id, name = excluded.name, price = excluded.price, grams = excluded.grams, is_active = excluded.is_active, sort_order = excluded.sort_order, created_at = excluded.created_at;
insert into public.addition_catalog (id, supply_id, format_id, name, price, grams, is_active, sort_order, created_at) values ('bb8b6ffd-a3e2-45d4-bcf2-152bff8d5024', '00000000-0000-0000-0002-000000000005', '05868d23-5264-444e-8173-0eb52bdf968a', 'Extra Tocineta', '2000', '31', 'true', '5', '2026-04-11 18:52:20.762681+00') on conflict (id) do update set supply_id = excluded.supply_id, format_id = excluded.format_id, name = excluded.name, price = excluded.price, grams = excluded.grams, is_active = excluded.is_active, sort_order = excluded.sort_order, created_at = excluded.created_at;
insert into public.addition_catalog (id, supply_id, format_id, name, price, grams, is_active, sort_order, created_at) values ('bbafd78e-98d4-4689-98f0-2edae0b6c132', '00000000-0000-0000-0002-000000000006', 'f9590eb3-f443-49bd-b4e4-7f83a9949a78', 'Extra Piña', '1000', '27', 'true', '7', '2026-04-11 18:52:20.762681+00') on conflict (id) do update set supply_id = excluded.supply_id, format_id = excluded.format_id, name = excluded.name, price = excluded.price, grams = excluded.grams, is_active = excluded.is_active, sort_order = excluded.sort_order, created_at = excluded.created_at;
insert into public.addition_catalog (id, supply_id, format_id, name, price, grams, is_active, sort_order, created_at) values ('bc3f2eed-60b9-462c-8296-577b9706cae9', '00000000-0000-0000-0002-000000000017', '7bf4336c-59d6-4221-a0b1-910211e1e031', 'Extra Salsa de Jalapeño', '1000', '50', 'true', '17', '2026-04-11 18:52:20.762681+00') on conflict (id) do update set supply_id = excluded.supply_id, format_id = excluded.format_id, name = excluded.name, price = excluded.price, grams = excluded.grams, is_active = excluded.is_active, sort_order = excluded.sort_order, created_at = excluded.created_at;
insert into public.addition_catalog (id, supply_id, format_id, name, price, grams, is_active, sort_order, created_at) values ('bc4e77a8-7c48-4c7e-a00f-28fad2347811', '00000000-0000-0000-0002-000000000017', 'd77153ba-ed83-4662-88ca-8279a5541e96', 'Extra Salsa de Jalapeño', '1000', '50', 'true', '17', '2026-04-11 18:52:20.762681+00') on conflict (id) do update set supply_id = excluded.supply_id, format_id = excluded.format_id, name = excluded.name, price = excluded.price, grams = excluded.grams, is_active = excluded.is_active, sort_order = excluded.sort_order, created_at = excluded.created_at;
insert into public.addition_catalog (id, supply_id, format_id, name, price, grams, is_active, sort_order, created_at) values ('bc82d3f5-9a41-411a-a50e-aac7002ff21a', '00000000-0000-0000-0002-000000000016', 'c70aef5b-f3d6-4879-8c7d-109d647891df', 'Extra Salsa de Albahaca', '1000', '50', 'true', '18', '2026-04-11 18:52:20.762681+00') on conflict (id) do update set supply_id = excluded.supply_id, format_id = excluded.format_id, name = excluded.name, price = excluded.price, grams = excluded.grams, is_active = excluded.is_active, sort_order = excluded.sort_order, created_at = excluded.created_at;
insert into public.addition_catalog (id, supply_id, format_id, name, price, grams, is_active, sort_order, created_at) values ('bc9306ff-a884-4ccc-b7ed-c9df92d990eb', '00000000-0000-0000-0002-000000000021', '731472ff-a486-4443-8179-435b653ecd36', 'Extra Jalapeño', '1000', '25', 'true', '10', '2026-04-11 18:52:20.762681+00') on conflict (id) do update set supply_id = excluded.supply_id, format_id = excluded.format_id, name = excluded.name, price = excluded.price, grams = excluded.grams, is_active = excluded.is_active, sort_order = excluded.sort_order, created_at = excluded.created_at;
insert into public.addition_catalog (id, supply_id, format_id, name, price, grams, is_active, sort_order, created_at) values ('bd191e47-ae5a-471d-8066-73f839d821f4', '00000000-0000-0000-0002-000000000007', '8ebd1523-3ac0-4770-98d9-78c584bdcc36', 'Extra Pepperoni', '2000', '31', 'true', '6', '2026-04-11 18:52:20.762681+00') on conflict (id) do update set supply_id = excluded.supply_id, format_id = excluded.format_id, name = excluded.name, price = excluded.price, grams = excluded.grams, is_active = excluded.is_active, sort_order = excluded.sort_order, created_at = excluded.created_at;
insert into public.addition_catalog (id, supply_id, format_id, name, price, grams, is_active, sort_order, created_at) values ('bd720c02-9b28-453d-8aba-1877372979f4', '00000000-0000-0000-0002-000000000003', '389a4673-a142-4fab-a2c4-76f2a042295f', 'Extra Salsa Napolitana', '1000', '50', 'true', '2', '2026-04-11 18:52:20.762681+00') on conflict (id) do update set supply_id = excluded.supply_id, format_id = excluded.format_id, name = excluded.name, price = excluded.price, grams = excluded.grams, is_active = excluded.is_active, sort_order = excluded.sort_order, created_at = excluded.created_at;
insert into public.addition_catalog (id, supply_id, format_id, name, price, grams, is_active, sort_order, created_at) values ('bdbc9751-4d75-4ceb-8df3-0a9d7d0f556c', '00000000-0000-0000-0002-000000000028', '8b9f43b8-126a-41ef-a9e3-37df34edc44b', 'Extra Atún', '2000', '25', 'true', '21', '2026-04-11 18:52:20.762681+00') on conflict (id) do update set supply_id = excluded.supply_id, format_id = excluded.format_id, name = excluded.name, price = excluded.price, grams = excluded.grams, is_active = excluded.is_active, sort_order = excluded.sort_order, created_at = excluded.created_at;
insert into public.addition_catalog (id, supply_id, format_id, name, price, grams, is_active, sort_order, created_at) values ('bde3001f-17be-47a1-82e3-6e08c5620daf', '00000000-0000-0000-0002-000000000025', '3b521025-1970-4f7b-9415-eb76bd12753e', 'Extra Salsa de Ajo', '1000', '10', 'true', '16', '2026-04-11 18:52:20.762681+00') on conflict (id) do update set supply_id = excluded.supply_id, format_id = excluded.format_id, name = excluded.name, price = excluded.price, grams = excluded.grams, is_active = excluded.is_active, sort_order = excluded.sort_order, created_at = excluded.created_at;
insert into public.addition_catalog (id, supply_id, format_id, name, price, grams, is_active, sort_order, created_at) values ('bdfcd56e-481e-4344-a21d-3d817810d684', '00000000-0000-0000-0002-000000000006', '8b9f43b8-126a-41ef-a9e3-37df34edc44b', 'Extra Piña', '1000', '27', 'true', '7', '2026-04-11 18:52:20.762681+00') on conflict (id) do update set supply_id = excluded.supply_id, format_id = excluded.format_id, name = excluded.name, price = excluded.price, grams = excluded.grams, is_active = excluded.is_active, sort_order = excluded.sort_order, created_at = excluded.created_at;
insert into public.addition_catalog (id, supply_id, format_id, name, price, grams, is_active, sort_order, created_at) values ('be662ae9-4371-4968-8a09-3ef5716732df', '00000000-0000-0000-0002-000000000016', '212caae0-0f84-41f8-a518-f13cd735f657', 'Extra Salsa de Albahaca', '1000', '50', 'true', '18', '2026-04-11 18:52:20.762681+00') on conflict (id) do update set supply_id = excluded.supply_id, format_id = excluded.format_id, name = excluded.name, price = excluded.price, grams = excluded.grams, is_active = excluded.is_active, sort_order = excluded.sort_order, created_at = excluded.created_at;
insert into public.addition_catalog (id, supply_id, format_id, name, price, grams, is_active, sort_order, created_at) values ('bec0b088-9b0b-4be4-8cac-66a1ebf79c3d', '00000000-0000-0000-0002-000000000017', '52daf59d-2fa1-4675-8657-6767a602d676', 'Extra Salsa de Jalapeño', '1000', '50', 'true', '17', '2026-04-11 18:52:20.762681+00') on conflict (id) do update set supply_id = excluded.supply_id, format_id = excluded.format_id, name = excluded.name, price = excluded.price, grams = excluded.grams, is_active = excluded.is_active, sort_order = excluded.sort_order, created_at = excluded.created_at;
insert into public.addition_catalog (id, supply_id, format_id, name, price, grams, is_active, sort_order, created_at) values ('bf74f791-62fc-4261-9250-b6e21cde60a9', '00000000-0000-0000-0002-000000000009', 'afabb066-075c-499c-bfb7-81dc30d2c3fe', 'Extra Champiñones', '2000', '31', 'true', '8', '2026-04-11 18:52:20.762681+00') on conflict (id) do update set supply_id = excluded.supply_id, format_id = excluded.format_id, name = excluded.name, price = excluded.price, grams = excluded.grams, is_active = excluded.is_active, sort_order = excluded.sort_order, created_at = excluded.created_at;
insert into public.addition_catalog (id, supply_id, format_id, name, price, grams, is_active, sort_order, created_at) values ('bffbcf92-3334-43e2-b80a-7cc8d35d2072', '00000000-0000-0000-0002-000000000003', '7bf4336c-59d6-4221-a0b1-910211e1e031', 'Extra Salsa Napolitana', '1000', '50', 'true', '2', '2026-04-11 18:52:20.762681+00') on conflict (id) do update set supply_id = excluded.supply_id, format_id = excluded.format_id, name = excluded.name, price = excluded.price, grams = excluded.grams, is_active = excluded.is_active, sort_order = excluded.sort_order, created_at = excluded.created_at;
insert into public.addition_catalog (id, supply_id, format_id, name, price, grams, is_active, sort_order, created_at) values ('c1555596-099a-4de1-8473-6718e81023ae', '00000000-0000-0000-0002-000000000023', '9c724ed2-5154-4793-9f2f-20a6b30956a5', 'Extra Tomate Pico de Gallo', '1000', '42', 'true', '13', '2026-04-11 18:52:20.762681+00') on conflict (id) do update set supply_id = excluded.supply_id, format_id = excluded.format_id, name = excluded.name, price = excluded.price, grams = excluded.grams, is_active = excluded.is_active, sort_order = excluded.sort_order, created_at = excluded.created_at;
insert into public.addition_catalog (id, supply_id, format_id, name, price, grams, is_active, sort_order, created_at) values ('c1718067-c0aa-4973-a920-c5bebf6f8d14', '00000000-0000-0000-0002-000000000025', '15a846b4-1b7b-44cb-9f26-b00271901739', 'Extra Salsa de Ajo', '1000', '10', 'true', '16', '2026-04-11 18:52:20.762681+00') on conflict (id) do update set supply_id = excluded.supply_id, format_id = excluded.format_id, name = excluded.name, price = excluded.price, grams = excluded.grams, is_active = excluded.is_active, sort_order = excluded.sort_order, created_at = excluded.created_at;
insert into public.addition_catalog (id, supply_id, format_id, name, price, grams, is_active, sort_order, created_at) values ('c18b3b36-b422-4537-940d-acd60b0e538d', '00000000-0000-0000-0002-000000000005', '894a1675-8ad8-4417-8b64-596102577cb7', 'Extra Tocineta', '2000', '31', 'true', '5', '2026-04-11 18:52:20.762681+00') on conflict (id) do update set supply_id = excluded.supply_id, format_id = excluded.format_id, name = excluded.name, price = excluded.price, grams = excluded.grams, is_active = excluded.is_active, sort_order = excluded.sort_order, created_at = excluded.created_at;
insert into public.addition_catalog (id, supply_id, format_id, name, price, grams, is_active, sort_order, created_at) values ('c1acb234-0aea-4d5e-bbf7-3167e1f42afd', '00000000-0000-0000-0002-000000000021', '7bf4336c-59d6-4221-a0b1-910211e1e031', 'Extra Jalapeño', '1000', '25', 'true', '10', '2026-04-11 18:52:20.762681+00') on conflict (id) do update set supply_id = excluded.supply_id, format_id = excluded.format_id, name = excluded.name, price = excluded.price, grams = excluded.grams, is_active = excluded.is_active, sort_order = excluded.sort_order, created_at = excluded.created_at;
insert into public.addition_catalog (id, supply_id, format_id, name, price, grams, is_active, sort_order, created_at) values ('c1c1eec3-d96c-45e0-ad83-d08cc2b4ca23', '00000000-0000-0000-0002-000000000023', '7bf4336c-59d6-4221-a0b1-910211e1e031', 'Extra Tomate Pico de Gallo', '1000', '42', 'true', '13', '2026-04-11 18:52:20.762681+00') on conflict (id) do update set supply_id = excluded.supply_id, format_id = excluded.format_id, name = excluded.name, price = excluded.price, grams = excluded.grams, is_active = excluded.is_active, sort_order = excluded.sort_order, created_at = excluded.created_at;
insert into public.addition_catalog (id, supply_id, format_id, name, price, grams, is_active, sort_order, created_at) values ('c2255fa8-b830-40a2-8454-7dc4aa25c0fe', '00000000-0000-0000-0002-000000000003', '52daf59d-2fa1-4675-8657-6767a602d676', 'Extra Salsa Napolitana', '1000', '50', 'true', '2', '2026-04-11 18:52:20.762681+00') on conflict (id) do update set supply_id = excluded.supply_id, format_id = excluded.format_id, name = excluded.name, price = excluded.price, grams = excluded.grams, is_active = excluded.is_active, sort_order = excluded.sort_order, created_at = excluded.created_at;
insert into public.addition_catalog (id, supply_id, format_id, name, price, grams, is_active, sort_order, created_at) values ('c2362052-f793-4d04-8e92-110da74a4e73', '00000000-0000-0000-0002-000000000024', 'a8bed84e-7890-4c9c-98d9-417bf76e91f5', 'Extra Pimentón Cebolla Cilantro', '1000', '42', 'true', '14', '2026-04-11 18:52:20.762681+00') on conflict (id) do update set supply_id = excluded.supply_id, format_id = excluded.format_id, name = excluded.name, price = excluded.price, grams = excluded.grams, is_active = excluded.is_active, sort_order = excluded.sort_order, created_at = excluded.created_at;
insert into public.addition_catalog (id, supply_id, format_id, name, price, grams, is_active, sort_order, created_at) values ('c24c6e75-4c35-4a00-87ea-68067a73de23', '00000000-0000-0000-0002-000000000020', 'f9590eb3-f443-49bd-b4e4-7f83a9949a78', 'Extra Maicitos', '1000', '40', 'true', '9', '2026-04-11 18:52:20.762681+00') on conflict (id) do update set supply_id = excluded.supply_id, format_id = excluded.format_id, name = excluded.name, price = excluded.price, grams = excluded.grams, is_active = excluded.is_active, sort_order = excluded.sort_order, created_at = excluded.created_at;
insert into public.addition_catalog (id, supply_id, format_id, name, price, grams, is_active, sort_order, created_at) values ('c3ed8bd5-f762-4fa5-8148-36e9c6be569f', '00000000-0000-0000-0002-000000000021', '7ccb56fa-c8b4-42b5-bea8-8618145f4ccb', 'Extra Jalapeño', '1000', '25', 'true', '10', '2026-04-11 18:52:20.762681+00') on conflict (id) do update set supply_id = excluded.supply_id, format_id = excluded.format_id, name = excluded.name, price = excluded.price, grams = excluded.grams, is_active = excluded.is_active, sort_order = excluded.sort_order, created_at = excluded.created_at;
insert into public.addition_catalog (id, supply_id, format_id, name, price, grams, is_active, sort_order, created_at) values ('c44f1481-05fe-40c2-8acd-f3032315d2fd', '00000000-0000-0000-0002-000000000016', '4245975d-205b-4b2d-a32a-118799ff653a', 'Extra Salsa de Albahaca', '1000', '50', 'true', '18', '2026-04-11 18:52:20.762681+00') on conflict (id) do update set supply_id = excluded.supply_id, format_id = excluded.format_id, name = excluded.name, price = excluded.price, grams = excluded.grams, is_active = excluded.is_active, sort_order = excluded.sort_order, created_at = excluded.created_at;
insert into public.addition_catalog (id, supply_id, format_id, name, price, grams, is_active, sort_order, created_at) values ('c48dda6a-e9d0-4c70-836a-b03bd1fd0ef4', '00000000-0000-0000-0002-000000000022', '66cd2881-b7dc-4043-b3ad-d781a1fdd423', 'Extra Aceitunas', '2000', '19', 'true', '11', '2026-04-11 18:52:20.762681+00') on conflict (id) do update set supply_id = excluded.supply_id, format_id = excluded.format_id, name = excluded.name, price = excluded.price, grams = excluded.grams, is_active = excluded.is_active, sort_order = excluded.sort_order, created_at = excluded.created_at;
insert into public.addition_catalog (id, supply_id, format_id, name, price, grams, is_active, sort_order, created_at) values ('c4dd4b36-88e2-4e6f-b8b6-e5ee6a3636e9', '00000000-0000-0000-0002-000000000003', '7ccb56fa-c8b4-42b5-bea8-8618145f4ccb', 'Extra Salsa Napolitana', '1000', '50', 'true', '2', '2026-04-11 18:52:20.762681+00') on conflict (id) do update set supply_id = excluded.supply_id, format_id = excluded.format_id, name = excluded.name, price = excluded.price, grams = excluded.grams, is_active = excluded.is_active, sort_order = excluded.sort_order, created_at = excluded.created_at;
insert into public.addition_catalog (id, supply_id, format_id, name, price, grams, is_active, sort_order, created_at) values ('c51b9d18-893d-49c1-b152-be1132b2473e', '00000000-0000-0000-0002-000000000002', '8b9f43b8-126a-41ef-a9e3-37df34edc44b', 'Extra Queso', '2000', '39', 'true', '1', '2026-04-11 18:52:20.762681+00') on conflict (id) do update set supply_id = excluded.supply_id, format_id = excluded.format_id, name = excluded.name, price = excluded.price, grams = excluded.grams, is_active = excluded.is_active, sort_order = excluded.sort_order, created_at = excluded.created_at;
insert into public.addition_catalog (id, supply_id, format_id, name, price, grams, is_active, sort_order, created_at) values ('c65f3b83-c30b-470b-aa62-2ffd55ef3628', '00000000-0000-0000-0002-000000000013', '66cd2881-b7dc-4043-b3ad-d781a1fdd423', 'Extra Guacamole', '1000', '42', 'true', '15', '2026-04-11 18:52:20.762681+00') on conflict (id) do update set supply_id = excluded.supply_id, format_id = excluded.format_id, name = excluded.name, price = excluded.price, grams = excluded.grams, is_active = excluded.is_active, sort_order = excluded.sort_order, created_at = excluded.created_at;
insert into public.addition_catalog (id, supply_id, format_id, name, price, grams, is_active, sort_order, created_at) values ('c6ee5c12-86e9-41d2-97d7-4251429b039e', '00000000-0000-0000-0002-000000000013', '8ebd1523-3ac0-4770-98d9-78c584bdcc36', 'Extra Guacamole', '1000', '42', 'true', '15', '2026-04-11 18:52:20.762681+00') on conflict (id) do update set supply_id = excluded.supply_id, format_id = excluded.format_id, name = excluded.name, price = excluded.price, grams = excluded.grams, is_active = excluded.is_active, sort_order = excluded.sort_order, created_at = excluded.created_at;
insert into public.addition_catalog (id, supply_id, format_id, name, price, grams, is_active, sort_order, created_at) values ('c761659f-605c-4bcf-9010-8f343246fef8', '00000000-0000-0000-0002-000000000026', '894a1675-8ad8-4417-8b64-596102577cb7', 'Extra Miel Picante', '1000', '50', 'true', '19', '2026-04-11 18:52:20.762681+00') on conflict (id) do update set supply_id = excluded.supply_id, format_id = excluded.format_id, name = excluded.name, price = excluded.price, grams = excluded.grams, is_active = excluded.is_active, sort_order = excluded.sort_order, created_at = excluded.created_at;
insert into public.addition_catalog (id, supply_id, format_id, name, price, grams, is_active, sort_order, created_at) values ('c77897c2-95f3-4d99-b530-7dc7f49e633a', '00000000-0000-0000-0002-000000000027', '212caae0-0f84-41f8-a518-f13cd735f657', 'Extra Pimienta Cayena', '1000', '50', 'true', '20', '2026-04-11 18:52:20.762681+00') on conflict (id) do update set supply_id = excluded.supply_id, format_id = excluded.format_id, name = excluded.name, price = excluded.price, grams = excluded.grams, is_active = excluded.is_active, sort_order = excluded.sort_order, created_at = excluded.created_at;
insert into public.addition_catalog (id, supply_id, format_id, name, price, grams, is_active, sort_order, created_at) values ('c7b470f1-bfc4-4779-b708-afc5ba3c7d68', '00000000-0000-0000-0002-000000000005', '5c085f0f-2965-428e-b2e8-8a43dbb1bea6', 'Extra Tocineta', '2000', '31', 'true', '5', '2026-04-11 18:52:20.762681+00') on conflict (id) do update set supply_id = excluded.supply_id, format_id = excluded.format_id, name = excluded.name, price = excluded.price, grams = excluded.grams, is_active = excluded.is_active, sort_order = excluded.sort_order, created_at = excluded.created_at;
insert into public.addition_catalog (id, supply_id, format_id, name, price, grams, is_active, sort_order, created_at) values ('c7cf3194-bdcd-4210-8ee8-c0e296fb9400', '00000000-0000-0000-0002-000000000009', '894a1675-8ad8-4417-8b64-596102577cb7', 'Extra Champiñones', '2000', '31', 'true', '8', '2026-04-11 18:52:20.762681+00') on conflict (id) do update set supply_id = excluded.supply_id, format_id = excluded.format_id, name = excluded.name, price = excluded.price, grams = excluded.grams, is_active = excluded.is_active, sort_order = excluded.sort_order, created_at = excluded.created_at;
insert into public.addition_catalog (id, supply_id, format_id, name, price, grams, is_active, sort_order, created_at) values ('c8390071-6c87-4fcc-8db8-7beddfcf145c', '00000000-0000-0000-0002-000000000025', '8ebd1523-3ac0-4770-98d9-78c584bdcc36', 'Extra Salsa de Ajo', '1000', '10', 'true', '16', '2026-04-11 18:52:20.762681+00') on conflict (id) do update set supply_id = excluded.supply_id, format_id = excluded.format_id, name = excluded.name, price = excluded.price, grams = excluded.grams, is_active = excluded.is_active, sort_order = excluded.sort_order, created_at = excluded.created_at;
insert into public.addition_catalog (id, supply_id, format_id, name, price, grams, is_active, sort_order, created_at) values ('c857de87-aa65-4ca9-aaff-ff579afaf711', '00000000-0000-0000-0002-000000000013', '50cb994f-c464-4319-8ae0-d9aed00f625c', 'Extra Guacamole', '1000', '42', 'true', '15', '2026-04-11 18:52:20.762681+00') on conflict (id) do update set supply_id = excluded.supply_id, format_id = excluded.format_id, name = excluded.name, price = excluded.price, grams = excluded.grams, is_active = excluded.is_active, sort_order = excluded.sort_order, created_at = excluded.created_at;
insert into public.addition_catalog (id, supply_id, format_id, name, price, grams, is_active, sort_order, created_at) values ('c8b44f6f-b17d-4d59-8896-601b5e5bb18c', '00000000-0000-0000-0002-000000000016', '52daf59d-2fa1-4675-8657-6767a602d676', 'Extra Salsa de Albahaca', '1000', '50', 'true', '18', '2026-04-11 18:52:20.762681+00') on conflict (id) do update set supply_id = excluded.supply_id, format_id = excluded.format_id, name = excluded.name, price = excluded.price, grams = excluded.grams, is_active = excluded.is_active, sort_order = excluded.sort_order, created_at = excluded.created_at;
insert into public.addition_catalog (id, supply_id, format_id, name, price, grams, is_active, sort_order, created_at) values ('c92c4001-c2ab-4973-a7d8-76afd1c7f24a', '00000000-0000-0000-0002-000000000026', 'b310e1df-0de1-4da6-bd95-eaa7a51f2e81', 'Extra Miel Picante', '1500', '100', 'true', '19', '2026-04-11 18:52:20.762681+00') on conflict (id) do update set supply_id = excluded.supply_id, format_id = excluded.format_id, name = excluded.name, price = excluded.price, grams = excluded.grams, is_active = excluded.is_active, sort_order = excluded.sort_order, created_at = excluded.created_at;
insert into public.addition_catalog (id, supply_id, format_id, name, price, grams, is_active, sort_order, created_at) values ('ca416355-eaed-49b4-bb58-707d4dce520d', '00000000-0000-0000-0002-000000000022', '3b521025-1970-4f7b-9415-eb76bd12753e', 'Extra Aceitunas', '2000', '19', 'true', '11', '2026-04-11 18:52:20.762681+00') on conflict (id) do update set supply_id = excluded.supply_id, format_id = excluded.format_id, name = excluded.name, price = excluded.price, grams = excluded.grams, is_active = excluded.is_active, sort_order = excluded.sort_order, created_at = excluded.created_at;
insert into public.addition_catalog (id, supply_id, format_id, name, price, grams, is_active, sort_order, created_at) values ('cad2cfc8-103a-4722-9827-cec354ee67a3', '00000000-0000-0000-0002-000000000021', '54edbdeb-313e-4985-867a-8af3a687d9b1', 'Extra Jalapeño', '1000', '25', 'true', '10', '2026-04-11 18:52:20.762681+00') on conflict (id) do update set supply_id = excluded.supply_id, format_id = excluded.format_id, name = excluded.name, price = excluded.price, grams = excluded.grams, is_active = excluded.is_active, sort_order = excluded.sort_order, created_at = excluded.created_at;
insert into public.addition_catalog (id, supply_id, format_id, name, price, grams, is_active, sort_order, created_at) values ('cb269a14-80f6-438c-89e2-8232b8c5eab8', '00000000-0000-0000-0002-000000000012', '7bf4336c-59d6-4221-a0b1-910211e1e031', 'Extra Carne Molida', '2000', '25', 'true', '12', '2026-04-11 18:52:20.762681+00') on conflict (id) do update set supply_id = excluded.supply_id, format_id = excluded.format_id, name = excluded.name, price = excluded.price, grams = excluded.grams, is_active = excluded.is_active, sort_order = excluded.sort_order, created_at = excluded.created_at;
insert into public.addition_catalog (id, supply_id, format_id, name, price, grams, is_active, sort_order, created_at) values ('cb9ee901-b314-42e5-89eb-3710f54832d6', '00000000-0000-0000-0002-000000000016', '978b6152-47de-48f3-a7de-8a75d1902deb', 'Extra Salsa de Albahaca', '1000', '50', 'true', '18', '2026-04-11 18:52:20.762681+00') on conflict (id) do update set supply_id = excluded.supply_id, format_id = excluded.format_id, name = excluded.name, price = excluded.price, grams = excluded.grams, is_active = excluded.is_active, sort_order = excluded.sort_order, created_at = excluded.created_at;
insert into public.addition_catalog (id, supply_id, format_id, name, price, grams, is_active, sort_order, created_at) values ('cbc8628b-948e-4b77-ad47-01e28e62ef48', '00000000-0000-0000-0002-000000000007', '782942e1-c2f9-4074-8fc0-bcca7a237bdc', 'Extra Pepperoni', '2000', '31', 'true', '6', '2026-04-11 18:52:20.762681+00') on conflict (id) do update set supply_id = excluded.supply_id, format_id = excluded.format_id, name = excluded.name, price = excluded.price, grams = excluded.grams, is_active = excluded.is_active, sort_order = excluded.sort_order, created_at = excluded.created_at;
insert into public.addition_catalog (id, supply_id, format_id, name, price, grams, is_active, sort_order, created_at) values ('cbfea566-e0ba-4a91-ab64-6d0e23596c46', '00000000-0000-0000-0002-000000000005', '212caae0-0f84-41f8-a518-f13cd735f657', 'Extra Tocineta', '2000', '31', 'true', '5', '2026-04-11 18:52:20.762681+00') on conflict (id) do update set supply_id = excluded.supply_id, format_id = excluded.format_id, name = excluded.name, price = excluded.price, grams = excluded.grams, is_active = excluded.is_active, sort_order = excluded.sort_order, created_at = excluded.created_at;
insert into public.addition_catalog (id, supply_id, format_id, name, price, grams, is_active, sort_order, created_at) values ('cc4d8542-b869-4ed9-a5da-c30e0425de63', '00000000-0000-0000-0002-000000000024', '50cb994f-c464-4319-8ae0-d9aed00f625c', 'Extra Pimentón Cebolla Cilantro', '1000', '42', 'true', '14', '2026-04-11 18:52:20.762681+00') on conflict (id) do update set supply_id = excluded.supply_id, format_id = excluded.format_id, name = excluded.name, price = excluded.price, grams = excluded.grams, is_active = excluded.is_active, sort_order = excluded.sort_order, created_at = excluded.created_at;
insert into public.addition_catalog (id, supply_id, format_id, name, price, grams, is_active, sort_order, created_at) values ('ccffa670-1614-4826-a228-48e3d7d89d9e', '00000000-0000-0000-0002-000000000028', '782942e1-c2f9-4074-8fc0-bcca7a237bdc', 'Extra Atún', '2000', '25', 'true', '21', '2026-04-11 18:52:20.762681+00') on conflict (id) do update set supply_id = excluded.supply_id, format_id = excluded.format_id, name = excluded.name, price = excluded.price, grams = excluded.grams, is_active = excluded.is_active, sort_order = excluded.sort_order, created_at = excluded.created_at;
insert into public.addition_catalog (id, supply_id, format_id, name, price, grams, is_active, sort_order, created_at) values ('cd11bd2d-6cb2-4fec-a2db-1b2c701fca66', '00000000-0000-0000-0002-000000000026', '212caae0-0f84-41f8-a518-f13cd735f657', 'Extra Miel Picante', '1000', '50', 'true', '19', '2026-04-11 18:52:20.762681+00') on conflict (id) do update set supply_id = excluded.supply_id, format_id = excluded.format_id, name = excluded.name, price = excluded.price, grams = excluded.grams, is_active = excluded.is_active, sort_order = excluded.sort_order, created_at = excluded.created_at;
insert into public.addition_catalog (id, supply_id, format_id, name, price, grams, is_active, sort_order, created_at) values ('cd169b55-821a-4a0d-a9e3-0cda17d88be1', '00000000-0000-0000-0002-000000000008', 'a8bed84e-7890-4c9c-98d9-417bf76e91f5', 'Extra Pechuga', '2000', '13', 'true', '4', '2026-04-11 18:52:20.762681+00') on conflict (id) do update set supply_id = excluded.supply_id, format_id = excluded.format_id, name = excluded.name, price = excluded.price, grams = excluded.grams, is_active = excluded.is_active, sort_order = excluded.sort_order, created_at = excluded.created_at;
insert into public.addition_catalog (id, supply_id, format_id, name, price, grams, is_active, sort_order, created_at) values ('cd71e5dc-1e43-48f1-9280-dbe366df5264', '00000000-0000-0000-0002-000000000022', '978b6152-47de-48f3-a7de-8a75d1902deb', 'Extra Aceitunas', '2000', '19', 'true', '11', '2026-04-11 18:52:20.762681+00') on conflict (id) do update set supply_id = excluded.supply_id, format_id = excluded.format_id, name = excluded.name, price = excluded.price, grams = excluded.grams, is_active = excluded.is_active, sort_order = excluded.sort_order, created_at = excluded.created_at;
insert into public.addition_catalog (id, supply_id, format_id, name, price, grams, is_active, sort_order, created_at) values ('cdcc2983-9b29-488f-bee3-6d4ebe651ab8', '00000000-0000-0000-0002-000000000021', '8ebd1523-3ac0-4770-98d9-78c584bdcc36', 'Extra Jalapeño', '1000', '25', 'true', '10', '2026-04-11 18:52:20.762681+00') on conflict (id) do update set supply_id = excluded.supply_id, format_id = excluded.format_id, name = excluded.name, price = excluded.price, grams = excluded.grams, is_active = excluded.is_active, sort_order = excluded.sort_order, created_at = excluded.created_at;
insert into public.addition_catalog (id, supply_id, format_id, name, price, grams, is_active, sort_order, created_at) values ('cdfde0e1-e6d1-49ff-a395-c3619edd73ea', '00000000-0000-0000-0002-000000000002', '3b521025-1970-4f7b-9415-eb76bd12753e', 'Extra Queso', '2000', '39', 'true', '1', '2026-04-11 18:52:20.762681+00') on conflict (id) do update set supply_id = excluded.supply_id, format_id = excluded.format_id, name = excluded.name, price = excluded.price, grams = excluded.grams, is_active = excluded.is_active, sort_order = excluded.sort_order, created_at = excluded.created_at;
insert into public.addition_catalog (id, supply_id, format_id, name, price, grams, is_active, sort_order, created_at) values ('ce2e9de6-acd0-405f-aa0f-01f10abfab8a', '00000000-0000-0000-0002-000000000025', '74f3718a-6df1-46a7-8f31-5fe177fffbc5', 'Extra Salsa de Ajo', '1000', '10', 'true', '16', '2026-04-11 18:52:20.762681+00') on conflict (id) do update set supply_id = excluded.supply_id, format_id = excluded.format_id, name = excluded.name, price = excluded.price, grams = excluded.grams, is_active = excluded.is_active, sort_order = excluded.sort_order, created_at = excluded.created_at;
insert into public.addition_catalog (id, supply_id, format_id, name, price, grams, is_active, sort_order, created_at) values ('ce79090c-c4c9-4b99-aa16-0a4dd9a12b01', '00000000-0000-0000-0002-000000000016', '4933cc6f-1e05-487c-b4f7-428418382302', 'Extra Salsa de Albahaca', '1000', '50', 'true', '18', '2026-04-11 18:52:20.762681+00') on conflict (id) do update set supply_id = excluded.supply_id, format_id = excluded.format_id, name = excluded.name, price = excluded.price, grams = excluded.grams, is_active = excluded.is_active, sort_order = excluded.sort_order, created_at = excluded.created_at;
insert into public.addition_catalog (id, supply_id, format_id, name, price, grams, is_active, sort_order, created_at) values ('cea7b7e7-3cd2-4209-a27a-468d1f075b08', '00000000-0000-0000-0002-000000000026', '782942e1-c2f9-4074-8fc0-bcca7a237bdc', 'Extra Miel Picante', '1000', '50', 'true', '19', '2026-04-11 18:52:20.762681+00') on conflict (id) do update set supply_id = excluded.supply_id, format_id = excluded.format_id, name = excluded.name, price = excluded.price, grams = excluded.grams, is_active = excluded.is_active, sort_order = excluded.sort_order, created_at = excluded.created_at;
insert into public.addition_catalog (id, supply_id, format_id, name, price, grams, is_active, sort_order, created_at) values ('cf53aaaf-6be0-470b-b40e-37ff2b5077bd', '00000000-0000-0000-0002-000000000003', '5c085f0f-2965-428e-b2e8-8a43dbb1bea6', 'Extra Salsa Napolitana', '1000', '50', 'true', '2', '2026-04-11 18:52:20.762681+00') on conflict (id) do update set supply_id = excluded.supply_id, format_id = excluded.format_id, name = excluded.name, price = excluded.price, grams = excluded.grams, is_active = excluded.is_active, sort_order = excluded.sort_order, created_at = excluded.created_at;
insert into public.addition_catalog (id, supply_id, format_id, name, price, grams, is_active, sort_order, created_at) values ('cf8056b0-1026-49a4-bf6d-38386de28fb6', '00000000-0000-0000-0002-000000000026', '05868d23-5264-444e-8173-0eb52bdf968a', 'Extra Miel Picante', '1000', '50', 'true', '19', '2026-04-11 18:52:20.762681+00') on conflict (id) do update set supply_id = excluded.supply_id, format_id = excluded.format_id, name = excluded.name, price = excluded.price, grams = excluded.grams, is_active = excluded.is_active, sort_order = excluded.sort_order, created_at = excluded.created_at;
insert into public.addition_catalog (id, supply_id, format_id, name, price, grams, is_active, sort_order, created_at) values ('cf814891-436f-477d-b0b9-0b985d20f366', '00000000-0000-0000-0002-000000000003', 'a3a99307-2bc9-413c-804d-1b0dda4b4488', 'Extra Salsa Napolitana', '1000', '50', 'true', '2', '2026-04-11 18:52:20.762681+00') on conflict (id) do update set supply_id = excluded.supply_id, format_id = excluded.format_id, name = excluded.name, price = excluded.price, grams = excluded.grams, is_active = excluded.is_active, sort_order = excluded.sort_order, created_at = excluded.created_at;
insert into public.addition_catalog (id, supply_id, format_id, name, price, grams, is_active, sort_order, created_at) values ('cfbf3b3e-274e-4d54-8a37-da8843a27ec2', '00000000-0000-0000-0002-000000000027', 'a3a99307-2bc9-413c-804d-1b0dda4b4488', 'Extra Pimienta Cayena', '1000', '50', 'true', '20', '2026-04-11 18:52:20.762681+00') on conflict (id) do update set supply_id = excluded.supply_id, format_id = excluded.format_id, name = excluded.name, price = excluded.price, grams = excluded.grams, is_active = excluded.is_active, sort_order = excluded.sort_order, created_at = excluded.created_at;
insert into public.addition_catalog (id, supply_id, format_id, name, price, grams, is_active, sort_order, created_at) values ('d09c0422-3159-4d4a-8ada-3c1a4d6eff3a', '00000000-0000-0000-0002-000000000028', '8ebd1523-3ac0-4770-98d9-78c584bdcc36', 'Extra Atún', '2000', '25', 'true', '21', '2026-04-11 18:52:20.762681+00') on conflict (id) do update set supply_id = excluded.supply_id, format_id = excluded.format_id, name = excluded.name, price = excluded.price, grams = excluded.grams, is_active = excluded.is_active, sort_order = excluded.sort_order, created_at = excluded.created_at;
insert into public.addition_catalog (id, supply_id, format_id, name, price, grams, is_active, sort_order, created_at) values ('d0e0aee1-52b9-4d65-8ea0-327e4261afc0', '00000000-0000-0000-0002-000000000027', '4933cc6f-1e05-487c-b4f7-428418382302', 'Extra Pimienta Cayena', '1000', '50', 'true', '20', '2026-04-11 18:52:20.762681+00') on conflict (id) do update set supply_id = excluded.supply_id, format_id = excluded.format_id, name = excluded.name, price = excluded.price, grams = excluded.grams, is_active = excluded.is_active, sort_order = excluded.sort_order, created_at = excluded.created_at;
insert into public.addition_catalog (id, supply_id, format_id, name, price, grams, is_active, sort_order, created_at) values ('d0f90bbd-4588-40c1-b2b0-15535b4b4488', '00000000-0000-0000-0002-000000000004', '15a846b4-1b7b-44cb-9f26-b00271901739', 'Extra Jamón', '2000', '17', 'true', '3', '2026-04-11 18:52:20.762681+00') on conflict (id) do update set supply_id = excluded.supply_id, format_id = excluded.format_id, name = excluded.name, price = excluded.price, grams = excluded.grams, is_active = excluded.is_active, sort_order = excluded.sort_order, created_at = excluded.created_at;
insert into public.addition_catalog (id, supply_id, format_id, name, price, grams, is_active, sort_order, created_at) values ('d0fb9564-1529-468c-bda9-0c4bcaf78ce5', '00000000-0000-0000-0002-000000000027', '8b9f43b8-126a-41ef-a9e3-37df34edc44b', 'Extra Pimienta Cayena', '1000', '50', 'true', '20', '2026-04-11 18:52:20.762681+00') on conflict (id) do update set supply_id = excluded.supply_id, format_id = excluded.format_id, name = excluded.name, price = excluded.price, grams = excluded.grams, is_active = excluded.is_active, sort_order = excluded.sort_order, created_at = excluded.created_at;
insert into public.addition_catalog (id, supply_id, format_id, name, price, grams, is_active, sort_order, created_at) values ('d1343669-0eda-4a6b-b1a7-d8be498a223a', '00000000-0000-0000-0002-000000000021', '8b9f43b8-126a-41ef-a9e3-37df34edc44b', 'Extra Jalapeño', '1000', '25', 'true', '10', '2026-04-11 18:52:20.762681+00') on conflict (id) do update set supply_id = excluded.supply_id, format_id = excluded.format_id, name = excluded.name, price = excluded.price, grams = excluded.grams, is_active = excluded.is_active, sort_order = excluded.sort_order, created_at = excluded.created_at;
insert into public.addition_catalog (id, supply_id, format_id, name, price, grams, is_active, sort_order, created_at) values ('d165d520-192e-455e-bea2-2213010fbe5f', '00000000-0000-0000-0002-000000000023', '4245975d-205b-4b2d-a32a-118799ff653a', 'Extra Tomate Pico de Gallo', '1000', '42', 'true', '13', '2026-04-11 18:52:20.762681+00') on conflict (id) do update set supply_id = excluded.supply_id, format_id = excluded.format_id, name = excluded.name, price = excluded.price, grams = excluded.grams, is_active = excluded.is_active, sort_order = excluded.sort_order, created_at = excluded.created_at;
insert into public.addition_catalog (id, supply_id, format_id, name, price, grams, is_active, sort_order, created_at) values ('d19db041-5c1e-4158-8a15-462d6cc9668a', '00000000-0000-0000-0002-000000000025', 'd77153ba-ed83-4662-88ca-8279a5541e96', 'Extra Salsa de Ajo', '1000', '10', 'true', '16', '2026-04-11 18:52:20.762681+00') on conflict (id) do update set supply_id = excluded.supply_id, format_id = excluded.format_id, name = excluded.name, price = excluded.price, grams = excluded.grams, is_active = excluded.is_active, sort_order = excluded.sort_order, created_at = excluded.created_at;
insert into public.addition_catalog (id, supply_id, format_id, name, price, grams, is_active, sort_order, created_at) values ('d1d0975a-666b-47aa-87dd-c7cb2b61345e', '00000000-0000-0000-0002-000000000020', '3b521025-1970-4f7b-9415-eb76bd12753e', 'Extra Maicitos', '1000', '40', 'true', '9', '2026-04-11 18:52:20.762681+00') on conflict (id) do update set supply_id = excluded.supply_id, format_id = excluded.format_id, name = excluded.name, price = excluded.price, grams = excluded.grams, is_active = excluded.is_active, sort_order = excluded.sort_order, created_at = excluded.created_at;
insert into public.addition_catalog (id, supply_id, format_id, name, price, grams, is_active, sort_order, created_at) values ('d200422a-9fb0-4cc3-baab-1cb4c5ab1b06', '00000000-0000-0000-0002-000000000004', 'b310e1df-0de1-4da6-bd95-eaa7a51f2e81', 'Extra Jamón', '3000', '35', 'true', '3', '2026-04-11 18:52:20.762681+00') on conflict (id) do update set supply_id = excluded.supply_id, format_id = excluded.format_id, name = excluded.name, price = excluded.price, grams = excluded.grams, is_active = excluded.is_active, sort_order = excluded.sort_order, created_at = excluded.created_at;
insert into public.addition_catalog (id, supply_id, format_id, name, price, grams, is_active, sort_order, created_at) values ('d2406959-9633-4dac-9995-a484d8c16e57', '00000000-0000-0000-0002-000000000025', '9c724ed2-5154-4793-9f2f-20a6b30956a5', 'Extra Salsa de Ajo', '1000', '10', 'true', '16', '2026-04-11 18:52:20.762681+00') on conflict (id) do update set supply_id = excluded.supply_id, format_id = excluded.format_id, name = excluded.name, price = excluded.price, grams = excluded.grams, is_active = excluded.is_active, sort_order = excluded.sort_order, created_at = excluded.created_at;
insert into public.addition_catalog (id, supply_id, format_id, name, price, grams, is_active, sort_order, created_at) values ('d2baf7dd-a25a-4c3b-a1f5-7facff419aa7', '00000000-0000-0000-0002-000000000023', 'c70aef5b-f3d6-4879-8c7d-109d647891df', 'Extra Tomate Pico de Gallo', '1000', '42', 'true', '13', '2026-04-11 18:52:20.762681+00') on conflict (id) do update set supply_id = excluded.supply_id, format_id = excluded.format_id, name = excluded.name, price = excluded.price, grams = excluded.grams, is_active = excluded.is_active, sort_order = excluded.sort_order, created_at = excluded.created_at;
insert into public.addition_catalog (id, supply_id, format_id, name, price, grams, is_active, sort_order, created_at) values ('d2d769ab-bc7a-486d-ad4e-bd7009857485', '00000000-0000-0000-0002-000000000027', '462f53bc-a2e4-41a1-917c-f303cc79a91f', 'Extra Pimienta Cayena', '1000', '50', 'true', '20', '2026-04-11 18:52:20.762681+00') on conflict (id) do update set supply_id = excluded.supply_id, format_id = excluded.format_id, name = excluded.name, price = excluded.price, grams = excluded.grams, is_active = excluded.is_active, sort_order = excluded.sort_order, created_at = excluded.created_at;
insert into public.addition_catalog (id, supply_id, format_id, name, price, grams, is_active, sort_order, created_at) values ('d392101e-3f30-4941-89f5-e9ae12872217', '00000000-0000-0000-0002-000000000021', 'a8bed84e-7890-4c9c-98d9-417bf76e91f5', 'Extra Jalapeño', '1000', '25', 'true', '10', '2026-04-11 18:52:20.762681+00') on conflict (id) do update set supply_id = excluded.supply_id, format_id = excluded.format_id, name = excluded.name, price = excluded.price, grams = excluded.grams, is_active = excluded.is_active, sort_order = excluded.sort_order, created_at = excluded.created_at;
insert into public.addition_catalog (id, supply_id, format_id, name, price, grams, is_active, sort_order, created_at) values ('d45ff01f-f220-44ca-9e2b-15a76b26d61b', '00000000-0000-0000-0002-000000000026', '560273c0-172d-47d3-83b7-2e95be293b29', 'Extra Miel Picante', '1000', '50', 'true', '19', '2026-04-11 18:52:20.762681+00') on conflict (id) do update set supply_id = excluded.supply_id, format_id = excluded.format_id, name = excluded.name, price = excluded.price, grams = excluded.grams, is_active = excluded.is_active, sort_order = excluded.sort_order, created_at = excluded.created_at;
insert into public.addition_catalog (id, supply_id, format_id, name, price, grams, is_active, sort_order, created_at) values ('d4e463fd-5c78-4cc9-8a16-d66b1e45c90c', '00000000-0000-0000-0002-000000000013', '978b6152-47de-48f3-a7de-8a75d1902deb', 'Extra Guacamole', '1000', '42', 'true', '15', '2026-04-11 18:52:20.762681+00') on conflict (id) do update set supply_id = excluded.supply_id, format_id = excluded.format_id, name = excluded.name, price = excluded.price, grams = excluded.grams, is_active = excluded.is_active, sort_order = excluded.sort_order, created_at = excluded.created_at;
insert into public.addition_catalog (id, supply_id, format_id, name, price, grams, is_active, sort_order, created_at) values ('d5107b69-186e-43e6-afcf-a14ffe69908e', '00000000-0000-0000-0002-000000000009', '731472ff-a486-4443-8179-435b653ecd36', 'Extra Champiñones', '2000', '31', 'true', '8', '2026-04-11 18:52:20.762681+00') on conflict (id) do update set supply_id = excluded.supply_id, format_id = excluded.format_id, name = excluded.name, price = excluded.price, grams = excluded.grams, is_active = excluded.is_active, sort_order = excluded.sort_order, created_at = excluded.created_at;
insert into public.addition_catalog (id, supply_id, format_id, name, price, grams, is_active, sort_order, created_at) values ('d59498c8-b10f-4cb7-a613-9316e93c9990', '00000000-0000-0000-0002-000000000003', '50cb994f-c464-4319-8ae0-d9aed00f625c', 'Extra Salsa Napolitana', '1000', '50', 'true', '2', '2026-04-11 18:52:20.762681+00') on conflict (id) do update set supply_id = excluded.supply_id, format_id = excluded.format_id, name = excluded.name, price = excluded.price, grams = excluded.grams, is_active = excluded.is_active, sort_order = excluded.sort_order, created_at = excluded.created_at;
insert into public.addition_catalog (id, supply_id, format_id, name, price, grams, is_active, sort_order, created_at) values ('d59d6a54-5d74-4652-ae22-e51389c3bf62', '00000000-0000-0000-0002-000000000023', 'd77153ba-ed83-4662-88ca-8279a5541e96', 'Extra Tomate Pico de Gallo', '1000', '42', 'true', '13', '2026-04-11 18:52:20.762681+00') on conflict (id) do update set supply_id = excluded.supply_id, format_id = excluded.format_id, name = excluded.name, price = excluded.price, grams = excluded.grams, is_active = excluded.is_active, sort_order = excluded.sort_order, created_at = excluded.created_at;
insert into public.addition_catalog (id, supply_id, format_id, name, price, grams, is_active, sort_order, created_at) values ('d5b0d537-ac07-4ac1-a850-758d0555c08b', '00000000-0000-0000-0002-000000000025', 'a8bed84e-7890-4c9c-98d9-417bf76e91f5', 'Extra Salsa de Ajo', '1000', '10', 'true', '16', '2026-04-11 18:52:20.762681+00') on conflict (id) do update set supply_id = excluded.supply_id, format_id = excluded.format_id, name = excluded.name, price = excluded.price, grams = excluded.grams, is_active = excluded.is_active, sort_order = excluded.sort_order, created_at = excluded.created_at;
insert into public.addition_catalog (id, supply_id, format_id, name, price, grams, is_active, sort_order, created_at) values ('d61096af-0c16-4d68-b8cd-9de7af7eded5', '00000000-0000-0000-0002-000000000017', '8ebd1523-3ac0-4770-98d9-78c584bdcc36', 'Extra Salsa de Jalapeño', '1000', '50', 'true', '17', '2026-04-11 18:52:20.762681+00') on conflict (id) do update set supply_id = excluded.supply_id, format_id = excluded.format_id, name = excluded.name, price = excluded.price, grams = excluded.grams, is_active = excluded.is_active, sort_order = excluded.sort_order, created_at = excluded.created_at;
insert into public.addition_catalog (id, supply_id, format_id, name, price, grams, is_active, sort_order, created_at) values ('d6ee7bf3-fb43-4383-86fe-a17a3e57af0b', '00000000-0000-0000-0002-000000000004', '8b9f43b8-126a-41ef-a9e3-37df34edc44b', 'Extra Jamón', '2000', '17', 'true', '3', '2026-04-11 18:52:20.762681+00') on conflict (id) do update set supply_id = excluded.supply_id, format_id = excluded.format_id, name = excluded.name, price = excluded.price, grams = excluded.grams, is_active = excluded.is_active, sort_order = excluded.sort_order, created_at = excluded.created_at;
insert into public.addition_catalog (id, supply_id, format_id, name, price, grams, is_active, sort_order, created_at) values ('d75ee25d-9d68-4bf9-b471-53dd4a0a9d3e', '00000000-0000-0000-0002-000000000002', '50cb994f-c464-4319-8ae0-d9aed00f625c', 'Extra Queso', '2000', '39', 'true', '1', '2026-04-11 18:52:20.762681+00') on conflict (id) do update set supply_id = excluded.supply_id, format_id = excluded.format_id, name = excluded.name, price = excluded.price, grams = excluded.grams, is_active = excluded.is_active, sort_order = excluded.sort_order, created_at = excluded.created_at;
insert into public.addition_catalog (id, supply_id, format_id, name, price, grams, is_active, sort_order, created_at) values ('d80c3e54-1cb7-4bf2-b3f8-df77c1ab218c', '00000000-0000-0000-0002-000000000020', 'fe406ea2-32b4-4e14-af2a-49e9887e51f8', 'Extra Maicitos', '1000', '40', 'true', '9', '2026-04-11 18:52:20.762681+00') on conflict (id) do update set supply_id = excluded.supply_id, format_id = excluded.format_id, name = excluded.name, price = excluded.price, grams = excluded.grams, is_active = excluded.is_active, sort_order = excluded.sort_order, created_at = excluded.created_at;
insert into public.addition_catalog (id, supply_id, format_id, name, price, grams, is_active, sort_order, created_at) values ('d831174e-82fa-4f96-9f62-6bf19be4a16f', '00000000-0000-0000-0002-000000000007', '7bf4336c-59d6-4221-a0b1-910211e1e031', 'Extra Pepperoni', '2000', '31', 'true', '6', '2026-04-11 18:52:20.762681+00') on conflict (id) do update set supply_id = excluded.supply_id, format_id = excluded.format_id, name = excluded.name, price = excluded.price, grams = excluded.grams, is_active = excluded.is_active, sort_order = excluded.sort_order, created_at = excluded.created_at;
insert into public.addition_catalog (id, supply_id, format_id, name, price, grams, is_active, sort_order, created_at) values ('d8d12bad-7849-4b58-b60e-41e46db172ea', '00000000-0000-0000-0002-000000000026', '52daf59d-2fa1-4675-8657-6767a602d676', 'Extra Miel Picante', '1000', '50', 'true', '19', '2026-04-11 18:52:20.762681+00') on conflict (id) do update set supply_id = excluded.supply_id, format_id = excluded.format_id, name = excluded.name, price = excluded.price, grams = excluded.grams, is_active = excluded.is_active, sort_order = excluded.sort_order, created_at = excluded.created_at;
insert into public.addition_catalog (id, supply_id, format_id, name, price, grams, is_active, sort_order, created_at) values ('d9c9d972-c971-48a1-afac-32e06fbf0920', '00000000-0000-0000-0002-000000000006', 'd77153ba-ed83-4662-88ca-8279a5541e96', 'Extra Piña', '1000', '27', 'true', '7', '2026-04-11 18:52:20.762681+00') on conflict (id) do update set supply_id = excluded.supply_id, format_id = excluded.format_id, name = excluded.name, price = excluded.price, grams = excluded.grams, is_active = excluded.is_active, sort_order = excluded.sort_order, created_at = excluded.created_at;
insert into public.addition_catalog (id, supply_id, format_id, name, price, grams, is_active, sort_order, created_at) values ('daaac04b-8a7c-45c0-8981-17e0c00ae8e8', '00000000-0000-0000-0002-000000000002', 'b310e1df-0de1-4da6-bd95-eaa7a51f2e81', 'Extra Queso', '3000', '78', 'true', '1', '2026-04-11 18:52:20.762681+00') on conflict (id) do update set supply_id = excluded.supply_id, format_id = excluded.format_id, name = excluded.name, price = excluded.price, grams = excluded.grams, is_active = excluded.is_active, sort_order = excluded.sort_order, created_at = excluded.created_at;
insert into public.addition_catalog (id, supply_id, format_id, name, price, grams, is_active, sort_order, created_at) values ('dade5cc0-8fee-482a-88b2-5b8d7d4171ca', '00000000-0000-0000-0002-000000000005', '978b6152-47de-48f3-a7de-8a75d1902deb', 'Extra Tocineta', '2000', '31', 'true', '5', '2026-04-11 18:52:20.762681+00') on conflict (id) do update set supply_id = excluded.supply_id, format_id = excluded.format_id, name = excluded.name, price = excluded.price, grams = excluded.grams, is_active = excluded.is_active, sort_order = excluded.sort_order, created_at = excluded.created_at;
insert into public.addition_catalog (id, supply_id, format_id, name, price, grams, is_active, sort_order, created_at) values ('daefa664-84ae-43b7-be19-76089cdaba0b', '00000000-0000-0000-0002-000000000009', '54edbdeb-313e-4985-867a-8af3a687d9b1', 'Extra Champiñones', '2000', '31', 'true', '8', '2026-04-11 18:52:20.762681+00') on conflict (id) do update set supply_id = excluded.supply_id, format_id = excluded.format_id, name = excluded.name, price = excluded.price, grams = excluded.grams, is_active = excluded.is_active, sort_order = excluded.sort_order, created_at = excluded.created_at;
insert into public.addition_catalog (id, supply_id, format_id, name, price, grams, is_active, sort_order, created_at) values ('daf9840f-2037-42a4-804a-9e658e17896c', '00000000-0000-0000-0002-000000000020', '7bf4336c-59d6-4221-a0b1-910211e1e031', 'Extra Maicitos', '1000', '40', 'true', '9', '2026-04-11 18:52:20.762681+00') on conflict (id) do update set supply_id = excluded.supply_id, format_id = excluded.format_id, name = excluded.name, price = excluded.price, grams = excluded.grams, is_active = excluded.is_active, sort_order = excluded.sort_order, created_at = excluded.created_at;
insert into public.addition_catalog (id, supply_id, format_id, name, price, grams, is_active, sort_order, created_at) values ('dbb0b014-448c-4bc9-bdc4-6f4edf781f86', '00000000-0000-0000-0002-000000000008', '894a1675-8ad8-4417-8b64-596102577cb7', 'Extra Pechuga', '2000', '13', 'true', '4', '2026-04-11 18:52:20.762681+00') on conflict (id) do update set supply_id = excluded.supply_id, format_id = excluded.format_id, name = excluded.name, price = excluded.price, grams = excluded.grams, is_active = excluded.is_active, sort_order = excluded.sort_order, created_at = excluded.created_at;
insert into public.addition_catalog (id, supply_id, format_id, name, price, grams, is_active, sort_order, created_at) values ('dbe7f2f2-cdbf-41d9-bdcc-cd7e900f8dbd', '00000000-0000-0000-0002-000000000016', 'a3a99307-2bc9-413c-804d-1b0dda4b4488', 'Extra Salsa de Albahaca', '1000', '50', 'true', '18', '2026-04-11 18:52:20.762681+00') on conflict (id) do update set supply_id = excluded.supply_id, format_id = excluded.format_id, name = excluded.name, price = excluded.price, grams = excluded.grams, is_active = excluded.is_active, sort_order = excluded.sort_order, created_at = excluded.created_at;
insert into public.addition_catalog (id, supply_id, format_id, name, price, grams, is_active, sort_order, created_at) values ('dc084003-8fff-4ce5-8e8a-7faca748b5c3', '00000000-0000-0000-0002-000000000008', '8b9f43b8-126a-41ef-a9e3-37df34edc44b', 'Extra Pechuga', '2000', '13', 'true', '4', '2026-04-11 18:52:20.762681+00') on conflict (id) do update set supply_id = excluded.supply_id, format_id = excluded.format_id, name = excluded.name, price = excluded.price, grams = excluded.grams, is_active = excluded.is_active, sort_order = excluded.sort_order, created_at = excluded.created_at;
insert into public.addition_catalog (id, supply_id, format_id, name, price, grams, is_active, sort_order, created_at) values ('dcaf4bd4-cee1-4878-b02d-148a5b73a1a9', '00000000-0000-0000-0002-000000000022', '74f3718a-6df1-46a7-8f31-5fe177fffbc5', 'Extra Aceitunas', '2000', '19', 'true', '11', '2026-04-11 18:52:20.762681+00') on conflict (id) do update set supply_id = excluded.supply_id, format_id = excluded.format_id, name = excluded.name, price = excluded.price, grams = excluded.grams, is_active = excluded.is_active, sort_order = excluded.sort_order, created_at = excluded.created_at;
insert into public.addition_catalog (id, supply_id, format_id, name, price, grams, is_active, sort_order, created_at) values ('dcc83435-d1ea-4129-8542-8f9c717a2eb2', '00000000-0000-0000-0002-000000000005', 'ee4bff3e-cc84-439d-97b5-561d0ade13e3', 'Extra Tocineta', '2000', '31', 'true', '5', '2026-04-11 18:52:20.762681+00') on conflict (id) do update set supply_id = excluded.supply_id, format_id = excluded.format_id, name = excluded.name, price = excluded.price, grams = excluded.grams, is_active = excluded.is_active, sort_order = excluded.sort_order, created_at = excluded.created_at;
insert into public.addition_catalog (id, supply_id, format_id, name, price, grams, is_active, sort_order, created_at) values ('dcecbbee-2454-4dab-8abb-b5dbf1a6560e', '00000000-0000-0000-0002-000000000020', 'c70aef5b-f3d6-4879-8c7d-109d647891df', 'Extra Maicitos', '1000', '40', 'true', '9', '2026-04-11 18:52:20.762681+00') on conflict (id) do update set supply_id = excluded.supply_id, format_id = excluded.format_id, name = excluded.name, price = excluded.price, grams = excluded.grams, is_active = excluded.is_active, sort_order = excluded.sort_order, created_at = excluded.created_at;
insert into public.addition_catalog (id, supply_id, format_id, name, price, grams, is_active, sort_order, created_at) values ('ddd6527b-8d42-4cf3-96d7-7c7aef3c7a21', '00000000-0000-0000-0002-000000000027', '50cb994f-c464-4319-8ae0-d9aed00f625c', 'Extra Pimienta Cayena', '1000', '50', 'true', '20', '2026-04-11 18:52:20.762681+00') on conflict (id) do update set supply_id = excluded.supply_id, format_id = excluded.format_id, name = excluded.name, price = excluded.price, grams = excluded.grams, is_active = excluded.is_active, sort_order = excluded.sort_order, created_at = excluded.created_at;
insert into public.addition_catalog (id, supply_id, format_id, name, price, grams, is_active, sort_order, created_at) values ('df3e4252-303e-4788-a30d-595c5cc47342', '00000000-0000-0000-0002-000000000026', '74f3718a-6df1-46a7-8f31-5fe177fffbc5', 'Extra Miel Picante', '1000', '50', 'true', '19', '2026-04-11 18:52:20.762681+00') on conflict (id) do update set supply_id = excluded.supply_id, format_id = excluded.format_id, name = excluded.name, price = excluded.price, grams = excluded.grams, is_active = excluded.is_active, sort_order = excluded.sort_order, created_at = excluded.created_at;
insert into public.addition_catalog (id, supply_id, format_id, name, price, grams, is_active, sort_order, created_at) values ('e0356b0d-a2fc-4a91-bf8b-9975a9996cc5', '00000000-0000-0000-0002-000000000012', 'd77153ba-ed83-4662-88ca-8279a5541e96', 'Extra Carne Molida', '2000', '25', 'true', '12', '2026-04-11 18:52:20.762681+00') on conflict (id) do update set supply_id = excluded.supply_id, format_id = excluded.format_id, name = excluded.name, price = excluded.price, grams = excluded.grams, is_active = excluded.is_active, sort_order = excluded.sort_order, created_at = excluded.created_at;
insert into public.addition_catalog (id, supply_id, format_id, name, price, grams, is_active, sort_order, created_at) values ('e0fa66df-ca9e-4bd9-8ba6-dc5f22a9b5dd', '00000000-0000-0000-0002-000000000027', '54edbdeb-313e-4985-867a-8af3a687d9b1', 'Extra Pimienta Cayena', '1000', '50', 'true', '20', '2026-04-11 18:52:20.762681+00') on conflict (id) do update set supply_id = excluded.supply_id, format_id = excluded.format_id, name = excluded.name, price = excluded.price, grams = excluded.grams, is_active = excluded.is_active, sort_order = excluded.sort_order, created_at = excluded.created_at;
insert into public.addition_catalog (id, supply_id, format_id, name, price, grams, is_active, sort_order, created_at) values ('e1b00601-f5eb-406e-b5ce-80b446c15161', '00000000-0000-0000-0002-000000000025', '4245975d-205b-4b2d-a32a-118799ff653a', 'Extra Salsa de Ajo', '1000', '10', 'true', '16', '2026-04-11 18:52:20.762681+00') on conflict (id) do update set supply_id = excluded.supply_id, format_id = excluded.format_id, name = excluded.name, price = excluded.price, grams = excluded.grams, is_active = excluded.is_active, sort_order = excluded.sort_order, created_at = excluded.created_at;
insert into public.addition_catalog (id, supply_id, format_id, name, price, grams, is_active, sort_order, created_at) values ('e1b705a9-039a-4413-9625-e66290b1c02c', '00000000-0000-0000-0002-000000000025', '894a1675-8ad8-4417-8b64-596102577cb7', 'Extra Salsa de Ajo', '1000', '10', 'true', '16', '2026-04-11 18:52:20.762681+00') on conflict (id) do update set supply_id = excluded.supply_id, format_id = excluded.format_id, name = excluded.name, price = excluded.price, grams = excluded.grams, is_active = excluded.is_active, sort_order = excluded.sort_order, created_at = excluded.created_at;
insert into public.addition_catalog (id, supply_id, format_id, name, price, grams, is_active, sort_order, created_at) values ('e1fffb2d-e351-4133-ba5b-518cf4c7ff90', '00000000-0000-0000-0002-000000000002', 'afabb066-075c-499c-bfb7-81dc30d2c3fe', 'Extra Queso', '2000', '39', 'true', '1', '2026-04-11 18:52:20.762681+00') on conflict (id) do update set supply_id = excluded.supply_id, format_id = excluded.format_id, name = excluded.name, price = excluded.price, grams = excluded.grams, is_active = excluded.is_active, sort_order = excluded.sort_order, created_at = excluded.created_at;
insert into public.addition_catalog (id, supply_id, format_id, name, price, grams, is_active, sort_order, created_at) values ('e2920876-39e9-4356-9571-33cdbaafc609', '00000000-0000-0000-0002-000000000008', '389a4673-a142-4fab-a2c4-76f2a042295f', 'Extra Pechuga', '2000', '13', 'true', '4', '2026-04-11 18:52:20.762681+00') on conflict (id) do update set supply_id = excluded.supply_id, format_id = excluded.format_id, name = excluded.name, price = excluded.price, grams = excluded.grams, is_active = excluded.is_active, sort_order = excluded.sort_order, created_at = excluded.created_at;
insert into public.addition_catalog (id, supply_id, format_id, name, price, grams, is_active, sort_order, created_at) values ('e2d4e4d6-8097-4404-a3a6-55931189355c', '00000000-0000-0000-0002-000000000028', '3051d941-3c79-4311-8efa-779fd715b540', 'Extra Atún', '2000', '25', 'true', '21', '2026-04-11 18:52:20.762681+00') on conflict (id) do update set supply_id = excluded.supply_id, format_id = excluded.format_id, name = excluded.name, price = excluded.price, grams = excluded.grams, is_active = excluded.is_active, sort_order = excluded.sort_order, created_at = excluded.created_at;
insert into public.addition_catalog (id, supply_id, format_id, name, price, grams, is_active, sort_order, created_at) values ('e362d02d-ed15-4858-bd79-53a7ad9dd7bd', '00000000-0000-0000-0002-000000000006', '66cd2881-b7dc-4043-b3ad-d781a1fdd423', 'Extra Piña', '1000', '27', 'true', '7', '2026-04-11 18:52:20.762681+00') on conflict (id) do update set supply_id = excluded.supply_id, format_id = excluded.format_id, name = excluded.name, price = excluded.price, grams = excluded.grams, is_active = excluded.is_active, sort_order = excluded.sort_order, created_at = excluded.created_at;
insert into public.addition_catalog (id, supply_id, format_id, name, price, grams, is_active, sort_order, created_at) values ('e38d87a4-a3fb-4e16-86fb-5f3dbde38bcc', '00000000-0000-0000-0002-000000000023', '3051d941-3c79-4311-8efa-779fd715b540', 'Extra Tomate Pico de Gallo', '1000', '42', 'true', '13', '2026-04-11 18:52:20.762681+00') on conflict (id) do update set supply_id = excluded.supply_id, format_id = excluded.format_id, name = excluded.name, price = excluded.price, grams = excluded.grams, is_active = excluded.is_active, sort_order = excluded.sort_order, created_at = excluded.created_at;
insert into public.addition_catalog (id, supply_id, format_id, name, price, grams, is_active, sort_order, created_at) values ('e3b36e84-e9fd-4fbb-8071-89b64cba17a1', '00000000-0000-0000-0002-000000000024', 'c70aef5b-f3d6-4879-8c7d-109d647891df', 'Extra Pimentón Cebolla Cilantro', '1000', '42', 'true', '14', '2026-04-11 18:52:20.762681+00') on conflict (id) do update set supply_id = excluded.supply_id, format_id = excluded.format_id, name = excluded.name, price = excluded.price, grams = excluded.grams, is_active = excluded.is_active, sort_order = excluded.sort_order, created_at = excluded.created_at;
insert into public.addition_catalog (id, supply_id, format_id, name, price, grams, is_active, sort_order, created_at) values ('e3f90835-78b4-4484-8705-82cd4f8c0efa', '00000000-0000-0000-0002-000000000028', 'a3a99307-2bc9-413c-804d-1b0dda4b4488', 'Extra Atún', '2000', '25', 'true', '21', '2026-04-11 18:52:20.762681+00') on conflict (id) do update set supply_id = excluded.supply_id, format_id = excluded.format_id, name = excluded.name, price = excluded.price, grams = excluded.grams, is_active = excluded.is_active, sort_order = excluded.sort_order, created_at = excluded.created_at;
insert into public.addition_catalog (id, supply_id, format_id, name, price, grams, is_active, sort_order, created_at) values ('e5461c12-0b27-466b-831b-24a79c9ce4a9', '00000000-0000-0000-0002-000000000013', '74f3718a-6df1-46a7-8f31-5fe177fffbc5', 'Extra Guacamole', '1000', '42', 'true', '15', '2026-04-11 18:52:20.762681+00') on conflict (id) do update set supply_id = excluded.supply_id, format_id = excluded.format_id, name = excluded.name, price = excluded.price, grams = excluded.grams, is_active = excluded.is_active, sort_order = excluded.sort_order, created_at = excluded.created_at;
insert into public.addition_catalog (id, supply_id, format_id, name, price, grams, is_active, sort_order, created_at) values ('e5c03f1d-dd3a-4777-8907-054d664ffb5d', '00000000-0000-0000-0002-000000000022', 'fe406ea2-32b4-4e14-af2a-49e9887e51f8', 'Extra Aceitunas', '2000', '19', 'true', '11', '2026-04-11 18:52:20.762681+00') on conflict (id) do update set supply_id = excluded.supply_id, format_id = excluded.format_id, name = excluded.name, price = excluded.price, grams = excluded.grams, is_active = excluded.is_active, sort_order = excluded.sort_order, created_at = excluded.created_at;
insert into public.addition_catalog (id, supply_id, format_id, name, price, grams, is_active, sort_order, created_at) values ('e5c43b5d-9aa5-48c8-8c31-3b4a085bf14e', '00000000-0000-0000-0002-000000000003', '74f3718a-6df1-46a7-8f31-5fe177fffbc5', 'Extra Salsa Napolitana', '1000', '50', 'true', '2', '2026-04-11 18:52:20.762681+00') on conflict (id) do update set supply_id = excluded.supply_id, format_id = excluded.format_id, name = excluded.name, price = excluded.price, grams = excluded.grams, is_active = excluded.is_active, sort_order = excluded.sort_order, created_at = excluded.created_at;
insert into public.addition_catalog (id, supply_id, format_id, name, price, grams, is_active, sort_order, created_at) values ('e5c73010-0b50-492f-b770-e3a76420fd50', '00000000-0000-0000-0002-000000000007', '3051d941-3c79-4311-8efa-779fd715b540', 'Extra Pepperoni', '2000', '31', 'true', '6', '2026-04-11 18:52:20.762681+00') on conflict (id) do update set supply_id = excluded.supply_id, format_id = excluded.format_id, name = excluded.name, price = excluded.price, grams = excluded.grams, is_active = excluded.is_active, sort_order = excluded.sort_order, created_at = excluded.created_at;
insert into public.addition_catalog (id, supply_id, format_id, name, price, grams, is_active, sort_order, created_at) values ('e5edb69b-fcfc-441e-b97a-345bc3e49c97', '00000000-0000-0000-0002-000000000017', 'a8bed84e-7890-4c9c-98d9-417bf76e91f5', 'Extra Salsa de Jalapeño', '1000', '50', 'true', '17', '2026-04-11 18:52:20.762681+00') on conflict (id) do update set supply_id = excluded.supply_id, format_id = excluded.format_id, name = excluded.name, price = excluded.price, grams = excluded.grams, is_active = excluded.is_active, sort_order = excluded.sort_order, created_at = excluded.created_at;
insert into public.addition_catalog (id, supply_id, format_id, name, price, grams, is_active, sort_order, created_at) values ('e5f4292c-96bb-413d-88bd-3e7c6b0f60bb', '00000000-0000-0000-0002-000000000007', '9c33e49b-7ad8-47d7-83d0-a1ec7fedf439', 'Extra Pepperoni', '2000', '31', 'true', '6', '2026-04-11 18:52:20.762681+00') on conflict (id) do update set supply_id = excluded.supply_id, format_id = excluded.format_id, name = excluded.name, price = excluded.price, grams = excluded.grams, is_active = excluded.is_active, sort_order = excluded.sort_order, created_at = excluded.created_at;
insert into public.addition_catalog (id, supply_id, format_id, name, price, grams, is_active, sort_order, created_at) values ('e673a196-05b3-46d4-aae7-3561895389a0', '00000000-0000-0000-0002-000000000006', '9c724ed2-5154-4793-9f2f-20a6b30956a5', 'Extra Piña', '1000', '27', 'true', '7', '2026-04-11 18:52:20.762681+00') on conflict (id) do update set supply_id = excluded.supply_id, format_id = excluded.format_id, name = excluded.name, price = excluded.price, grams = excluded.grams, is_active = excluded.is_active, sort_order = excluded.sort_order, created_at = excluded.created_at;
insert into public.addition_catalog (id, supply_id, format_id, name, price, grams, is_active, sort_order, created_at) values ('e68010ef-8efb-4bb6-a80d-36fd5ad08b6b', '00000000-0000-0000-0002-000000000020', 'a3a99307-2bc9-413c-804d-1b0dda4b4488', 'Extra Maicitos', '1000', '40', 'true', '9', '2026-04-11 18:52:20.762681+00') on conflict (id) do update set supply_id = excluded.supply_id, format_id = excluded.format_id, name = excluded.name, price = excluded.price, grams = excluded.grams, is_active = excluded.is_active, sort_order = excluded.sort_order, created_at = excluded.created_at;
insert into public.addition_catalog (id, supply_id, format_id, name, price, grams, is_active, sort_order, created_at) values ('e6e5dde8-e222-4264-8f8e-e391a8bb53db', '00000000-0000-0000-0002-000000000013', '4933cc6f-1e05-487c-b4f7-428418382302', 'Extra Guacamole', '1000', '42', 'true', '15', '2026-04-11 18:52:20.762681+00') on conflict (id) do update set supply_id = excluded.supply_id, format_id = excluded.format_id, name = excluded.name, price = excluded.price, grams = excluded.grams, is_active = excluded.is_active, sort_order = excluded.sort_order, created_at = excluded.created_at;
insert into public.addition_catalog (id, supply_id, format_id, name, price, grams, is_active, sort_order, created_at) values ('e6f10714-182e-40cf-a3ec-22236475a6ff', '00000000-0000-0000-0002-000000000012', 'fe406ea2-32b4-4e14-af2a-49e9887e51f8', 'Extra Carne Molida', '2000', '25', 'true', '12', '2026-04-11 18:52:20.762681+00') on conflict (id) do update set supply_id = excluded.supply_id, format_id = excluded.format_id, name = excluded.name, price = excluded.price, grams = excluded.grams, is_active = excluded.is_active, sort_order = excluded.sort_order, created_at = excluded.created_at;
insert into public.addition_catalog (id, supply_id, format_id, name, price, grams, is_active, sort_order, created_at) values ('e70ba913-be7a-4925-9cb3-27698e815bcf', '00000000-0000-0000-0002-000000000027', 'b310e1df-0de1-4da6-bd95-eaa7a51f2e81', 'Extra Pimienta Cayena', '1500', '100', 'true', '20', '2026-04-11 18:52:20.762681+00') on conflict (id) do update set supply_id = excluded.supply_id, format_id = excluded.format_id, name = excluded.name, price = excluded.price, grams = excluded.grams, is_active = excluded.is_active, sort_order = excluded.sort_order, created_at = excluded.created_at;
insert into public.addition_catalog (id, supply_id, format_id, name, price, grams, is_active, sort_order, created_at) values ('e79b7e1d-deca-413a-8d49-dd14e48b4928', '00000000-0000-0000-0002-000000000009', '9c724ed2-5154-4793-9f2f-20a6b30956a5', 'Extra Champiñones', '2000', '31', 'true', '8', '2026-04-11 18:52:20.762681+00') on conflict (id) do update set supply_id = excluded.supply_id, format_id = excluded.format_id, name = excluded.name, price = excluded.price, grams = excluded.grams, is_active = excluded.is_active, sort_order = excluded.sort_order, created_at = excluded.created_at;
insert into public.addition_catalog (id, supply_id, format_id, name, price, grams, is_active, sort_order, created_at) values ('e888c046-0d1b-4df6-b859-00d4e514d74c', '00000000-0000-0000-0002-000000000022', '3051d941-3c79-4311-8efa-779fd715b540', 'Extra Aceitunas', '2000', '19', 'true', '11', '2026-04-11 18:52:20.762681+00') on conflict (id) do update set supply_id = excluded.supply_id, format_id = excluded.format_id, name = excluded.name, price = excluded.price, grams = excluded.grams, is_active = excluded.is_active, sort_order = excluded.sort_order, created_at = excluded.created_at;
insert into public.addition_catalog (id, supply_id, format_id, name, price, grams, is_active, sort_order, created_at) values ('e96170b2-a8f2-48d7-aa87-faa6d78f31c5', '00000000-0000-0000-0002-000000000028', '7bf4336c-59d6-4221-a0b1-910211e1e031', 'Extra Atún', '2000', '25', 'true', '21', '2026-04-11 18:52:20.762681+00') on conflict (id) do update set supply_id = excluded.supply_id, format_id = excluded.format_id, name = excluded.name, price = excluded.price, grams = excluded.grams, is_active = excluded.is_active, sort_order = excluded.sort_order, created_at = excluded.created_at;
insert into public.addition_catalog (id, supply_id, format_id, name, price, grams, is_active, sort_order, created_at) values ('e9741a48-c7b1-4b83-bace-d14f0c121d11', '00000000-0000-0000-0002-000000000026', '3b521025-1970-4f7b-9415-eb76bd12753e', 'Extra Miel Picante', '1000', '50', 'true', '19', '2026-04-11 18:52:20.762681+00') on conflict (id) do update set supply_id = excluded.supply_id, format_id = excluded.format_id, name = excluded.name, price = excluded.price, grams = excluded.grams, is_active = excluded.is_active, sort_order = excluded.sort_order, created_at = excluded.created_at;
insert into public.addition_catalog (id, supply_id, format_id, name, price, grams, is_active, sort_order, created_at) values ('e9b0e76d-5714-4efb-b6f4-69986f1c1894', '00000000-0000-0000-0002-000000000012', '3b521025-1970-4f7b-9415-eb76bd12753e', 'Extra Carne Molida', '2000', '25', 'true', '12', '2026-04-11 18:52:20.762681+00') on conflict (id) do update set supply_id = excluded.supply_id, format_id = excluded.format_id, name = excluded.name, price = excluded.price, grams = excluded.grams, is_active = excluded.is_active, sort_order = excluded.sort_order, created_at = excluded.created_at;
insert into public.addition_catalog (id, supply_id, format_id, name, price, grams, is_active, sort_order, created_at) values ('e9d6d555-3d89-4d76-b3ed-def8316e373d', '00000000-0000-0000-0002-000000000025', '52daf59d-2fa1-4675-8657-6767a602d676', 'Extra Salsa de Ajo', '1000', '10', 'true', '16', '2026-04-11 18:52:20.762681+00') on conflict (id) do update set supply_id = excluded.supply_id, format_id = excluded.format_id, name = excluded.name, price = excluded.price, grams = excluded.grams, is_active = excluded.is_active, sort_order = excluded.sort_order, created_at = excluded.created_at;
insert into public.addition_catalog (id, supply_id, format_id, name, price, grams, is_active, sort_order, created_at) values ('e9f13cd6-4f76-40e5-9f25-3591e1b3cc29', '00000000-0000-0000-0002-000000000022', 'b310e1df-0de1-4da6-bd95-eaa7a51f2e81', 'Extra Aceitunas', '3000', '38', 'true', '11', '2026-04-11 18:52:20.762681+00') on conflict (id) do update set supply_id = excluded.supply_id, format_id = excluded.format_id, name = excluded.name, price = excluded.price, grams = excluded.grams, is_active = excluded.is_active, sort_order = excluded.sort_order, created_at = excluded.created_at;
insert into public.addition_catalog (id, supply_id, format_id, name, price, grams, is_active, sort_order, created_at) values ('ea55af0b-ecee-4755-b84d-c9da9c7d8d39', '00000000-0000-0000-0002-000000000024', '9c33e49b-7ad8-47d7-83d0-a1ec7fedf439', 'Extra Pimentón Cebolla Cilantro', '1000', '42', 'true', '14', '2026-04-11 18:52:20.762681+00') on conflict (id) do update set supply_id = excluded.supply_id, format_id = excluded.format_id, name = excluded.name, price = excluded.price, grams = excluded.grams, is_active = excluded.is_active, sort_order = excluded.sort_order, created_at = excluded.created_at;
insert into public.addition_catalog (id, supply_id, format_id, name, price, grams, is_active, sort_order, created_at) values ('eab0a12c-987e-452e-83e7-7a8636616350', '00000000-0000-0000-0002-000000000016', '3b521025-1970-4f7b-9415-eb76bd12753e', 'Extra Salsa de Albahaca', '1000', '50', 'true', '18', '2026-04-11 18:52:20.762681+00') on conflict (id) do update set supply_id = excluded.supply_id, format_id = excluded.format_id, name = excluded.name, price = excluded.price, grams = excluded.grams, is_active = excluded.is_active, sort_order = excluded.sort_order, created_at = excluded.created_at;
insert into public.addition_catalog (id, supply_id, format_id, name, price, grams, is_active, sort_order, created_at) values ('eae39945-3ef7-4119-8e78-3f98ca049a61', '00000000-0000-0000-0002-000000000022', 'f9590eb3-f443-49bd-b4e4-7f83a9949a78', 'Extra Aceitunas', '2000', '19', 'true', '11', '2026-04-11 18:52:20.762681+00') on conflict (id) do update set supply_id = excluded.supply_id, format_id = excluded.format_id, name = excluded.name, price = excluded.price, grams = excluded.grams, is_active = excluded.is_active, sort_order = excluded.sort_order, created_at = excluded.created_at;
insert into public.addition_catalog (id, supply_id, format_id, name, price, grams, is_active, sort_order, created_at) values ('eb1dc749-00a2-4a7a-af85-bcac315febab', '00000000-0000-0000-0002-000000000017', '8b9f43b8-126a-41ef-a9e3-37df34edc44b', 'Extra Salsa de Jalapeño', '1000', '50', 'true', '17', '2026-04-11 18:52:20.762681+00') on conflict (id) do update set supply_id = excluded.supply_id, format_id = excluded.format_id, name = excluded.name, price = excluded.price, grams = excluded.grams, is_active = excluded.is_active, sort_order = excluded.sort_order, created_at = excluded.created_at;
insert into public.addition_catalog (id, supply_id, format_id, name, price, grams, is_active, sort_order, created_at) values ('eb4a327e-0589-48bb-8157-b1de4e97b9c4', '00000000-0000-0000-0002-000000000021', '4933cc6f-1e05-487c-b4f7-428418382302', 'Extra Jalapeño', '1000', '25', 'true', '10', '2026-04-11 18:52:20.762681+00') on conflict (id) do update set supply_id = excluded.supply_id, format_id = excluded.format_id, name = excluded.name, price = excluded.price, grams = excluded.grams, is_active = excluded.is_active, sort_order = excluded.sort_order, created_at = excluded.created_at;
insert into public.addition_catalog (id, supply_id, format_id, name, price, grams, is_active, sort_order, created_at) values ('eb8c1d20-4fbc-4998-8585-5d86222458e1', '00000000-0000-0000-0002-000000000004', 'f9590eb3-f443-49bd-b4e4-7f83a9949a78', 'Extra Jamón', '2000', '17', 'true', '3', '2026-04-11 18:52:20.762681+00') on conflict (id) do update set supply_id = excluded.supply_id, format_id = excluded.format_id, name = excluded.name, price = excluded.price, grams = excluded.grams, is_active = excluded.is_active, sort_order = excluded.sort_order, created_at = excluded.created_at;
insert into public.addition_catalog (id, supply_id, format_id, name, price, grams, is_active, sort_order, created_at) values ('eb9843d4-a30f-4807-a69a-19fb5abc73d8', '00000000-0000-0000-0002-000000000027', '3051d941-3c79-4311-8efa-779fd715b540', 'Extra Pimienta Cayena', '1000', '50', 'true', '20', '2026-04-11 18:52:20.762681+00') on conflict (id) do update set supply_id = excluded.supply_id, format_id = excluded.format_id, name = excluded.name, price = excluded.price, grams = excluded.grams, is_active = excluded.is_active, sort_order = excluded.sort_order, created_at = excluded.created_at;
insert into public.addition_catalog (id, supply_id, format_id, name, price, grams, is_active, sort_order, created_at) values ('ec20cf0d-86d5-41e1-97be-096452ea9af7', '00000000-0000-0000-0002-000000000003', '4245975d-205b-4b2d-a32a-118799ff653a', 'Extra Salsa Napolitana', '1000', '50', 'true', '2', '2026-04-11 18:52:20.762681+00') on conflict (id) do update set supply_id = excluded.supply_id, format_id = excluded.format_id, name = excluded.name, price = excluded.price, grams = excluded.grams, is_active = excluded.is_active, sort_order = excluded.sort_order, created_at = excluded.created_at;
insert into public.addition_catalog (id, supply_id, format_id, name, price, grams, is_active, sort_order, created_at) values ('ec426802-98d4-4992-a0dc-b5832d608d67', '00000000-0000-0000-0002-000000000016', 'b310e1df-0de1-4da6-bd95-eaa7a51f2e81', 'Extra Salsa de Albahaca', '1500', '100', 'true', '18', '2026-04-11 18:52:20.762681+00') on conflict (id) do update set supply_id = excluded.supply_id, format_id = excluded.format_id, name = excluded.name, price = excluded.price, grams = excluded.grams, is_active = excluded.is_active, sort_order = excluded.sort_order, created_at = excluded.created_at;
insert into public.addition_catalog (id, supply_id, format_id, name, price, grams, is_active, sort_order, created_at) values ('ec47ca0c-9253-4a5b-87f5-965d495a7e7b', '00000000-0000-0000-0002-000000000025', '5c085f0f-2965-428e-b2e8-8a43dbb1bea6', 'Extra Salsa de Ajo', '1000', '10', 'true', '16', '2026-04-11 18:52:20.762681+00') on conflict (id) do update set supply_id = excluded.supply_id, format_id = excluded.format_id, name = excluded.name, price = excluded.price, grams = excluded.grams, is_active = excluded.is_active, sort_order = excluded.sort_order, created_at = excluded.created_at;
insert into public.addition_catalog (id, supply_id, format_id, name, price, grams, is_active, sort_order, created_at) values ('ec8c8a91-21c1-4bae-97f3-230bbd793c7c', '00000000-0000-0000-0002-000000000013', '389a4673-a142-4fab-a2c4-76f2a042295f', 'Extra Guacamole', '1000', '42', 'true', '15', '2026-04-11 18:52:20.762681+00') on conflict (id) do update set supply_id = excluded.supply_id, format_id = excluded.format_id, name = excluded.name, price = excluded.price, grams = excluded.grams, is_active = excluded.is_active, sort_order = excluded.sort_order, created_at = excluded.created_at;
insert into public.addition_catalog (id, supply_id, format_id, name, price, grams, is_active, sort_order, created_at) values ('ecafa90e-e2c7-4d47-ba0a-0016ee3c360b', '00000000-0000-0000-0002-000000000005', 'c70aef5b-f3d6-4879-8c7d-109d647891df', 'Extra Tocineta', '2000', '31', 'true', '5', '2026-04-11 18:52:20.762681+00') on conflict (id) do update set supply_id = excluded.supply_id, format_id = excluded.format_id, name = excluded.name, price = excluded.price, grams = excluded.grams, is_active = excluded.is_active, sort_order = excluded.sort_order, created_at = excluded.created_at;
insert into public.addition_catalog (id, supply_id, format_id, name, price, grams, is_active, sort_order, created_at) values ('ecb2eb6a-0662-45d2-a1e4-ac49385ab023', '00000000-0000-0000-0002-000000000026', '9c724ed2-5154-4793-9f2f-20a6b30956a5', 'Extra Miel Picante', '1000', '50', 'true', '19', '2026-04-11 18:52:20.762681+00') on conflict (id) do update set supply_id = excluded.supply_id, format_id = excluded.format_id, name = excluded.name, price = excluded.price, grams = excluded.grams, is_active = excluded.is_active, sort_order = excluded.sort_order, created_at = excluded.created_at;
insert into public.addition_catalog (id, supply_id, format_id, name, price, grams, is_active, sort_order, created_at) values ('ed1eaade-5453-4722-8950-9ccda938fc5c', '00000000-0000-0000-0002-000000000021', 'ee4bff3e-cc84-439d-97b5-561d0ade13e3', 'Extra Jalapeño', '1000', '25', 'true', '10', '2026-04-11 18:52:20.762681+00') on conflict (id) do update set supply_id = excluded.supply_id, format_id = excluded.format_id, name = excluded.name, price = excluded.price, grams = excluded.grams, is_active = excluded.is_active, sort_order = excluded.sort_order, created_at = excluded.created_at;
insert into public.addition_catalog (id, supply_id, format_id, name, price, grams, is_active, sort_order, created_at) values ('ed3556eb-5d16-4f54-8f0d-11deb2c91fe0', '00000000-0000-0000-0002-000000000016', '782942e1-c2f9-4074-8fc0-bcca7a237bdc', 'Extra Salsa de Albahaca', '1000', '50', 'true', '18', '2026-04-11 18:52:20.762681+00') on conflict (id) do update set supply_id = excluded.supply_id, format_id = excluded.format_id, name = excluded.name, price = excluded.price, grams = excluded.grams, is_active = excluded.is_active, sort_order = excluded.sort_order, created_at = excluded.created_at;
insert into public.addition_catalog (id, supply_id, format_id, name, price, grams, is_active, sort_order, created_at) values ('ee035995-632c-429b-95af-42decd4e90db', '00000000-0000-0000-0002-000000000003', '3b521025-1970-4f7b-9415-eb76bd12753e', 'Extra Salsa Napolitana', '1000', '50', 'true', '2', '2026-04-11 18:52:20.762681+00') on conflict (id) do update set supply_id = excluded.supply_id, format_id = excluded.format_id, name = excluded.name, price = excluded.price, grams = excluded.grams, is_active = excluded.is_active, sort_order = excluded.sort_order, created_at = excluded.created_at;
insert into public.addition_catalog (id, supply_id, format_id, name, price, grams, is_active, sort_order, created_at) values ('ee67c44f-47c9-4891-a1b4-9312126583e8', '00000000-0000-0000-0002-000000000028', '05868d23-5264-444e-8173-0eb52bdf968a', 'Extra Atún', '2000', '25', 'true', '21', '2026-04-11 18:52:20.762681+00') on conflict (id) do update set supply_id = excluded.supply_id, format_id = excluded.format_id, name = excluded.name, price = excluded.price, grams = excluded.grams, is_active = excluded.is_active, sort_order = excluded.sort_order, created_at = excluded.created_at;
insert into public.addition_catalog (id, supply_id, format_id, name, price, grams, is_active, sort_order, created_at) values ('ee7af17b-f4a2-4567-bc7a-754621f2d92c', '00000000-0000-0000-0002-000000000004', 'ee4bff3e-cc84-439d-97b5-561d0ade13e3', 'Extra Jamón', '2000', '17', 'true', '3', '2026-04-11 18:52:20.762681+00') on conflict (id) do update set supply_id = excluded.supply_id, format_id = excluded.format_id, name = excluded.name, price = excluded.price, grams = excluded.grams, is_active = excluded.is_active, sort_order = excluded.sort_order, created_at = excluded.created_at;
insert into public.addition_catalog (id, supply_id, format_id, name, price, grams, is_active, sort_order, created_at) values ('ee84336f-3e8c-457d-bbe7-84586673e6ae', '00000000-0000-0000-0002-000000000027', '894a1675-8ad8-4417-8b64-596102577cb7', 'Extra Pimienta Cayena', '1000', '50', 'true', '20', '2026-04-11 18:52:20.762681+00') on conflict (id) do update set supply_id = excluded.supply_id, format_id = excluded.format_id, name = excluded.name, price = excluded.price, grams = excluded.grams, is_active = excluded.is_active, sort_order = excluded.sort_order, created_at = excluded.created_at;
insert into public.addition_catalog (id, supply_id, format_id, name, price, grams, is_active, sort_order, created_at) values ('ef2ea837-f8a5-4d61-9073-2d35248b74ee', '00000000-0000-0000-0002-000000000009', '3051d941-3c79-4311-8efa-779fd715b540', 'Extra Champiñones', '2000', '31', 'true', '8', '2026-04-11 18:52:20.762681+00') on conflict (id) do update set supply_id = excluded.supply_id, format_id = excluded.format_id, name = excluded.name, price = excluded.price, grams = excluded.grams, is_active = excluded.is_active, sort_order = excluded.sort_order, created_at = excluded.created_at;
insert into public.addition_catalog (id, supply_id, format_id, name, price, grams, is_active, sort_order, created_at) values ('ef9698e5-0657-4efe-a140-14f55d249a22', '00000000-0000-0000-0002-000000000021', '9c33e49b-7ad8-47d7-83d0-a1ec7fedf439', 'Extra Jalapeño', '1000', '25', 'true', '10', '2026-04-11 18:52:20.762681+00') on conflict (id) do update set supply_id = excluded.supply_id, format_id = excluded.format_id, name = excluded.name, price = excluded.price, grams = excluded.grams, is_active = excluded.is_active, sort_order = excluded.sort_order, created_at = excluded.created_at;
insert into public.addition_catalog (id, supply_id, format_id, name, price, grams, is_active, sort_order, created_at) values ('efe0e4e9-ff19-4be2-b90d-35253d977c43', '00000000-0000-0000-0002-000000000008', 'b310e1df-0de1-4da6-bd95-eaa7a51f2e81', 'Extra Pechuga', '3000', '25', 'true', '4', '2026-04-11 18:52:20.762681+00') on conflict (id) do update set supply_id = excluded.supply_id, format_id = excluded.format_id, name = excluded.name, price = excluded.price, grams = excluded.grams, is_active = excluded.is_active, sort_order = excluded.sort_order, created_at = excluded.created_at;
insert into public.addition_catalog (id, supply_id, format_id, name, price, grams, is_active, sort_order, created_at) values ('f14012bb-9555-4251-b991-1db2cabdf931', '00000000-0000-0000-0002-000000000020', '782942e1-c2f9-4074-8fc0-bcca7a237bdc', 'Extra Maicitos', '1000', '40', 'true', '9', '2026-04-11 18:52:20.762681+00') on conflict (id) do update set supply_id = excluded.supply_id, format_id = excluded.format_id, name = excluded.name, price = excluded.price, grams = excluded.grams, is_active = excluded.is_active, sort_order = excluded.sort_order, created_at = excluded.created_at;
insert into public.addition_catalog (id, supply_id, format_id, name, price, grams, is_active, sort_order, created_at) values ('f15f382a-152d-43eb-b52f-10f33c4634be', '00000000-0000-0000-0002-000000000012', '782942e1-c2f9-4074-8fc0-bcca7a237bdc', 'Extra Carne Molida', '2000', '25', 'true', '12', '2026-04-11 18:52:20.762681+00') on conflict (id) do update set supply_id = excluded.supply_id, format_id = excluded.format_id, name = excluded.name, price = excluded.price, grams = excluded.grams, is_active = excluded.is_active, sort_order = excluded.sort_order, created_at = excluded.created_at;
insert into public.addition_catalog (id, supply_id, format_id, name, price, grams, is_active, sort_order, created_at) values ('f2067eea-3f73-4e11-a9b3-55f04ac27927', '00000000-0000-0000-0002-000000000004', '7bf4336c-59d6-4221-a0b1-910211e1e031', 'Extra Jamón', '2000', '17', 'true', '3', '2026-04-11 18:52:20.762681+00') on conflict (id) do update set supply_id = excluded.supply_id, format_id = excluded.format_id, name = excluded.name, price = excluded.price, grams = excluded.grams, is_active = excluded.is_active, sort_order = excluded.sort_order, created_at = excluded.created_at;
insert into public.addition_catalog (id, supply_id, format_id, name, price, grams, is_active, sort_order, created_at) values ('f289d60f-728e-400f-97e1-746851f25af5', '00000000-0000-0000-0002-000000000006', 'fe406ea2-32b4-4e14-af2a-49e9887e51f8', 'Extra Piña', '1000', '27', 'true', '7', '2026-04-11 18:52:20.762681+00') on conflict (id) do update set supply_id = excluded.supply_id, format_id = excluded.format_id, name = excluded.name, price = excluded.price, grams = excluded.grams, is_active = excluded.is_active, sort_order = excluded.sort_order, created_at = excluded.created_at;
insert into public.addition_catalog (id, supply_id, format_id, name, price, grams, is_active, sort_order, created_at) values ('f2e541b6-ead0-4c1c-850e-0671770cd0b8', '00000000-0000-0000-0002-000000000020', '4933cc6f-1e05-487c-b4f7-428418382302', 'Extra Maicitos', '1000', '40', 'true', '9', '2026-04-11 18:52:20.762681+00') on conflict (id) do update set supply_id = excluded.supply_id, format_id = excluded.format_id, name = excluded.name, price = excluded.price, grams = excluded.grams, is_active = excluded.is_active, sort_order = excluded.sort_order, created_at = excluded.created_at;
insert into public.addition_catalog (id, supply_id, format_id, name, price, grams, is_active, sort_order, created_at) values ('f2edfe6b-c71c-457c-a8b5-db8715f7c203', '00000000-0000-0000-0002-000000000002', '74f3718a-6df1-46a7-8f31-5fe177fffbc5', 'Extra Queso', '2000', '39', 'true', '1', '2026-04-11 18:52:20.762681+00') on conflict (id) do update set supply_id = excluded.supply_id, format_id = excluded.format_id, name = excluded.name, price = excluded.price, grams = excluded.grams, is_active = excluded.is_active, sort_order = excluded.sort_order, created_at = excluded.created_at;
insert into public.addition_catalog (id, supply_id, format_id, name, price, grams, is_active, sort_order, created_at) values ('f34651c7-c6be-4477-aba9-4c263a0dc5e0', '00000000-0000-0000-0002-000000000007', '389a4673-a142-4fab-a2c4-76f2a042295f', 'Extra Pepperoni', '2000', '31', 'true', '6', '2026-04-11 18:52:20.762681+00') on conflict (id) do update set supply_id = excluded.supply_id, format_id = excluded.format_id, name = excluded.name, price = excluded.price, grams = excluded.grams, is_active = excluded.is_active, sort_order = excluded.sort_order, created_at = excluded.created_at;
insert into public.addition_catalog (id, supply_id, format_id, name, price, grams, is_active, sort_order, created_at) values ('f34e3930-b6b0-4760-81b9-29080f1125fa', '00000000-0000-0000-0002-000000000022', 'd2afd424-0b64-44a7-87cf-33d3ec93f9c3', 'Extra Aceitunas', '2000', '19', 'true', '11', '2026-04-11 18:52:20.762681+00') on conflict (id) do update set supply_id = excluded.supply_id, format_id = excluded.format_id, name = excluded.name, price = excluded.price, grams = excluded.grams, is_active = excluded.is_active, sort_order = excluded.sort_order, created_at = excluded.created_at;
insert into public.addition_catalog (id, supply_id, format_id, name, price, grams, is_active, sort_order, created_at) values ('f365af75-3795-4864-811e-1678ce400a44', '00000000-0000-0000-0002-000000000007', 'b310e1df-0de1-4da6-bd95-eaa7a51f2e81', 'Extra Pepperoni', '3000', '63', 'true', '6', '2026-04-11 18:52:20.762681+00') on conflict (id) do update set supply_id = excluded.supply_id, format_id = excluded.format_id, name = excluded.name, price = excluded.price, grams = excluded.grams, is_active = excluded.is_active, sort_order = excluded.sort_order, created_at = excluded.created_at;
insert into public.addition_catalog (id, supply_id, format_id, name, price, grams, is_active, sort_order, created_at) values ('f3e2df12-32a6-4311-8bb6-489024928932', '00000000-0000-0000-0002-000000000023', '54edbdeb-313e-4985-867a-8af3a687d9b1', 'Extra Tomate Pico de Gallo', '1000', '42', 'true', '13', '2026-04-11 18:52:20.762681+00') on conflict (id) do update set supply_id = excluded.supply_id, format_id = excluded.format_id, name = excluded.name, price = excluded.price, grams = excluded.grams, is_active = excluded.is_active, sort_order = excluded.sort_order, created_at = excluded.created_at;
insert into public.addition_catalog (id, supply_id, format_id, name, price, grams, is_active, sort_order, created_at) values ('f41fc08b-4e54-4746-8fea-14a71d2cf33a', '00000000-0000-0000-0002-000000000012', '462f53bc-a2e4-41a1-917c-f303cc79a91f', 'Extra Carne Molida', '2000', '25', 'true', '12', '2026-04-11 18:52:20.762681+00') on conflict (id) do update set supply_id = excluded.supply_id, format_id = excluded.format_id, name = excluded.name, price = excluded.price, grams = excluded.grams, is_active = excluded.is_active, sort_order = excluded.sort_order, created_at = excluded.created_at;
insert into public.addition_catalog (id, supply_id, format_id, name, price, grams, is_active, sort_order, created_at) values ('f43cbda2-8527-4268-af43-413df7eea342', '00000000-0000-0000-0002-000000000005', '52daf59d-2fa1-4675-8657-6767a602d676', 'Extra Tocineta', '2000', '31', 'true', '5', '2026-04-11 18:52:20.762681+00') on conflict (id) do update set supply_id = excluded.supply_id, format_id = excluded.format_id, name = excluded.name, price = excluded.price, grams = excluded.grams, is_active = excluded.is_active, sort_order = excluded.sort_order, created_at = excluded.created_at;
insert into public.addition_catalog (id, supply_id, format_id, name, price, grams, is_active, sort_order, created_at) values ('f50fd1ae-763b-4396-a4d8-3d808a7329c2', '00000000-0000-0000-0002-000000000022', 'c70aef5b-f3d6-4879-8c7d-109d647891df', 'Extra Aceitunas', '2000', '19', 'true', '11', '2026-04-11 18:52:20.762681+00') on conflict (id) do update set supply_id = excluded.supply_id, format_id = excluded.format_id, name = excluded.name, price = excluded.price, grams = excluded.grams, is_active = excluded.is_active, sort_order = excluded.sort_order, created_at = excluded.created_at;
insert into public.addition_catalog (id, supply_id, format_id, name, price, grams, is_active, sort_order, created_at) values ('f55ed6e6-32e9-4dca-83bf-7090d06e013c', '00000000-0000-0000-0002-000000000024', '5c085f0f-2965-428e-b2e8-8a43dbb1bea6', 'Extra Pimentón Cebolla Cilantro', '1000', '42', 'true', '14', '2026-04-11 18:52:20.762681+00') on conflict (id) do update set supply_id = excluded.supply_id, format_id = excluded.format_id, name = excluded.name, price = excluded.price, grams = excluded.grams, is_active = excluded.is_active, sort_order = excluded.sort_order, created_at = excluded.created_at;
insert into public.addition_catalog (id, supply_id, format_id, name, price, grams, is_active, sort_order, created_at) values ('f5762453-4ff4-4233-8b86-1f8940cd8629', '00000000-0000-0000-0002-000000000007', '462f53bc-a2e4-41a1-917c-f303cc79a91f', 'Extra Pepperoni', '2000', '31', 'true', '6', '2026-04-11 18:52:20.762681+00') on conflict (id) do update set supply_id = excluded.supply_id, format_id = excluded.format_id, name = excluded.name, price = excluded.price, grams = excluded.grams, is_active = excluded.is_active, sort_order = excluded.sort_order, created_at = excluded.created_at;
insert into public.addition_catalog (id, supply_id, format_id, name, price, grams, is_active, sort_order, created_at) values ('f596d2d9-19cb-4da3-ab62-27dfddc7832d', '00000000-0000-0000-0002-000000000017', '3051d941-3c79-4311-8efa-779fd715b540', 'Extra Salsa de Jalapeño', '1000', '50', 'true', '17', '2026-04-11 18:52:20.762681+00') on conflict (id) do update set supply_id = excluded.supply_id, format_id = excluded.format_id, name = excluded.name, price = excluded.price, grams = excluded.grams, is_active = excluded.is_active, sort_order = excluded.sort_order, created_at = excluded.created_at;
insert into public.addition_catalog (id, supply_id, format_id, name, price, grams, is_active, sort_order, created_at) values ('f5d346e8-8097-4f70-a46e-f58bf87d1d03', '00000000-0000-0000-0002-000000000025', 'fe406ea2-32b4-4e14-af2a-49e9887e51f8', 'Extra Salsa de Ajo', '1000', '10', 'true', '16', '2026-04-11 18:52:20.762681+00') on conflict (id) do update set supply_id = excluded.supply_id, format_id = excluded.format_id, name = excluded.name, price = excluded.price, grams = excluded.grams, is_active = excluded.is_active, sort_order = excluded.sort_order, created_at = excluded.created_at;
insert into public.addition_catalog (id, supply_id, format_id, name, price, grams, is_active, sort_order, created_at) values ('f66d0522-5d56-442d-b28d-b027d705d21b', '00000000-0000-0000-0002-000000000003', 'f9590eb3-f443-49bd-b4e4-7f83a9949a78', 'Extra Salsa Napolitana', '1000', '50', 'true', '2', '2026-04-11 18:52:20.762681+00') on conflict (id) do update set supply_id = excluded.supply_id, format_id = excluded.format_id, name = excluded.name, price = excluded.price, grams = excluded.grams, is_active = excluded.is_active, sort_order = excluded.sort_order, created_at = excluded.created_at;
insert into public.addition_catalog (id, supply_id, format_id, name, price, grams, is_active, sort_order, created_at) values ('f67a794b-7d7b-4e7f-8715-0945484e4c01', '00000000-0000-0000-0002-000000000004', '894a1675-8ad8-4417-8b64-596102577cb7', 'Extra Jamón', '2000', '17', 'true', '3', '2026-04-11 18:52:20.762681+00') on conflict (id) do update set supply_id = excluded.supply_id, format_id = excluded.format_id, name = excluded.name, price = excluded.price, grams = excluded.grams, is_active = excluded.is_active, sort_order = excluded.sort_order, created_at = excluded.created_at;
insert into public.addition_catalog (id, supply_id, format_id, name, price, grams, is_active, sort_order, created_at) values ('f6874ccb-e03d-4171-9eba-a7db8662e453', '00000000-0000-0000-0002-000000000004', '462f53bc-a2e4-41a1-917c-f303cc79a91f', 'Extra Jamón', '2000', '17', 'true', '3', '2026-04-11 18:52:20.762681+00') on conflict (id) do update set supply_id = excluded.supply_id, format_id = excluded.format_id, name = excluded.name, price = excluded.price, grams = excluded.grams, is_active = excluded.is_active, sort_order = excluded.sort_order, created_at = excluded.created_at;
insert into public.addition_catalog (id, supply_id, format_id, name, price, grams, is_active, sort_order, created_at) values ('f69726af-54f7-4c35-bdfb-7c3b138ddb18', '00000000-0000-0000-0002-000000000009', '782942e1-c2f9-4074-8fc0-bcca7a237bdc', 'Extra Champiñones', '2000', '31', 'true', '8', '2026-04-11 18:52:20.762681+00') on conflict (id) do update set supply_id = excluded.supply_id, format_id = excluded.format_id, name = excluded.name, price = excluded.price, grams = excluded.grams, is_active = excluded.is_active, sort_order = excluded.sort_order, created_at = excluded.created_at;
insert into public.addition_catalog (id, supply_id, format_id, name, price, grams, is_active, sort_order, created_at) values ('f6c15c23-7b0e-4c3f-87d8-664dca9be2aa', '00000000-0000-0000-0002-000000000007', '15a846b4-1b7b-44cb-9f26-b00271901739', 'Extra Pepperoni', '2000', '31', 'true', '6', '2026-04-11 18:52:20.762681+00') on conflict (id) do update set supply_id = excluded.supply_id, format_id = excluded.format_id, name = excluded.name, price = excluded.price, grams = excluded.grams, is_active = excluded.is_active, sort_order = excluded.sort_order, created_at = excluded.created_at;
insert into public.addition_catalog (id, supply_id, format_id, name, price, grams, is_active, sort_order, created_at) values ('f751e271-4b09-41e2-ba95-8926bf7eaf3e', '00000000-0000-0000-0002-000000000023', '5c085f0f-2965-428e-b2e8-8a43dbb1bea6', 'Extra Tomate Pico de Gallo', '1000', '42', 'true', '13', '2026-04-11 18:52:20.762681+00') on conflict (id) do update set supply_id = excluded.supply_id, format_id = excluded.format_id, name = excluded.name, price = excluded.price, grams = excluded.grams, is_active = excluded.is_active, sort_order = excluded.sort_order, created_at = excluded.created_at;
insert into public.addition_catalog (id, supply_id, format_id, name, price, grams, is_active, sort_order, created_at) values ('f885af5c-76c7-4582-9969-d3d73df4dce2', '00000000-0000-0000-0002-000000000008', '9c724ed2-5154-4793-9f2f-20a6b30956a5', 'Extra Pechuga', '2000', '13', 'true', '4', '2026-04-11 18:52:20.762681+00') on conflict (id) do update set supply_id = excluded.supply_id, format_id = excluded.format_id, name = excluded.name, price = excluded.price, grams = excluded.grams, is_active = excluded.is_active, sort_order = excluded.sort_order, created_at = excluded.created_at;
insert into public.addition_catalog (id, supply_id, format_id, name, price, grams, is_active, sort_order, created_at) values ('f88ae036-b352-4a2f-b17c-2205bd9ace72', '00000000-0000-0000-0002-000000000005', '50cb994f-c464-4319-8ae0-d9aed00f625c', 'Extra Tocineta', '2000', '31', 'true', '5', '2026-04-11 18:52:20.762681+00') on conflict (id) do update set supply_id = excluded.supply_id, format_id = excluded.format_id, name = excluded.name, price = excluded.price, grams = excluded.grams, is_active = excluded.is_active, sort_order = excluded.sort_order, created_at = excluded.created_at;
insert into public.addition_catalog (id, supply_id, format_id, name, price, grams, is_active, sort_order, created_at) values ('f8bc7af1-bf7e-4fbb-b857-f9b64f24f64b', '00000000-0000-0000-0002-000000000012', '05868d23-5264-444e-8173-0eb52bdf968a', 'Extra Carne Molida', '2000', '25', 'true', '12', '2026-04-11 18:52:20.762681+00') on conflict (id) do update set supply_id = excluded.supply_id, format_id = excluded.format_id, name = excluded.name, price = excluded.price, grams = excluded.grams, is_active = excluded.is_active, sort_order = excluded.sort_order, created_at = excluded.created_at;
insert into public.addition_catalog (id, supply_id, format_id, name, price, grams, is_active, sort_order, created_at) values ('f97c90be-fd3d-473e-a152-30a332455b86', '00000000-0000-0000-0002-000000000020', '3051d941-3c79-4311-8efa-779fd715b540', 'Extra Maicitos', '1000', '40', 'true', '9', '2026-04-11 18:52:20.762681+00') on conflict (id) do update set supply_id = excluded.supply_id, format_id = excluded.format_id, name = excluded.name, price = excluded.price, grams = excluded.grams, is_active = excluded.is_active, sort_order = excluded.sort_order, created_at = excluded.created_at;
insert into public.addition_catalog (id, supply_id, format_id, name, price, grams, is_active, sort_order, created_at) values ('fa577dab-b014-460c-b251-0ff76566c57e', '00000000-0000-0000-0002-000000000013', '894a1675-8ad8-4417-8b64-596102577cb7', 'Extra Guacamole', '1000', '42', 'true', '15', '2026-04-11 18:52:20.762681+00') on conflict (id) do update set supply_id = excluded.supply_id, format_id = excluded.format_id, name = excluded.name, price = excluded.price, grams = excluded.grams, is_active = excluded.is_active, sort_order = excluded.sort_order, created_at = excluded.created_at;
insert into public.addition_catalog (id, supply_id, format_id, name, price, grams, is_active, sort_order, created_at) values ('fa85e02f-d356-4050-a911-3513e36ee469', '00000000-0000-0000-0002-000000000007', '5c085f0f-2965-428e-b2e8-8a43dbb1bea6', 'Extra Pepperoni', '2000', '31', 'true', '6', '2026-04-11 18:52:20.762681+00') on conflict (id) do update set supply_id = excluded.supply_id, format_id = excluded.format_id, name = excluded.name, price = excluded.price, grams = excluded.grams, is_active = excluded.is_active, sort_order = excluded.sort_order, created_at = excluded.created_at;
insert into public.addition_catalog (id, supply_id, format_id, name, price, grams, is_active, sort_order, created_at) values ('fc1fe7d5-b716-46e2-813d-548cc3bf1ddc', '00000000-0000-0000-0002-000000000004', 'c70aef5b-f3d6-4879-8c7d-109d647891df', 'Extra Jamón', '2000', '17', 'true', '3', '2026-04-11 18:52:20.762681+00') on conflict (id) do update set supply_id = excluded.supply_id, format_id = excluded.format_id, name = excluded.name, price = excluded.price, grams = excluded.grams, is_active = excluded.is_active, sort_order = excluded.sort_order, created_at = excluded.created_at;
insert into public.addition_catalog (id, supply_id, format_id, name, price, grams, is_active, sort_order, created_at) values ('fc6d4560-ec72-47a6-88a2-ccae7796c1a2', '00000000-0000-0000-0002-000000000008', '52daf59d-2fa1-4675-8657-6767a602d676', 'Extra Pechuga', '2000', '13', 'true', '4', '2026-04-11 18:52:20.762681+00') on conflict (id) do update set supply_id = excluded.supply_id, format_id = excluded.format_id, name = excluded.name, price = excluded.price, grams = excluded.grams, is_active = excluded.is_active, sort_order = excluded.sort_order, created_at = excluded.created_at;
insert into public.addition_catalog (id, supply_id, format_id, name, price, grams, is_active, sort_order, created_at) values ('fc7bb887-f98f-4c6c-a7b1-199690a3569c', '00000000-0000-0000-0002-000000000021', 'd77153ba-ed83-4662-88ca-8279a5541e96', 'Extra Jalapeño', '1000', '25', 'true', '10', '2026-04-11 18:52:20.762681+00') on conflict (id) do update set supply_id = excluded.supply_id, format_id = excluded.format_id, name = excluded.name, price = excluded.price, grams = excluded.grams, is_active = excluded.is_active, sort_order = excluded.sort_order, created_at = excluded.created_at;
insert into public.addition_catalog (id, supply_id, format_id, name, price, grams, is_active, sort_order, created_at) values ('fd89d6f5-0c8f-4044-b54d-78568622670c', '00000000-0000-0000-0002-000000000025', '7ccb56fa-c8b4-42b5-bea8-8618145f4ccb', 'Extra Salsa de Ajo', '1000', '10', 'true', '16', '2026-04-11 18:52:20.762681+00') on conflict (id) do update set supply_id = excluded.supply_id, format_id = excluded.format_id, name = excluded.name, price = excluded.price, grams = excluded.grams, is_active = excluded.is_active, sort_order = excluded.sort_order, created_at = excluded.created_at;
insert into public.addition_catalog (id, supply_id, format_id, name, price, grams, is_active, sort_order, created_at) values ('fdb97a23-349b-47e4-9f60-ce755a12468d', '00000000-0000-0000-0002-000000000024', '894a1675-8ad8-4417-8b64-596102577cb7', 'Extra Pimentón Cebolla Cilantro', '1000', '42', 'true', '14', '2026-04-11 18:52:20.762681+00') on conflict (id) do update set supply_id = excluded.supply_id, format_id = excluded.format_id, name = excluded.name, price = excluded.price, grams = excluded.grams, is_active = excluded.is_active, sort_order = excluded.sort_order, created_at = excluded.created_at;
insert into public.addition_catalog (id, supply_id, format_id, name, price, grams, is_active, sort_order, created_at) values ('fdbe1b3e-a6fb-4d29-b02e-5e77642a08d0', '00000000-0000-0000-0002-000000000017', 'c70aef5b-f3d6-4879-8c7d-109d647891df', 'Extra Salsa de Jalapeño', '1000', '50', 'true', '17', '2026-04-11 18:52:20.762681+00') on conflict (id) do update set supply_id = excluded.supply_id, format_id = excluded.format_id, name = excluded.name, price = excluded.price, grams = excluded.grams, is_active = excluded.is_active, sort_order = excluded.sort_order, created_at = excluded.created_at;
insert into public.addition_catalog (id, supply_id, format_id, name, price, grams, is_active, sort_order, created_at) values ('fe9f260c-c348-41f6-a0bc-38d17c2ecc27', '00000000-0000-0000-0002-000000000023', '74f3718a-6df1-46a7-8f31-5fe177fffbc5', 'Extra Tomate Pico de Gallo', '1000', '42', 'true', '13', '2026-04-11 18:52:20.762681+00') on conflict (id) do update set supply_id = excluded.supply_id, format_id = excluded.format_id, name = excluded.name, price = excluded.price, grams = excluded.grams, is_active = excluded.is_active, sort_order = excluded.sort_order, created_at = excluded.created_at;
insert into public.addition_catalog (id, supply_id, format_id, name, price, grams, is_active, sort_order, created_at) values ('fea0a04d-9d1b-4df5-9034-e890a7036a06', '00000000-0000-0000-0002-000000000012', '4933cc6f-1e05-487c-b4f7-428418382302', 'Extra Carne Molida', '2000', '25', 'true', '12', '2026-04-11 18:52:20.762681+00') on conflict (id) do update set supply_id = excluded.supply_id, format_id = excluded.format_id, name = excluded.name, price = excluded.price, grams = excluded.grams, is_active = excluded.is_active, sort_order = excluded.sort_order, created_at = excluded.created_at;
insert into public.addition_catalog (id, supply_id, format_id, name, price, grams, is_active, sort_order, created_at) values ('fedb85ac-d48d-4c65-acbe-40f4da3c908d', '00000000-0000-0000-0002-000000000026', '54edbdeb-313e-4985-867a-8af3a687d9b1', 'Extra Miel Picante', '1000', '50', 'true', '19', '2026-04-11 18:52:20.762681+00') on conflict (id) do update set supply_id = excluded.supply_id, format_id = excluded.format_id, name = excluded.name, price = excluded.price, grams = excluded.grams, is_active = excluded.is_active, sort_order = excluded.sort_order, created_at = excluded.created_at;
insert into public.addition_catalog (id, supply_id, format_id, name, price, grams, is_active, sort_order, created_at) values ('ffa88827-3dd7-44a8-9c31-e4469ca14c2d', '00000000-0000-0000-0002-000000000028', '9c724ed2-5154-4793-9f2f-20a6b30956a5', 'Extra Atún', '2000', '25', 'true', '21', '2026-04-11 18:52:20.762681+00') on conflict (id) do update set supply_id = excluded.supply_id, format_id = excluded.format_id, name = excluded.name, price = excluded.price, grams = excluded.grams, is_active = excluded.is_active, sort_order = excluded.sort_order, created_at = excluded.created_at;

-- public.inventory (162 rows)
insert into public.inventory (id, supply_id, store_id, level, quantity_grams, last_updated) values ('00acc4e8-be2f-4818-a721-68b789f932cd', '00000000-0000-0000-0002-000000000101', '00000000-0000-0000-0000-000000000002', 'STORE', '50', '2026-05-16 22:38:54.598+00') on conflict (id) do update set supply_id = excluded.supply_id, store_id = excluded.store_id, level = excluded.level, quantity_grams = excluded.quantity_grams, last_updated = excluded.last_updated;
insert into public.inventory (id, supply_id, store_id, level, quantity_grams, last_updated) values ('01be6a9a-53eb-47b9-a8d3-77c53efc089e', 'd3f2fea7-0329-451f-8a8c-afad0ddc589f', '00000000-0000-0000-0000-000000000001', 'RAW', '1800', '2026-04-04 19:09:58.721+00') on conflict (id) do update set supply_id = excluded.supply_id, store_id = excluded.store_id, level = excluded.level, quantity_grams = excluded.quantity_grams, last_updated = excluded.last_updated;
insert into public.inventory (id, supply_id, store_id, level, quantity_grams, last_updated) values ('085d194d-c4a0-4ba5-9fd3-6a0a360a6c22', '58c76ada-92f6-4f7c-aa3c-25b62e5fa1f7', '00000000-0000-0000-0000-000000000002', 'STORE', '0', '2026-04-04 22:55:02.64+00') on conflict (id) do update set supply_id = excluded.supply_id, store_id = excluded.store_id, level = excluded.level, quantity_grams = excluded.quantity_grams, last_updated = excluded.last_updated;
insert into public.inventory (id, supply_id, store_id, level, quantity_grams, last_updated) values ('09df6bee-5d00-47cb-a985-26bed995e095', '00000000-0000-0000-0002-000000000017', '00000000-0000-0000-0000-000000000001', 'PROCESSED', '600', '2026-05-16 22:22:32.691+00') on conflict (id) do update set supply_id = excluded.supply_id, store_id = excluded.store_id, level = excluded.level, quantity_grams = excluded.quantity_grams, last_updated = excluded.last_updated;
insert into public.inventory (id, supply_id, store_id, level, quantity_grams, last_updated) values ('0b966137-24b0-493a-a010-de9b477f3dac', '82fa538f-9a96-46ee-8272-553ab1158b15', '00000000-0000-0000-0000-000000000002', 'STORE', '1970', '2026-05-16 22:38:59.779+00') on conflict (id) do update set supply_id = excluded.supply_id, store_id = excluded.store_id, level = excluded.level, quantity_grams = excluded.quantity_grams, last_updated = excluded.last_updated;
insert into public.inventory (id, supply_id, store_id, level, quantity_grams, last_updated) values ('0e32bb4f-0fe6-411b-9061-f1d7bcd9ff10', '82fa538f-9a96-46ee-8272-553ab1158b15', '00000000-0000-0000-0000-000000000001', 'PROCESSED', '-2000', '2026-05-16 22:22:43.238+00') on conflict (id) do update set supply_id = excluded.supply_id, store_id = excluded.store_id, level = excluded.level, quantity_grams = excluded.quantity_grams, last_updated = excluded.last_updated;
insert into public.inventory (id, supply_id, store_id, level, quantity_grams, last_updated) values ('0e66382b-b87e-4a52-bd1b-0df74e4987e8', '00000000-0000-0000-0002-000000000005', '00000000-0000-0000-0000-000000000001', 'RAW', '-1000', '2026-04-04 20:59:42.031+00') on conflict (id) do update set supply_id = excluded.supply_id, store_id = excluded.store_id, level = excluded.level, quantity_grams = excluded.quantity_grams, last_updated = excluded.last_updated;
insert into public.inventory (id, supply_id, store_id, level, quantity_grams, last_updated) values ('0f1a624a-dce3-41ad-961a-0c62318a14d5', 'ba403d20-2f69-4f04-9fa6-ca8a240bf75b', '00000000-0000-0000-0000-000000000001', 'PROCESSED', '-600', '2026-05-16 22:22:41.611+00') on conflict (id) do update set supply_id = excluded.supply_id, store_id = excluded.store_id, level = excluded.level, quantity_grams = excluded.quantity_grams, last_updated = excluded.last_updated;
insert into public.inventory (id, supply_id, store_id, level, quantity_grams, last_updated) values ('11383fa9-e98c-46be-978b-1dd173833e8d', '1a3a180b-1984-4077-ab06-d80474f8aa48', '00000000-0000-0000-0000-000000000002', 'STORE', '9882.7', '2026-05-16 22:38:57.43+00') on conflict (id) do update set supply_id = excluded.supply_id, store_id = excluded.store_id, level = excluded.level, quantity_grams = excluded.quantity_grams, last_updated = excluded.last_updated;
insert into public.inventory (id, supply_id, store_id, level, quantity_grams, last_updated) values ('1414ed6b-32bb-4a5b-80a9-cd36eefafab0', '00000000-0000-0000-0002-000000000003', '00000000-0000-0000-0000-000000000001', 'PROCESSED', '60000', '2026-04-04 19:10:17.21+00') on conflict (id) do update set supply_id = excluded.supply_id, store_id = excluded.store_id, level = excluded.level, quantity_grams = excluded.quantity_grams, last_updated = excluded.last_updated;
insert into public.inventory (id, supply_id, store_id, level, quantity_grams, last_updated) values ('18368ee5-ed12-46e3-a64c-8f03dd07f5c2', 'aefaa288-c5d0-41ef-a4dc-f9300a54880c', '00000000-0000-0000-0000-000000000002', 'STORE', '0', '2026-04-04 22:55:01.246+00') on conflict (id) do update set supply_id = excluded.supply_id, store_id = excluded.store_id, level = excluded.level, quantity_grams = excluded.quantity_grams, last_updated = excluded.last_updated;
insert into public.inventory (id, supply_id, store_id, level, quantity_grams, last_updated) values ('195718e8-c026-4c2d-9354-d416f226fefc', '00000000-0000-0000-0002-000000000019', '00000000-0000-0000-0000-000000000001', 'PROCESSED', '-400', '2026-05-16 22:22:40.336+00') on conflict (id) do update set supply_id = excluded.supply_id, store_id = excluded.store_id, level = excluded.level, quantity_grams = excluded.quantity_grams, last_updated = excluded.last_updated;
insert into public.inventory (id, supply_id, store_id, level, quantity_grams, last_updated) values ('1f00850b-1954-485b-92ea-0020b23a9e76', '5981ba5f-bcd2-4bed-9261-945011ca1cce', '00000000-0000-0000-0000-000000000002', 'STORE', '0', '2026-04-04 22:54:50.113+00') on conflict (id) do update set supply_id = excluded.supply_id, store_id = excluded.store_id, level = excluded.level, quantity_grams = excluded.quantity_grams, last_updated = excluded.last_updated;
insert into public.inventory (id, supply_id, store_id, level, quantity_grams, last_updated) values ('206e172b-090b-4d9c-adce-4a9866aa422b', 'cbdf43be-ddd2-4a6f-9f4f-91dd454b976f', '00000000-0000-0000-0000-000000000001', 'RAW', '456', '2026-04-04 19:10:16.271+00') on conflict (id) do update set supply_id = excluded.supply_id, store_id = excluded.store_id, level = excluded.level, quantity_grams = excluded.quantity_grams, last_updated = excluded.last_updated;
insert into public.inventory (id, supply_id, store_id, level, quantity_grams, last_updated) values ('21fd1e3a-9212-4c66-a644-703aa794adb9', '1a3a180b-1984-4077-ab06-d80474f8aa48', '00000000-0000-0000-0000-000000000001', 'PROCESSED', '25000', '2026-04-04 19:10:08.819+00') on conflict (id) do update set supply_id = excluded.supply_id, store_id = excluded.store_id, level = excluded.level, quantity_grams = excluded.quantity_grams, last_updated = excluded.last_updated;
insert into public.inventory (id, supply_id, store_id, level, quantity_grams, last_updated) values ('249dcf0d-7a89-4a2b-88c4-5cd5a4807ba2', '00000000-0000-0000-0002-000000000019', '00000000-0000-0000-0000-000000000002', 'STORE', '385', '2026-05-16 22:38:58.799+00') on conflict (id) do update set supply_id = excluded.supply_id, store_id = excluded.store_id, level = excluded.level, quantity_grams = excluded.quantity_grams, last_updated = excluded.last_updated;
insert into public.inventory (id, supply_id, store_id, level, quantity_grams, last_updated) values ('24ec30f0-5c73-4301-9cb0-516ebbad17a6', '00000000-0000-0000-0002-000000000001', '00000000-0000-0000-0000-000000000001', 'RAW', '-10200', '2026-04-04 20:59:37.317+00') on conflict (id) do update set supply_id = excluded.supply_id, store_id = excluded.store_id, level = excluded.level, quantity_grams = excluded.quantity_grams, last_updated = excluded.last_updated;
insert into public.inventory (id, supply_id, store_id, level, quantity_grams, last_updated) values ('2882dc9c-58e5-4706-b1a1-9007f93e1ed7', '6d510cc1-92ea-46c7-a2b0-c88e2c0c20eb', '00000000-0000-0000-0000-000000000002', 'STORE', '0', '2026-04-04 22:54:59.509+00') on conflict (id) do update set supply_id = excluded.supply_id, store_id = excluded.store_id, level = excluded.level, quantity_grams = excluded.quantity_grams, last_updated = excluded.last_updated;
insert into public.inventory (id, supply_id, store_id, level, quantity_grams, last_updated) values ('28d0e400-ed94-4866-9a4f-3038ddded747', '00000000-0000-0000-0002-000000000103', '00000000-0000-0000-0000-000000000002', 'STORE', '9', '2026-05-16 22:38:55.392+00') on conflict (id) do update set supply_id = excluded.supply_id, store_id = excluded.store_id, level = excluded.level, quantity_grams = excluded.quantity_grams, last_updated = excluded.last_updated;
insert into public.inventory (id, supply_id, store_id, level, quantity_grams, last_updated) values ('2c5d49c4-1571-4985-8be9-d44ec8b903aa', '00000000-0000-0000-0002-000000000016', '00000000-0000-0000-0000-000000000001', 'PROCESSED', '900', '2026-05-16 22:22:31.83+00') on conflict (id) do update set supply_id = excluded.supply_id, store_id = excluded.store_id, level = excluded.level, quantity_grams = excluded.quantity_grams, last_updated = excluded.last_updated;
insert into public.inventory (id, supply_id, store_id, level, quantity_grams, last_updated) values ('2c849dc8-8f75-495f-bd0b-e4dd82d8a599', '00000000-0000-0000-0002-000000000006', '00000000-0000-0000-0000-000000000002', 'STORE', '0', '2026-04-04 22:54:45.322+00') on conflict (id) do update set supply_id = excluded.supply_id, store_id = excluded.store_id, level = excluded.level, quantity_grams = excluded.quantity_grams, last_updated = excluded.last_updated;
insert into public.inventory (id, supply_id, store_id, level, quantity_grams, last_updated) values ('2d725f37-516d-4af6-83a5-7a307db942a2', 'ba403d20-2f69-4f04-9fa6-ca8a240bf75b', '00000000-0000-0000-0000-000000000001', 'RAW', '-200', '2026-04-04 20:59:47.646+00') on conflict (id) do update set supply_id = excluded.supply_id, store_id = excluded.store_id, level = excluded.level, quantity_grams = excluded.quantity_grams, last_updated = excluded.last_updated;
insert into public.inventory (id, supply_id, store_id, level, quantity_grams, last_updated) values ('2d7ecd7c-001e-4315-8672-ff474cb2a947', 'aced04f8-c5c9-404e-92ac-ad64f54d4e31', '00000000-0000-0000-0000-000000000002', 'STORE', '0', '2026-04-04 22:54:52.096+00') on conflict (id) do update set supply_id = excluded.supply_id, store_id = excluded.store_id, level = excluded.level, quantity_grams = excluded.quantity_grams, last_updated = excluded.last_updated;
insert into public.inventory (id, supply_id, store_id, level, quantity_grams, last_updated) values ('2d88ca91-00b6-4d62-b097-d2c130a0c93b', 'e30a1dd4-4358-4b9d-ab4c-7db3c3dbc1c7', '00000000-0000-0000-0000-000000000001', 'PROCESSED', '700', '2026-05-16 22:22:38.678+00') on conflict (id) do update set supply_id = excluded.supply_id, store_id = excluded.store_id, level = excluded.level, quantity_grams = excluded.quantity_grams, last_updated = excluded.last_updated;
insert into public.inventory (id, supply_id, store_id, level, quantity_grams, last_updated) values ('2f9dcc86-fb33-49a7-8ad5-d79b07fb61b7', '3132ee77-f449-411d-acc4-d77627819af9', '00000000-0000-0000-0000-000000000002', 'STORE', '0', '2026-04-04 22:54:52.445+00') on conflict (id) do update set supply_id = excluded.supply_id, store_id = excluded.store_id, level = excluded.level, quantity_grams = excluded.quantity_grams, last_updated = excluded.last_updated;
insert into public.inventory (id, supply_id, store_id, level, quantity_grams, last_updated) values ('304a534e-c577-49c9-8633-85eda4202250', 'd763b5ad-0cfa-4f8f-9d69-0be8273c9827', '00000000-0000-0000-0000-000000000001', 'RAW', '490', '2026-04-04 19:09:48.267+00') on conflict (id) do update set supply_id = excluded.supply_id, store_id = excluded.store_id, level = excluded.level, quantity_grams = excluded.quantity_grams, last_updated = excluded.last_updated;
insert into public.inventory (id, supply_id, store_id, level, quantity_grams, last_updated) values ('31ed2896-220e-4868-ba6c-1d851c15b2ad', '00000000-0000-0000-0002-000000000002', '00000000-0000-0000-0000-000000000002', 'STORE', '922', '2026-05-16 22:38:52.664+00') on conflict (id) do update set supply_id = excluded.supply_id, store_id = excluded.store_id, level = excluded.level, quantity_grams = excluded.quantity_grams, last_updated = excluded.last_updated;
insert into public.inventory (id, supply_id, store_id, level, quantity_grams, last_updated) values ('32c6c28f-2050-4b8e-9487-1b2f808ec89d', '00000000-0000-0000-0002-000000000017', '00000000-0000-0000-0000-000000000001', 'RAW', '-600', '2026-04-04 20:59:40.602+00') on conflict (id) do update set supply_id = excluded.supply_id, store_id = excluded.store_id, level = excluded.level, quantity_grams = excluded.quantity_grams, last_updated = excluded.last_updated;
insert into public.inventory (id, supply_id, store_id, level, quantity_grams, last_updated) values ('33cd1c61-4fa0-4879-9055-564a17726588', '00000000-0000-0000-0002-000000000004', '00000000-0000-0000-0000-000000000002', 'STORE', '0', '2026-04-04 22:54:44.984+00') on conflict (id) do update set supply_id = excluded.supply_id, store_id = excluded.store_id, level = excluded.level, quantity_grams = excluded.quantity_grams, last_updated = excluded.last_updated;
insert into public.inventory (id, supply_id, store_id, level, quantity_grams, last_updated) values ('34c03b28-bf42-4869-bc11-00f8042e0ee9', '3133385d-e2db-4796-aabf-a37eb49222d4', '00000000-0000-0000-0000-000000000002', 'STORE', '0', '2026-04-04 22:54:50.768+00') on conflict (id) do update set supply_id = excluded.supply_id, store_id = excluded.store_id, level = excluded.level, quantity_grams = excluded.quantity_grams, last_updated = excluded.last_updated;
insert into public.inventory (id, supply_id, store_id, level, quantity_grams, last_updated) values ('36a1e9e5-9bbd-4aa9-b943-8804f72f1ca3', '5d2677b5-fe18-4aa3-acf1-5422f5b5df98', '00000000-0000-0000-0000-000000000002', 'STORE', '0', '2026-04-04 22:54:51.1+00') on conflict (id) do update set supply_id = excluded.supply_id, store_id = excluded.store_id, level = excluded.level, quantity_grams = excluded.quantity_grams, last_updated = excluded.last_updated;
insert into public.inventory (id, supply_id, store_id, level, quantity_grams, last_updated) values ('36cc8dad-4a19-4ac1-87b2-54c9bd97bbdd', 'ba403d20-2f69-4f04-9fa6-ca8a240bf75b', '00000000-0000-0000-0000-000000000002', 'STORE', '540', '2026-05-16 22:38:59.126+00') on conflict (id) do update set supply_id = excluded.supply_id, store_id = excluded.store_id, level = excluded.level, quantity_grams = excluded.quantity_grams, last_updated = excluded.last_updated;
insert into public.inventory (id, supply_id, store_id, level, quantity_grams, last_updated) values ('3b719c8e-b424-4b6b-8949-ab35091f611b', '37850381-d932-4188-9f63-fad110bd8628', '00000000-0000-0000-0000-000000000001', 'PROCESSED', '700', '2026-05-16 22:22:37.882+00') on conflict (id) do update set supply_id = excluded.supply_id, store_id = excluded.store_id, level = excluded.level, quantity_grams = excluded.quantity_grams, last_updated = excluded.last_updated;
insert into public.inventory (id, supply_id, store_id, level, quantity_grams, last_updated) values ('3f35608f-5a4e-4e0d-9286-14ab3c2752ae', '00000000-0000-0000-0002-000000000018', '00000000-0000-0000-0000-000000000002', 'STORE', '0', '2026-04-04 22:54:48.122+00') on conflict (id) do update set supply_id = excluded.supply_id, store_id = excluded.store_id, level = excluded.level, quantity_grams = excluded.quantity_grams, last_updated = excluded.last_updated;
insert into public.inventory (id, supply_id, store_id, level, quantity_grams, last_updated) values ('3f5f6a88-5fe5-426b-9fc3-bdaac04c9456', 'a5e0af4d-36cd-4cb8-99c9-fc0115e48bc4', '00000000-0000-0000-0000-000000000002', 'STORE', '0', '2026-04-04 22:55:01.945+00') on conflict (id) do update set supply_id = excluded.supply_id, store_id = excluded.store_id, level = excluded.level, quantity_grams = excluded.quantity_grams, last_updated = excluded.last_updated;
insert into public.inventory (id, supply_id, store_id, level, quantity_grams, last_updated) values ('40570dae-7401-4f8c-b02a-e2c9c2253878', '948b46ad-3760-4dcb-9ecd-e87f05f5bba9', '00000000-0000-0000-0000-000000000002', 'STORE', '0', '2026-04-04 22:55:05.36+00') on conflict (id) do update set supply_id = excluded.supply_id, store_id = excluded.store_id, level = excluded.level, quantity_grams = excluded.quantity_grams, last_updated = excluded.last_updated;
insert into public.inventory (id, supply_id, store_id, level, quantity_grams, last_updated) values ('40bef675-8f70-4e44-bdc4-5bad5042c8bf', 'd68a18c3-79d6-48e1-b06b-81f6b2743cab', '00000000-0000-0000-0000-000000000001', 'PROCESSED', '-3000', '2026-05-16 22:22:42.43+00') on conflict (id) do update set supply_id = excluded.supply_id, store_id = excluded.store_id, level = excluded.level, quantity_grams = excluded.quantity_grams, last_updated = excluded.last_updated;
insert into public.inventory (id, supply_id, store_id, level, quantity_grams, last_updated) values ('4366874a-0e92-4f97-a7c7-f667bc635510', '0d020e82-2d96-4c69-8b63-edd9caae28f3', '00000000-0000-0000-0000-000000000001', 'PROCESSED', '1200', '2026-04-04 19:10:04.019+00') on conflict (id) do update set supply_id = excluded.supply_id, store_id = excluded.store_id, level = excluded.level, quantity_grams = excluded.quantity_grams, last_updated = excluded.last_updated;
insert into public.inventory (id, supply_id, store_id, level, quantity_grams, last_updated) values ('47434ee4-edff-400e-bcc9-e80c3943b293', 'cf7a5f14-c749-483c-8d12-009505d91ea0', '00000000-0000-0000-0000-000000000001', 'RAW', '478', '2026-04-04 19:10:16.576+00') on conflict (id) do update set supply_id = excluded.supply_id, store_id = excluded.store_id, level = excluded.level, quantity_grams = excluded.quantity_grams, last_updated = excluded.last_updated;
insert into public.inventory (id, supply_id, store_id, level, quantity_grams, last_updated) values ('4f334911-98f5-4619-a763-5642e2af8692', 'f00ab94c-e64c-45bd-94bb-2a30194f4420', '00000000-0000-0000-0000-000000000002', 'STORE', '0', '2026-04-04 22:54:57.503+00') on conflict (id) do update set supply_id = excluded.supply_id, store_id = excluded.store_id, level = excluded.level, quantity_grams = excluded.quantity_grams, last_updated = excluded.last_updated;
insert into public.inventory (id, supply_id, store_id, level, quantity_grams, last_updated) values ('4f3eedf9-2cbd-4805-b03b-b231a0fa7b1f', '00000000-0000-0000-0002-000000000004', '00000000-0000-0000-0000-000000000001', 'RAW', '0', '2026-04-04 19:18:06.725799+00') on conflict (id) do update set supply_id = excluded.supply_id, store_id = excluded.store_id, level = excluded.level, quantity_grams = excluded.quantity_grams, last_updated = excluded.last_updated;
insert into public.inventory (id, supply_id, store_id, level, quantity_grams, last_updated) values ('50bc800a-a670-4644-ac11-2a45e692b84d', '11e5ddd8-74c7-4b88-b755-d46b52dcfb0f', '00000000-0000-0000-0000-000000000001', 'RAW', '-8500', '2026-04-04 19:10:18.115+00') on conflict (id) do update set supply_id = excluded.supply_id, store_id = excluded.store_id, level = excluded.level, quantity_grams = excluded.quantity_grams, last_updated = excluded.last_updated;
insert into public.inventory (id, supply_id, store_id, level, quantity_grams, last_updated) values ('51ae4026-543d-49c6-a44a-ac4d5a40bded', '37864ca1-1f31-4c33-8476-3581ca1b36e2', '00000000-0000-0000-0000-000000000002', 'STORE', '0', '2026-04-04 22:55:00.211+00') on conflict (id) do update set supply_id = excluded.supply_id, store_id = excluded.store_id, level = excluded.level, quantity_grams = excluded.quantity_grams, last_updated = excluded.last_updated;
insert into public.inventory (id, supply_id, store_id, level, quantity_grams, last_updated) values ('51d9602d-9a90-4649-a491-ac3c11acbe55', 'b475ffe0-b349-4406-a725-a9beac7ea744', '00000000-0000-0000-0000-000000000002', 'STORE', '0', '2026-04-04 22:54:55.481+00') on conflict (id) do update set supply_id = excluded.supply_id, store_id = excluded.store_id, level = excluded.level, quantity_grams = excluded.quantity_grams, last_updated = excluded.last_updated;
insert into public.inventory (id, supply_id, store_id, level, quantity_grams, last_updated) values ('51deef23-12cd-4670-8899-957e7db4f4db', 'a594e8d0-67f2-481c-acc4-f093c74e28ad', '00000000-0000-0000-0000-000000000001', 'RAW', '-2000', '2026-04-04 20:59:44.14+00') on conflict (id) do update set supply_id = excluded.supply_id, store_id = excluded.store_id, level = excluded.level, quantity_grams = excluded.quantity_grams, last_updated = excluded.last_updated;
insert into public.inventory (id, supply_id, store_id, level, quantity_grams, last_updated) values ('55a1eb02-6902-424d-8baf-09657ba52926', '4d856dfd-08e9-4647-96fd-7f0feabc1d2c', '00000000-0000-0000-0000-000000000002', 'STORE', '0', '2026-04-04 22:54:56.139+00') on conflict (id) do update set supply_id = excluded.supply_id, store_id = excluded.store_id, level = excluded.level, quantity_grams = excluded.quantity_grams, last_updated = excluded.last_updated;
insert into public.inventory (id, supply_id, store_id, level, quantity_grams, last_updated) values ('57cb0064-e9a2-4bd1-84e2-7cfba96b99ea', '412b4d45-da60-43b5-8ce3-b70d2553bac8', '00000000-0000-0000-0000-000000000002', 'STORE', '0', '2026-04-04 22:54:52.776+00') on conflict (id) do update set supply_id = excluded.supply_id, store_id = excluded.store_id, level = excluded.level, quantity_grams = excluded.quantity_grams, last_updated = excluded.last_updated;
insert into public.inventory (id, supply_id, store_id, level, quantity_grams, last_updated) values ('58c6f2a9-47a3-4eb9-99f4-11269f4092bf', '00000000-0000-0000-0002-000000000014', '00000000-0000-0000-0000-000000000001', 'RAW', '980', '2026-04-04 19:10:02.171+00') on conflict (id) do update set supply_id = excluded.supply_id, store_id = excluded.store_id, level = excluded.level, quantity_grams = excluded.quantity_grams, last_updated = excluded.last_updated;
insert into public.inventory (id, supply_id, store_id, level, quantity_grams, last_updated) values ('594163cd-fa23-490c-aae5-8c3364256e17', '1cbaa319-c5a5-4192-ba1e-585cc2f0f063', '00000000-0000-0000-0000-000000000001', 'RAW', '130000', '2026-04-04 19:09:58.099+00') on conflict (id) do update set supply_id = excluded.supply_id, store_id = excluded.store_id, level = excluded.level, quantity_grams = excluded.quantity_grams, last_updated = excluded.last_updated;
insert into public.inventory (id, supply_id, store_id, level, quantity_grams, last_updated) values ('59dec13e-10c5-45e2-bd2f-583ee70323f9', '00000000-0000-0000-0002-000000000007', '00000000-0000-0000-0000-000000000001', 'RAW', '-500', '2026-04-04 20:59:43.411+00') on conflict (id) do update set supply_id = excluded.supply_id, store_id = excluded.store_id, level = excluded.level, quantity_grams = excluded.quantity_grams, last_updated = excluded.last_updated;
insert into public.inventory (id, supply_id, store_id, level, quantity_grams, last_updated) values ('5d1daedb-fe75-4552-aa70-2ec2c8c58e09', 'ad40382d-dd1a-41be-9f44-f3c4e8fafbe4', '00000000-0000-0000-0000-000000000001', 'RAW', '2818', '2026-04-04 19:10:14.189+00') on conflict (id) do update set supply_id = excluded.supply_id, store_id = excluded.store_id, level = excluded.level, quantity_grams = excluded.quantity_grams, last_updated = excluded.last_updated;
insert into public.inventory (id, supply_id, store_id, level, quantity_grams, last_updated) values ('5d792bae-0117-484d-8c6d-21409daaa27c', '00000000-0000-0000-0002-000000000010', '00000000-0000-0000-0000-000000000001', 'RAW', '49300', '2026-04-04 19:10:15.408+00') on conflict (id) do update set supply_id = excluded.supply_id, store_id = excluded.store_id, level = excluded.level, quantity_grams = excluded.quantity_grams, last_updated = excluded.last_updated;
insert into public.inventory (id, supply_id, store_id, level, quantity_grams, last_updated) values ('5e3f1f04-d535-405f-b1ce-20225449be39', '00000000-0000-0000-0002-000000000007', '00000000-0000-0000-0000-000000000002', 'STORE', '1030.5', '2026-05-16 22:38:56.786+00') on conflict (id) do update set supply_id = excluded.supply_id, store_id = excluded.store_id, level = excluded.level, quantity_grams = excluded.quantity_grams, last_updated = excluded.last_updated;
insert into public.inventory (id, supply_id, store_id, level, quantity_grams, last_updated) values ('5f5f9d61-703e-4078-903d-7351af8d22db', 'fd9715d4-ff47-4487-b701-3bb364ea59b4', '00000000-0000-0000-0000-000000000001', 'RAW', '900', '2026-04-04 19:10:13.245+00') on conflict (id) do update set supply_id = excluded.supply_id, store_id = excluded.store_id, level = excluded.level, quantity_grams = excluded.quantity_grams, last_updated = excluded.last_updated;
insert into public.inventory (id, supply_id, store_id, level, quantity_grams, last_updated) values ('605af47e-9a8f-4205-8a36-6d1bcc29fb20', 'e30a1dd4-4358-4b9d-ab4c-7db3c3dbc1c7', '00000000-0000-0000-0000-000000000002', 'STORE', '210', '2026-05-16 22:38:58.15+00') on conflict (id) do update set supply_id = excluded.supply_id, store_id = excluded.store_id, level = excluded.level, quantity_grams = excluded.quantity_grams, last_updated = excluded.last_updated;
insert into public.inventory (id, supply_id, store_id, level, quantity_grams, last_updated) values ('62b2b706-3b3b-4a81-966b-e3caea9b98aa', '00000000-0000-0000-0002-000000000005', '00000000-0000-0000-0000-000000000002', 'STORE', '1048', '2026-05-16 22:38:56.133+00') on conflict (id) do update set supply_id = excluded.supply_id, store_id = excluded.store_id, level = excluded.level, quantity_grams = excluded.quantity_grams, last_updated = excluded.last_updated;
insert into public.inventory (id, supply_id, store_id, level, quantity_grams, last_updated) values ('62e0654a-18f0-4da8-acbb-84257d2e6717', '00000000-0000-0000-0002-000000000103', '00000000-0000-0000-0000-000000000001', 'PROCESSED', '200', '2026-04-05 00:06:54.49132+00') on conflict (id) do update set supply_id = excluded.supply_id, store_id = excluded.store_id, level = excluded.level, quantity_grams = excluded.quantity_grams, last_updated = excluded.last_updated;
insert into public.inventory (id, supply_id, store_id, level, quantity_grams, last_updated) values ('645b6b88-590e-4b70-a0c0-3374f4e1edd5', '00000000-0000-0000-0002-000000000001', '00000000-0000-0000-0000-000000000001', 'PROCESSED', '35200', '2026-04-04 19:10:00.12+00') on conflict (id) do update set supply_id = excluded.supply_id, store_id = excluded.store_id, level = excluded.level, quantity_grams = excluded.quantity_grams, last_updated = excluded.last_updated;
insert into public.inventory (id, supply_id, store_id, level, quantity_grams, last_updated) values ('65c70bca-3396-469c-ad51-d5c3b3880fcb', 'cf7a5f14-c749-483c-8d12-009505d91ea0', '00000000-0000-0000-0000-000000000002', 'STORE', '0', '2026-04-04 22:54:54.469+00') on conflict (id) do update set supply_id = excluded.supply_id, store_id = excluded.store_id, level = excluded.level, quantity_grams = excluded.quantity_grams, last_updated = excluded.last_updated;
insert into public.inventory (id, supply_id, store_id, level, quantity_grams, last_updated) values ('65f3dd8a-a8c6-4a82-a28f-77fc6cd68bcc', 'b475ffe0-b349-4406-a725-a9beac7ea744', '00000000-0000-0000-0000-000000000001', 'RAW', '1920', '2026-04-04 19:10:16.911+00') on conflict (id) do update set supply_id = excluded.supply_id, store_id = excluded.store_id, level = excluded.level, quantity_grams = excluded.quantity_grams, last_updated = excluded.last_updated;
insert into public.inventory (id, supply_id, store_id, level, quantity_grams, last_updated) values ('69578c2f-fd5f-4d96-ba3f-ab9339bf5c8b', 'ba73793e-a989-4726-b2c7-f247d94caf9c', '00000000-0000-0000-0000-000000000002', 'STORE', '0', '2026-04-04 22:54:57.15+00') on conflict (id) do update set supply_id = excluded.supply_id, store_id = excluded.store_id, level = excluded.level, quantity_grams = excluded.quantity_grams, last_updated = excluded.last_updated;
insert into public.inventory (id, supply_id, store_id, level, quantity_grams, last_updated) values ('6970c3fa-59c3-40f1-b879-b69616e663a7', '607b040e-f1a0-40da-ade8-396995b2d44b', '00000000-0000-0000-0000-000000000001', 'RAW', '0', '2026-04-04 19:09:49.943+00') on conflict (id) do update set supply_id = excluded.supply_id, store_id = excluded.store_id, level = excluded.level, quantity_grams = excluded.quantity_grams, last_updated = excluded.last_updated;
insert into public.inventory (id, supply_id, store_id, level, quantity_grams, last_updated) values ('6a91c212-6b90-40a2-bf15-992f73a587ea', 'f2bed48f-6e14-4fab-b832-28c49a7ca083', '00000000-0000-0000-0000-000000000002', 'STORE', '0', '2026-04-04 22:54:59.171+00') on conflict (id) do update set supply_id = excluded.supply_id, store_id = excluded.store_id, level = excluded.level, quantity_grams = excluded.quantity_grams, last_updated = excluded.last_updated;
insert into public.inventory (id, supply_id, store_id, level, quantity_grams, last_updated) values ('6bb1f61c-62ef-4bf8-90b5-713fbd560876', '0ec624a8-64c1-4a85-8bf7-cf09e51cd575', '00000000-0000-0000-0000-000000000001', 'RAW', '0', '2026-04-04 19:09:44.295+00') on conflict (id) do update set supply_id = excluded.supply_id, store_id = excluded.store_id, level = excluded.level, quantity_grams = excluded.quantity_grams, last_updated = excluded.last_updated;
insert into public.inventory (id, supply_id, store_id, level, quantity_grams, last_updated) values ('6cb396f8-1459-4879-9c6b-73ed1065ac5e', 'a797a04d-235b-49cf-8787-d73e930f4026', '00000000-0000-0000-0000-000000000002', 'STORE', '0', '2026-04-04 22:55:00.56+00') on conflict (id) do update set supply_id = excluded.supply_id, store_id = excluded.store_id, level = excluded.level, quantity_grams = excluded.quantity_grams, last_updated = excluded.last_updated;
insert into public.inventory (id, supply_id, store_id, level, quantity_grams, last_updated) values ('6cdf69ce-76d4-4b66-b573-d385dc202229', '00000000-0000-0000-0002-000000000011', '00000000-0000-0000-0000-000000000002', 'STORE', '0', '2026-04-04 22:54:46.338+00') on conflict (id) do update set supply_id = excluded.supply_id, store_id = excluded.store_id, level = excluded.level, quantity_grams = excluded.quantity_grams, last_updated = excluded.last_updated;
insert into public.inventory (id, supply_id, store_id, level, quantity_grams, last_updated) values ('6d3a1cb8-2979-4b08-adc8-7f0277a02aa8', '00000000-0000-0000-0002-000000000020', '00000000-0000-0000-0000-000000000002', 'STORE', '0', '2026-04-04 22:54:48.446+00') on conflict (id) do update set supply_id = excluded.supply_id, store_id = excluded.store_id, level = excluded.level, quantity_grams = excluded.quantity_grams, last_updated = excluded.last_updated;
insert into public.inventory (id, supply_id, store_id, level, quantity_grams, last_updated) values ('7169e996-2221-4cab-ba00-d8a5e2ba012c', '9092059c-47b9-4b51-a021-eba70036620c', '00000000-0000-0000-0000-000000000002', 'STORE', '0', '2026-04-04 22:55:03.311+00') on conflict (id) do update set supply_id = excluded.supply_id, store_id = excluded.store_id, level = excluded.level, quantity_grams = excluded.quantity_grams, last_updated = excluded.last_updated;
insert into public.inventory (id, supply_id, store_id, level, quantity_grams, last_updated) values ('722907e3-4db7-4778-b7e3-9190bbc22e3b', '00000000-0000-0000-0002-000000000013', '00000000-0000-0000-0000-000000000001', 'RAW', '-600', '2026-04-04 20:59:38.928+00') on conflict (id) do update set supply_id = excluded.supply_id, store_id = excluded.store_id, level = excluded.level, quantity_grams = excluded.quantity_grams, last_updated = excluded.last_updated;
insert into public.inventory (id, supply_id, store_id, level, quantity_grams, last_updated) values ('75e80c04-e92d-4209-bce2-8d00c49bdb36', '1cbaa319-c5a5-4192-ba1e-585cc2f0f063', '00000000-0000-0000-0000-000000000002', 'STORE', '0', '2026-04-04 22:55:02.289+00') on conflict (id) do update set supply_id = excluded.supply_id, store_id = excluded.store_id, level = excluded.level, quantity_grams = excluded.quantity_grams, last_updated = excluded.last_updated;
insert into public.inventory (id, supply_id, store_id, level, quantity_grams, last_updated) values ('7befa527-6fc5-4d42-88ac-09760cb11970', '00000000-0000-0000-0002-000000000008', '00000000-0000-0000-0000-000000000002', 'STORE', '0', '2026-04-04 22:54:45.663+00') on conflict (id) do update set supply_id = excluded.supply_id, store_id = excluded.store_id, level = excluded.level, quantity_grams = excluded.quantity_grams, last_updated = excluded.last_updated;
insert into public.inventory (id, supply_id, store_id, level, quantity_grams, last_updated) values ('7c4067d7-d557-48df-9efa-10d5024839cc', '5d2677b5-fe18-4aa3-acf1-5422f5b5df98', '00000000-0000-0000-0000-000000000001', 'RAW', '1000', '2026-04-04 19:09:51.196+00') on conflict (id) do update set supply_id = excluded.supply_id, store_id = excluded.store_id, level = excluded.level, quantity_grams = excluded.quantity_grams, last_updated = excluded.last_updated;
insert into public.inventory (id, supply_id, store_id, level, quantity_grams, last_updated) values ('7dca8ca8-4b5b-4436-8453-d57a6aff2add', '00000000-0000-0000-0002-000000000014', '00000000-0000-0000-0000-000000000002', 'STORE', '0', '2026-04-04 22:54:47.04+00') on conflict (id) do update set supply_id = excluded.supply_id, store_id = excluded.store_id, level = excluded.level, quantity_grams = excluded.quantity_grams, last_updated = excluded.last_updated;
insert into public.inventory (id, supply_id, store_id, level, quantity_grams, last_updated) values ('81860ef3-8553-4ac5-823f-70f24750949e', 'a594e8d0-67f2-481c-acc4-f093c74e28ad', '00000000-0000-0000-0000-000000000002', 'STORE', '4783.9', '2026-05-16 22:38:57.105+00') on conflict (id) do update set supply_id = excluded.supply_id, store_id = excluded.store_id, level = excluded.level, quantity_grams = excluded.quantity_grams, last_updated = excluded.last_updated;
insert into public.inventory (id, supply_id, store_id, level, quantity_grams, last_updated) values ('81d56064-8309-4864-afcf-a216b80928ff', '525551ba-b9ba-48c5-938c-8c64bb8f741c', '00000000-0000-0000-0000-000000000002', 'STORE', '0', '2026-04-04 22:54:55.81+00') on conflict (id) do update set supply_id = excluded.supply_id, store_id = excluded.store_id, level = excluded.level, quantity_grams = excluded.quantity_grams, last_updated = excluded.last_updated;
insert into public.inventory (id, supply_id, store_id, level, quantity_grams, last_updated) values ('83d30f4e-701b-48ec-a04b-f1e462b5f9b2', 'd763b5ad-0cfa-4f8f-9d69-0be8273c9827', '00000000-0000-0000-0000-000000000002', 'STORE', '0', '2026-04-04 22:54:54.807+00') on conflict (id) do update set supply_id = excluded.supply_id, store_id = excluded.store_id, level = excluded.level, quantity_grams = excluded.quantity_grams, last_updated = excluded.last_updated;
insert into public.inventory (id, supply_id, store_id, level, quantity_grams, last_updated) values ('8458a7a7-4657-4ea3-91ec-6b88b09f3453', 'f2bed48f-6e14-4fab-b832-28c49a7ca083', '00000000-0000-0000-0000-000000000001', 'RAW', '955', '2026-04-04 19:10:05.634+00') on conflict (id) do update set supply_id = excluded.supply_id, store_id = excluded.store_id, level = excluded.level, quantity_grams = excluded.quantity_grams, last_updated = excluded.last_updated;
insert into public.inventory (id, supply_id, store_id, level, quantity_grams, last_updated) values ('84f40aae-e866-45a1-a684-a926630edbe4', 'bab03300-b85a-4533-9484-b79c22013fe6', '00000000-0000-0000-0000-000000000002', 'STORE', '0', '2026-04-04 22:54:53.465+00') on conflict (id) do update set supply_id = excluded.supply_id, store_id = excluded.store_id, level = excluded.level, quantity_grams = excluded.quantity_grams, last_updated = excluded.last_updated;
insert into public.inventory (id, supply_id, store_id, level, quantity_grams, last_updated) values ('850a75ba-94de-42f0-a5fe-b1cc40da2bdd', 'd3f2fea7-0329-451f-8a8c-afad0ddc589f', '00000000-0000-0000-0000-000000000002', 'STORE', '0', '2026-04-04 22:54:54.139+00') on conflict (id) do update set supply_id = excluded.supply_id, store_id = excluded.store_id, level = excluded.level, quantity_grams = excluded.quantity_grams, last_updated = excluded.last_updated;
insert into public.inventory (id, supply_id, store_id, level, quantity_grams, last_updated) values ('85565c10-a278-4227-aa11-01564857d851', '00000000-0000-0000-0002-000000000102', '00000000-0000-0000-0000-000000000001', 'PROCESSED', '200', '2026-04-05 00:06:54.49132+00') on conflict (id) do update set supply_id = excluded.supply_id, store_id = excluded.store_id, level = excluded.level, quantity_grams = excluded.quantity_grams, last_updated = excluded.last_updated;
insert into public.inventory (id, supply_id, store_id, level, quantity_grams, last_updated) values ('864ee9fa-27fd-42e9-8218-67ac800cd1cf', 'cb5ce078-facc-41e6-b197-2e8bac8895e6', '00000000-0000-0000-0000-000000000002', 'STORE', '0', '2026-04-04 22:54:48.782+00') on conflict (id) do update set supply_id = excluded.supply_id, store_id = excluded.store_id, level = excluded.level, quantity_grams = excluded.quantity_grams, last_updated = excluded.last_updated;
insert into public.inventory (id, supply_id, store_id, level, quantity_grams, last_updated) values ('8790ab4c-71b6-47cb-bc3e-fc43d27fae60', '00000000-0000-0000-0002-000000000003', '00000000-0000-0000-0000-000000000001', 'RAW', '-9000', '2026-04-04 20:59:38.221+00') on conflict (id) do update set supply_id = excluded.supply_id, store_id = excluded.store_id, level = excluded.level, quantity_grams = excluded.quantity_grams, last_updated = excluded.last_updated;
insert into public.inventory (id, supply_id, store_id, level, quantity_grams, last_updated) values ('88f237f2-6335-4760-92fc-394b27035393', '3f4f56b3-0bc3-4665-bb4d-662d0416af1f', '00000000-0000-0000-0000-000000000002', 'STORE', '0', '2026-04-04 22:54:58.175+00') on conflict (id) do update set supply_id = excluded.supply_id, store_id = excluded.store_id, level = excluded.level, quantity_grams = excluded.quantity_grams, last_updated = excluded.last_updated;
insert into public.inventory (id, supply_id, store_id, level, quantity_grams, last_updated) values ('88f52441-818f-4d09-a17c-2bf4242304dd', '00000000-0000-0000-0002-000000000101', '00000000-0000-0000-0000-000000000001', 'PROCESSED', '200', '2026-04-05 00:06:54.49132+00') on conflict (id) do update set supply_id = excluded.supply_id, store_id = excluded.store_id, level = excluded.level, quantity_grams = excluded.quantity_grams, last_updated = excluded.last_updated;
insert into public.inventory (id, supply_id, store_id, level, quantity_grams, last_updated) values ('89c75045-8d83-426c-83a1-b55bd2dcda0e', 'fd9715d4-ff47-4487-b701-3bb364ea59b4', '00000000-0000-0000-0000-000000000002', 'STORE', '0', '2026-04-04 22:55:02.973+00') on conflict (id) do update set supply_id = excluded.supply_id, store_id = excluded.store_id, level = excluded.level, quantity_grams = excluded.quantity_grams, last_updated = excluded.last_updated;
insert into public.inventory (id, supply_id, store_id, level, quantity_grams, last_updated) values ('8bc59d86-6b5a-4742-a0d8-1a068ca8f5ba', 'aaa44032-dc38-49e4-ae5d-df2a4b570349', '00000000-0000-0000-0000-000000000002', 'STORE', '0', '2026-04-04 22:54:59.847+00') on conflict (id) do update set supply_id = excluded.supply_id, store_id = excluded.store_id, level = excluded.level, quantity_grams = excluded.quantity_grams, last_updated = excluded.last_updated;
insert into public.inventory (id, supply_id, store_id, level, quantity_grams, last_updated) values ('8ead4ee8-cc76-4f3c-a813-1ca6b5a1efc0', '0d020e82-2d96-4c69-8b63-edd9caae28f3', '00000000-0000-0000-0000-000000000002', 'STORE', '0', '2026-04-04 22:55:09.763+00') on conflict (id) do update set supply_id = excluded.supply_id, store_id = excluded.store_id, level = excluded.level, quantity_grams = excluded.quantity_grams, last_updated = excluded.last_updated;
insert into public.inventory (id, supply_id, store_id, level, quantity_grams, last_updated) values ('96cde7df-d9f0-4b46-9038-40b1bf00783d', 'a594e8d0-67f2-481c-acc4-f093c74e28ad', '00000000-0000-0000-0000-000000000001', 'PROCESSED', '-6046', '2026-05-16 22:22:37.035+00') on conflict (id) do update set supply_id = excluded.supply_id, store_id = excluded.store_id, level = excluded.level, quantity_grams = excluded.quantity_grams, last_updated = excluded.last_updated;
insert into public.inventory (id, supply_id, store_id, level, quantity_grams, last_updated) values ('98e0a9b0-2e84-42de-b145-cc11ab4b13d8', 'b27b16d1-9980-4c04-8a52-d2194c016f10', '00000000-0000-0000-0000-000000000002', 'STORE', '0', '2026-04-04 22:54:53.117+00') on conflict (id) do update set supply_id = excluded.supply_id, store_id = excluded.store_id, level = excluded.level, quantity_grams = excluded.quantity_grams, last_updated = excluded.last_updated;
insert into public.inventory (id, supply_id, store_id, level, quantity_grams, last_updated) values ('9961abb8-2bca-49eb-beea-28d4b16b7ff1', '00000000-0000-0000-0002-000000000009', '00000000-0000-0000-0000-000000000001', 'RAW', '-625', '2026-04-04 20:59:42.732+00') on conflict (id) do update set supply_id = excluded.supply_id, store_id = excluded.store_id, level = excluded.level, quantity_grams = excluded.quantity_grams, last_updated = excluded.last_updated;
insert into public.inventory (id, supply_id, store_id, level, quantity_grams, last_updated) values ('998321e9-4f74-4e84-8d11-7bd5165afd72', 'cbdf43be-ddd2-4a6f-9f4f-91dd454b976f', '00000000-0000-0000-0000-000000000002', 'STORE', '0', '2026-04-04 22:54:55.141+00') on conflict (id) do update set supply_id = excluded.supply_id, store_id = excluded.store_id, level = excluded.level, quantity_grams = excluded.quantity_grams, last_updated = excluded.last_updated;
insert into public.inventory (id, supply_id, store_id, level, quantity_grams, last_updated) values ('99f1d18e-562e-48a0-961a-e070e11066c5', '00000000-0000-0000-0002-000000000017', '00000000-0000-0000-0000-000000000002', 'STORE', '750', '2026-05-16 22:38:54.272+00') on conflict (id) do update set supply_id = excluded.supply_id, store_id = excluded.store_id, level = excluded.level, quantity_grams = excluded.quantity_grams, last_updated = excluded.last_updated;
insert into public.inventory (id, supply_id, store_id, level, quantity_grams, last_updated) values ('9a133657-7497-430a-9e90-8fd791889f6a', '1a3a180b-1984-4077-ab06-d80474f8aa48', '00000000-0000-0000-0000-000000000001', 'RAW', '-6000', '2026-04-04 20:59:44.876+00') on conflict (id) do update set supply_id = excluded.supply_id, store_id = excluded.store_id, level = excluded.level, quantity_grams = excluded.quantity_grams, last_updated = excluded.last_updated;
insert into public.inventory (id, supply_id, store_id, level, quantity_grams, last_updated) values ('9be28d36-5059-4fe9-97cf-aa0e32995114', '0ec624a8-64c1-4a85-8bf7-cf09e51cd575', '00000000-0000-0000-0000-000000000002', 'STORE', '0', '2026-04-04 22:54:50.442+00') on conflict (id) do update set supply_id = excluded.supply_id, store_id = excluded.store_id, level = excluded.level, quantity_grams = excluded.quantity_grams, last_updated = excluded.last_updated;
insert into public.inventory (id, supply_id, store_id, level, quantity_grams, last_updated) values ('9c1ceacf-7f54-47b3-8147-8c1339a5fbec', '00000000-0000-0000-0002-000000000005', '00000000-0000-0000-0000-000000000001', 'PROCESSED', '8000', '2026-05-16 22:22:34.424+00') on conflict (id) do update set supply_id = excluded.supply_id, store_id = excluded.store_id, level = excluded.level, quantity_grams = excluded.quantity_grams, last_updated = excluded.last_updated;
insert into public.inventory (id, supply_id, store_id, level, quantity_grams, last_updated) values ('9ff66267-058a-42c4-beeb-09fa2058308b', '00000000-0000-0000-0002-000000000007', '00000000-0000-0000-0000-000000000001', 'PROCESSED', '1000', '2026-05-16 22:22:36.171+00') on conflict (id) do update set supply_id = excluded.supply_id, store_id = excluded.store_id, level = excluded.level, quantity_grams = excluded.quantity_grams, last_updated = excluded.last_updated;
insert into public.inventory (id, supply_id, store_id, level, quantity_grams, last_updated) values ('a32980cc-a00a-405c-9be5-f62de02949b9', '1a6b3b17-f236-41e5-a68b-04723b128707', '00000000-0000-0000-0000-000000000001', 'RAW', '999987500', '2026-04-04 19:09:59.783+00') on conflict (id) do update set supply_id = excluded.supply_id, store_id = excluded.store_id, level = excluded.level, quantity_grams = excluded.quantity_grams, last_updated = excluded.last_updated;
insert into public.inventory (id, supply_id, store_id, level, quantity_grams, last_updated) values ('a42cba74-4464-41d9-bb97-e85ef3ab08e8', '3b2d0cec-d1e9-40bf-a0eb-cd9321efbbf3', '00000000-0000-0000-0000-000000000001', 'RAW', '470', '2026-04-04 19:10:05.98+00') on conflict (id) do update set supply_id = excluded.supply_id, store_id = excluded.store_id, level = excluded.level, quantity_grams = excluded.quantity_grams, last_updated = excluded.last_updated;
insert into public.inventory (id, supply_id, store_id, level, quantity_grams, last_updated) values ('a537f653-2842-4eed-8d92-e6d651092491', '00000000-0000-0000-0002-000000000008', '00000000-0000-0000-0000-000000000001', 'RAW', '1800', '2026-04-04 19:10:07.255+00') on conflict (id) do update set supply_id = excluded.supply_id, store_id = excluded.store_id, level = excluded.level, quantity_grams = excluded.quantity_grams, last_updated = excluded.last_updated;
insert into public.inventory (id, supply_id, store_id, level, quantity_grams, last_updated) values ('a8388b93-236a-4ac4-9f58-7252a69d8382', '525551ba-b9ba-48c5-938c-8c64bb8f741c', '00000000-0000-0000-0000-000000000001', 'RAW', '11819', '2026-04-04 19:10:15.688+00') on conflict (id) do update set supply_id = excluded.supply_id, store_id = excluded.store_id, level = excluded.level, quantity_grams = excluded.quantity_grams, last_updated = excluded.last_updated;
insert into public.inventory (id, supply_id, store_id, level, quantity_grams, last_updated) values ('a8d08fdf-b53a-4ff4-aa9b-bb7eac279dcb', '0a0e65d1-0953-4d4c-8925-343aedf4344b', '00000000-0000-0000-0000-000000000001', 'RAW', '831', '2026-04-04 19:10:13.536+00') on conflict (id) do update set supply_id = excluded.supply_id, store_id = excluded.store_id, level = excluded.level, quantity_grams = excluded.quantity_grams, last_updated = excluded.last_updated;
insert into public.inventory (id, supply_id, store_id, level, quantity_grams, last_updated) values ('aa055094-3037-42f8-af3f-ebb7e2e9b396', '00000000-0000-0000-0002-000000000012', '00000000-0000-0000-0000-000000000001', 'RAW', '-400', '2026-04-04 20:59:46.268+00') on conflict (id) do update set supply_id = excluded.supply_id, store_id = excluded.store_id, level = excluded.level, quantity_grams = excluded.quantity_grams, last_updated = excluded.last_updated;
insert into public.inventory (id, supply_id, store_id, level, quantity_grams, last_updated) values ('aad3cf89-a430-485c-90da-1e780329ee0c', '607b040e-f1a0-40da-ade8-396995b2d44b', '00000000-0000-0000-0000-000000000002', 'STORE', '0', '2026-04-04 22:55:05.694+00') on conflict (id) do update set supply_id = excluded.supply_id, store_id = excluded.store_id, level = excluded.level, quantity_grams = excluded.quantity_grams, last_updated = excluded.last_updated;
insert into public.inventory (id, supply_id, store_id, level, quantity_grams, last_updated) values ('ab7e28d8-8f2a-4fc9-8bd5-c1c1e0c3c315', 'a8d18486-d904-4045-89c0-fd90038c1fb9', '00000000-0000-0000-0000-000000000001', 'PROCESSED', '18970', '2026-05-16 22:22:33.551+00') on conflict (id) do update set supply_id = excluded.supply_id, store_id = excluded.store_id, level = excluded.level, quantity_grams = excluded.quantity_grams, last_updated = excluded.last_updated;
insert into public.inventory (id, supply_id, store_id, level, quantity_grams, last_updated) values ('ae77611b-94f8-41fe-b0b7-4c48b7c48ea1', 'b70d95f0-8ac8-4708-a9cf-b2ec39f52151', '00000000-0000-0000-0000-000000000002', 'STORE', '0', '2026-04-04 22:54:49.115+00') on conflict (id) do update set supply_id = excluded.supply_id, store_id = excluded.store_id, level = excluded.level, quantity_grams = excluded.quantity_grams, last_updated = excluded.last_updated;
insert into public.inventory (id, supply_id, store_id, level, quantity_grams, last_updated) values ('afb39682-1730-45a0-909a-10fca3960c19', '00000000-0000-0000-0002-000000000012', '00000000-0000-0000-0000-000000000002', 'STORE', '525', '2026-05-16 22:38:58.474+00') on conflict (id) do update set supply_id = excluded.supply_id, store_id = excluded.store_id, level = excluded.level, quantity_grams = excluded.quantity_grams, last_updated = excluded.last_updated;
insert into public.inventory (id, supply_id, store_id, level, quantity_grams, last_updated) values ('b011d041-4ea6-4ccc-9a04-ce43c342ffe1', '00000000-0000-0000-0002-000000000013', '00000000-0000-0000-0000-000000000001', 'PROCESSED', '600', '2026-05-16 22:22:30.963+00') on conflict (id) do update set supply_id = excluded.supply_id, store_id = excluded.store_id, level = excluded.level, quantity_grams = excluded.quantity_grams, last_updated = excluded.last_updated;
insert into public.inventory (id, supply_id, store_id, level, quantity_grams, last_updated) values ('b41a9ea6-8da3-4af1-9e7a-c81d63fcaa85', 'b70d95f0-8ac8-4708-a9cf-b2ec39f52151', '00000000-0000-0000-0000-000000000001', 'RAW', '12500', '2026-04-04 16:51:09.691457+00') on conflict (id) do update set supply_id = excluded.supply_id, store_id = excluded.store_id, level = excluded.level, quantity_grams = excluded.quantity_grams, last_updated = excluded.last_updated;
insert into public.inventory (id, supply_id, store_id, level, quantity_grams, last_updated) values ('b5320ce1-39d8-4d02-8203-d43459bbb9f0', '7e113087-539f-441b-9d35-b003facb45cd', '00000000-0000-0000-0000-000000000002', 'STORE', '0', '2026-04-04 22:54:53.805+00') on conflict (id) do update set supply_id = excluded.supply_id, store_id = excluded.store_id, level = excluded.level, quantity_grams = excluded.quantity_grams, last_updated = excluded.last_updated;
insert into public.inventory (id, supply_id, store_id, level, quantity_grams, last_updated) values ('b60fc044-6199-42f0-997c-ada85e261a10', '00000000-0000-0000-0002-000000000002', '00000000-0000-0000-0000-000000000001', 'RAW', '0', '2026-04-04 19:10:08.479+00') on conflict (id) do update set supply_id = excluded.supply_id, store_id = excluded.store_id, level = excluded.level, quantity_grams = excluded.quantity_grams, last_updated = excluded.last_updated;
insert into public.inventory (id, supply_id, store_id, level, quantity_grams, last_updated) values ('b94501af-fb29-4b5d-92cf-a9b65be2a625', 'b3bd4c74-552a-4125-a9d0-e69768d3c78d', '00000000-0000-0000-0000-000000000001', 'RAW', '160', '2026-04-04 19:09:46.132+00') on conflict (id) do update set supply_id = excluded.supply_id, store_id = excluded.store_id, level = excluded.level, quantity_grams = excluded.quantity_grams, last_updated = excluded.last_updated;
insert into public.inventory (id, supply_id, store_id, level, quantity_grams, last_updated) values ('b9cce4cc-9c41-4031-a539-87baca6023f0', '11e5ddd8-74c7-4b88-b755-d46b52dcfb0f', '00000000-0000-0000-0000-000000000002', 'STORE', '0', '2026-04-04 22:54:49.447+00') on conflict (id) do update set supply_id = excluded.supply_id, store_id = excluded.store_id, level = excluded.level, quantity_grams = excluded.quantity_grams, last_updated = excluded.last_updated;
insert into public.inventory (id, supply_id, store_id, level, quantity_grams, last_updated) values ('bae9adda-a7ad-4cb8-9484-0a7c6d9460d6', '359d23ef-0eeb-4f2f-a4b6-7190de90728a', '00000000-0000-0000-0000-000000000001', 'PROCESSED', '-2000', '2026-05-16 22:22:44.031+00') on conflict (id) do update set supply_id = excluded.supply_id, store_id = excluded.store_id, level = excluded.level, quantity_grams = excluded.quantity_grams, last_updated = excluded.last_updated;
insert into public.inventory (id, supply_id, store_id, level, quantity_grams, last_updated) values ('bb956223-f8b6-4e41-91f2-72117ba1e662', 'aced04f8-c5c9-404e-92ac-ad64f54d4e31', '00000000-0000-0000-0000-000000000001', 'RAW', '312', '2026-04-04 19:10:02.873+00') on conflict (id) do update set supply_id = excluded.supply_id, store_id = excluded.store_id, level = excluded.level, quantity_grams = excluded.quantity_grams, last_updated = excluded.last_updated;
insert into public.inventory (id, supply_id, store_id, level, quantity_grams, last_updated) values ('bcddebfc-3f1e-4f82-9469-39667fb09d0c', '00000000-0000-0000-0002-000000000009', '00000000-0000-0000-0000-000000000002', 'STORE', '687.2', '2026-05-16 22:38:56.462+00') on conflict (id) do update set supply_id = excluded.supply_id, store_id = excluded.store_id, level = excluded.level, quantity_grams = excluded.quantity_grams, last_updated = excluded.last_updated;
insert into public.inventory (id, supply_id, store_id, level, quantity_grams, last_updated) values ('bd7851c3-5987-4af3-9b69-a1acab4be5d8', '0a0e65d1-0953-4d4c-8925-343aedf4344b', '00000000-0000-0000-0000-000000000002', 'STORE', '0', '2026-04-04 22:54:56.816+00') on conflict (id) do update set supply_id = excluded.supply_id, store_id = excluded.store_id, level = excluded.level, quantity_grams = excluded.quantity_grams, last_updated = excluded.last_updated;
insert into public.inventory (id, supply_id, store_id, level, quantity_grams, last_updated) values ('beed29ee-7a24-4c20-a6c2-0189593133f4', '1a6b3b17-f236-41e5-a68b-04723b128707', '00000000-0000-0000-0000-000000000002', 'STORE', '0', '2026-04-04 22:55:06.033+00') on conflict (id) do update set supply_id = excluded.supply_id, store_id = excluded.store_id, level = excluded.level, quantity_grams = excluded.quantity_grams, last_updated = excluded.last_updated;
insert into public.inventory (id, supply_id, store_id, level, quantity_grams, last_updated) values ('beee37ba-9b32-42ca-a36e-ff3a994e3492', '00000000-0000-0000-0002-000000000018', '00000000-0000-0000-0000-000000000001', 'RAW', '690', '2026-04-04 19:10:03.143+00') on conflict (id) do update set supply_id = excluded.supply_id, store_id = excluded.store_id, level = excluded.level, quantity_grams = excluded.quantity_grams, last_updated = excluded.last_updated;
insert into public.inventory (id, supply_id, store_id, level, quantity_grams, last_updated) values ('c0da8afb-73a5-4ca1-886a-e8cdbfae0a4f', '00000000-0000-0000-0002-000000000102', '00000000-0000-0000-0000-000000000002', 'STORE', '50', '2026-05-16 22:38:54.995+00') on conflict (id) do update set supply_id = excluded.supply_id, store_id = excluded.store_id, level = excluded.level, quantity_grams = excluded.quantity_grams, last_updated = excluded.last_updated;
insert into public.inventory (id, supply_id, store_id, level, quantity_grams, last_updated) values ('c2241e34-489b-427c-a249-d3eba3204400', 'a8d18486-d904-4045-89c0-fd90038c1fb9', '00000000-0000-0000-0000-000000000001', 'RAW', '-1474', '2026-04-04 20:59:41.307+00') on conflict (id) do update set supply_id = excluded.supply_id, store_id = excluded.store_id, level = excluded.level, quantity_grams = excluded.quantity_grams, last_updated = excluded.last_updated;
insert into public.inventory (id, supply_id, store_id, level, quantity_grams, last_updated) values ('c2e3adbd-213d-4b40-902c-7c667697aea5', '00000000-0000-0000-0002-000000000003', '00000000-0000-0000-0000-000000000002', 'STORE', '9850', '2026-05-16 22:38:53.088+00') on conflict (id) do update set supply_id = excluded.supply_id, store_id = excluded.store_id, level = excluded.level, quantity_grams = excluded.quantity_grams, last_updated = excluded.last_updated;
insert into public.inventory (id, supply_id, store_id, level, quantity_grams, last_updated) values ('c3c25663-87ea-4d3d-806b-6a5124d7d9d0', '00000000-0000-0000-0002-000000000009', '00000000-0000-0000-0000-000000000001', 'PROCESSED', '1850', '2026-05-16 22:22:35.293+00') on conflict (id) do update set supply_id = excluded.supply_id, store_id = excluded.store_id, level = excluded.level, quantity_grams = excluded.quantity_grams, last_updated = excluded.last_updated;
insert into public.inventory (id, supply_id, store_id, level, quantity_grams, last_updated) values ('c3ce1cbf-e889-4d4c-91fa-a253f20b92c6', '37850381-d932-4188-9f63-fad110bd8628', '00000000-0000-0000-0000-000000000001', 'RAW', '-200', '2026-04-04 20:59:45.602+00') on conflict (id) do update set supply_id = excluded.supply_id, store_id = excluded.store_id, level = excluded.level, quantity_grams = excluded.quantity_grams, last_updated = excluded.last_updated;
insert into public.inventory (id, supply_id, store_id, level, quantity_grams, last_updated) values ('c4379f77-8f3e-4cb0-a4df-2cd3587b1e54', '4d856dfd-08e9-4647-96fd-7f0feabc1d2c', '00000000-0000-0000-0000-000000000001', 'RAW', '12019', '2026-04-04 19:10:15.963+00') on conflict (id) do update set supply_id = excluded.supply_id, store_id = excluded.store_id, level = excluded.level, quantity_grams = excluded.quantity_grams, last_updated = excluded.last_updated;
insert into public.inventory (id, supply_id, store_id, level, quantity_grams, last_updated) values ('c5f0b0c4-fe8b-46eb-9626-279a19a39167', 'b8a87b5f-349f-45d6-84fd-2e690c1c5d0a', '00000000-0000-0000-0000-000000000002', 'STORE', '0', '2026-04-04 22:55:00.903+00') on conflict (id) do update set supply_id = excluded.supply_id, store_id = excluded.store_id, level = excluded.level, quantity_grams = excluded.quantity_grams, last_updated = excluded.last_updated;
insert into public.inventory (id, supply_id, store_id, level, quantity_grams, last_updated) values ('c72a563c-d644-4997-a092-22375db38bc7', '359d23ef-0eeb-4f2f-a4b6-7190de90728a', '00000000-0000-0000-0000-000000000001', 'RAW', '-1000', '2026-04-04 20:59:49.763+00') on conflict (id) do update set supply_id = excluded.supply_id, store_id = excluded.store_id, level = excluded.level, quantity_grams = excluded.quantity_grams, last_updated = excluded.last_updated;
insert into public.inventory (id, supply_id, store_id, level, quantity_grams, last_updated) values ('c7c0414c-b29e-4dc3-bf13-b83d75828c63', '6e48fd65-ebbd-478d-a040-e92a863426da', '00000000-0000-0000-0000-000000000002', 'STORE', '0', '2026-04-04 22:54:58.838+00') on conflict (id) do update set supply_id = excluded.supply_id, store_id = excluded.store_id, level = excluded.level, quantity_grams = excluded.quantity_grams, last_updated = excluded.last_updated;
insert into public.inventory (id, supply_id, store_id, level, quantity_grams, last_updated) values ('c885ec02-5471-4bbb-a214-74de6d92da30', '00000000-0000-0000-0002-000000000016', '00000000-0000-0000-0000-000000000001', 'RAW', '-600', '2026-04-04 20:59:39.81+00') on conflict (id) do update set supply_id = excluded.supply_id, store_id = excluded.store_id, level = excluded.level, quantity_grams = excluded.quantity_grams, last_updated = excluded.last_updated;
insert into public.inventory (id, supply_id, store_id, level, quantity_grams, last_updated) values ('c933a322-0112-43c1-98bd-c78b5b700fb4', '82fa538f-9a96-46ee-8272-553ab1158b15', '00000000-0000-0000-0000-000000000001', 'RAW', '-1000', '2026-04-04 20:59:49.055+00') on conflict (id) do update set supply_id = excluded.supply_id, store_id = excluded.store_id, level = excluded.level, quantity_grams = excluded.quantity_grams, last_updated = excluded.last_updated;
insert into public.inventory (id, supply_id, store_id, level, quantity_grams, last_updated) values ('c984c50a-becc-4ec3-9e30-d279591f250d', '0802b030-623c-4b34-95ad-a33f6f31a8d0', '00000000-0000-0000-0000-000000000001', 'RAW', '250', '2026-04-04 19:10:12.399+00') on conflict (id) do update set supply_id = excluded.supply_id, store_id = excluded.store_id, level = excluded.level, quantity_grams = excluded.quantity_grams, last_updated = excluded.last_updated;
insert into public.inventory (id, supply_id, store_id, level, quantity_grams, last_updated) values ('c9c75cf2-9f69-4b3d-9580-4b73d8f4476c', '00000000-0000-0000-0002-000000000020', '00000000-0000-0000-0000-000000000001', 'RAW', '0', '2026-05-16 22:19:29.789+00') on conflict (id) do update set supply_id = excluded.supply_id, store_id = excluded.store_id, level = excluded.level, quantity_grams = excluded.quantity_grams, last_updated = excluded.last_updated;
insert into public.inventory (id, supply_id, store_id, level, quantity_grams, last_updated) values ('cc01d522-e946-44ad-9b80-136c0303e3fa', 'd68a18c3-79d6-48e1-b06b-81f6b2743cab', '00000000-0000-0000-0000-000000000002', 'STORE', '2600', '2026-05-16 22:38:59.454+00') on conflict (id) do update set supply_id = excluded.supply_id, store_id = excluded.store_id, level = excluded.level, quantity_grams = excluded.quantity_grams, last_updated = excluded.last_updated;
insert into public.inventory (id, supply_id, store_id, level, quantity_grams, last_updated) values ('ced1e138-829b-4cf3-a856-5b8ffd58f665', '359d23ef-0eeb-4f2f-a4b6-7190de90728a', '00000000-0000-0000-0000-000000000002', 'STORE', '1910', '2026-05-16 22:39:00.104+00') on conflict (id) do update set supply_id = excluded.supply_id, store_id = excluded.store_id, level = excluded.level, quantity_grams = excluded.quantity_grams, last_updated = excluded.last_updated;
insert into public.inventory (id, supply_id, store_id, level, quantity_grams, last_updated) values ('cfdfad9d-e1e9-4f05-b6de-19f6ec4655b5', 'a8d18486-d904-4045-89c0-fd90038c1fb9', '00000000-0000-0000-0000-000000000002', 'STORE', '3768', '2026-05-16 22:38:55.791+00') on conflict (id) do update set supply_id = excluded.supply_id, store_id = excluded.store_id, level = excluded.level, quantity_grams = excluded.quantity_grams, last_updated = excluded.last_updated;
insert into public.inventory (id, supply_id, store_id, level, quantity_grams, last_updated) values ('cff3bdca-a0d0-4497-8fd2-8b10b3c4daa4', 'ba73793e-a989-4726-b2c7-f247d94caf9c', '00000000-0000-0000-0000-000000000001', 'RAW', '1000', '2026-04-04 16:57:45.571814+00') on conflict (id) do update set supply_id = excluded.supply_id, store_id = excluded.store_id, level = excluded.level, quantity_grams = excluded.quantity_grams, last_updated = excluded.last_updated;
insert into public.inventory (id, supply_id, store_id, level, quantity_grams, last_updated) values ('d33aecbd-1a7a-4e4e-89ba-324a71f23254', 'd68a18c3-79d6-48e1-b06b-81f6b2743cab', '00000000-0000-0000-0000-000000000001', 'RAW', '-2000', '2026-04-04 20:59:48.338+00') on conflict (id) do update set supply_id = excluded.supply_id, store_id = excluded.store_id, level = excluded.level, quantity_grams = excluded.quantity_grams, last_updated = excluded.last_updated;
insert into public.inventory (id, supply_id, store_id, level, quantity_grams, last_updated) values ('d39dc5bb-1cb3-4e60-a761-5a165b215ce1', '37850381-d932-4188-9f63-fad110bd8628', '00000000-0000-0000-0000-000000000002', 'STORE', '275', '2026-05-16 22:38:57.82+00') on conflict (id) do update set supply_id = excluded.supply_id, store_id = excluded.store_id, level = excluded.level, quantity_grams = excluded.quantity_grams, last_updated = excluded.last_updated;
insert into public.inventory (id, supply_id, store_id, level, quantity_grams, last_updated) values ('d3b6bfdc-8630-4a96-8b61-d9a9919cd593', 'd800fd0e-8ff6-492a-b079-1653561402b1', '00000000-0000-0000-0000-000000000001', 'RAW', '2940', '2026-04-04 19:09:47.574+00') on conflict (id) do update set supply_id = excluded.supply_id, store_id = excluded.store_id, level = excluded.level, quantity_grams = excluded.quantity_grams, last_updated = excluded.last_updated;
insert into public.inventory (id, supply_id, store_id, level, quantity_grams, last_updated) values ('d58f149a-3fd3-44af-88c3-497d9d4089c5', '00000000-0000-0000-0002-000000000001', '00000000-0000-0000-0000-000000000002', 'STORE', '9774.4', '2026-05-16 22:38:52.171+00') on conflict (id) do update set supply_id = excluded.supply_id, store_id = excluded.store_id, level = excluded.level, quantity_grams = excluded.quantity_grams, last_updated = excluded.last_updated;
insert into public.inventory (id, supply_id, store_id, level, quantity_grams, last_updated) values ('d9354449-63ce-4c40-aadc-b9b9e150f973', '00000000-0000-0000-0002-000000000012', '00000000-0000-0000-0000-000000000001', 'PROCESSED', '2800', '2026-05-16 22:22:39.479+00') on conflict (id) do update set supply_id = excluded.supply_id, store_id = excluded.store_id, level = excluded.level, quantity_grams = excluded.quantity_grams, last_updated = excluded.last_updated;
insert into public.inventory (id, supply_id, store_id, level, quantity_grams, last_updated) values ('d9c02801-c9e6-4e2d-84f2-bee47a8144e8', '00000000-0000-0000-0002-000000000010', '00000000-0000-0000-0000-000000000002', 'STORE', '0', '2026-04-04 22:54:46.011+00') on conflict (id) do update set supply_id = excluded.supply_id, store_id = excluded.store_id, level = excluded.level, quantity_grams = excluded.quantity_grams, last_updated = excluded.last_updated;
insert into public.inventory (id, supply_id, store_id, level, quantity_grams, last_updated) values ('dccc2a33-0870-4b3a-af58-0eafeb2290f7', 'b0270357-e459-46a0-9854-560b66336660', '00000000-0000-0000-0000-000000000002', 'STORE', '0', '2026-04-04 22:55:04.679+00') on conflict (id) do update set supply_id = excluded.supply_id, store_id = excluded.store_id, level = excluded.level, quantity_grams = excluded.quantity_grams, last_updated = excluded.last_updated;
insert into public.inventory (id, supply_id, store_id, level, quantity_grams, last_updated) values ('dcf47dad-e3c4-4b46-b351-2eb93cc5dec2', '3b2d0cec-d1e9-40bf-a0eb-cd9321efbbf3', '00000000-0000-0000-0000-000000000002', 'STORE', '0', '2026-04-04 22:54:56.474+00') on conflict (id) do update set supply_id = excluded.supply_id, store_id = excluded.store_id, level = excluded.level, quantity_grams = excluded.quantity_grams, last_updated = excluded.last_updated;
insert into public.inventory (id, supply_id, store_id, level, quantity_grams, last_updated) values ('dd747874-cbce-4bec-89c5-3e4394c2cebe', '58c76ada-92f6-4f7c-aa3c-25b62e5fa1f7', '00000000-0000-0000-0000-000000000001', 'RAW', '6900', '2026-04-04 19:09:59.413+00') on conflict (id) do update set supply_id = excluded.supply_id, store_id = excluded.store_id, level = excluded.level, quantity_grams = excluded.quantity_grams, last_updated = excluded.last_updated;
insert into public.inventory (id, supply_id, store_id, level, quantity_grams, last_updated) values ('de3458e6-8cfd-403f-9526-a9be94ead23e', 'cb5ce078-facc-41e6-b197-2e8bac8895e6', '00000000-0000-0000-0000-000000000001', 'RAW', '0', '2026-04-04 19:10:01.006+00') on conflict (id) do update set supply_id = excluded.supply_id, store_id = excluded.store_id, level = excluded.level, quantity_grams = excluded.quantity_grams, last_updated = excluded.last_updated;
insert into public.inventory (id, supply_id, store_id, level, quantity_grams, last_updated) values ('decfaf70-34b9-466d-b268-6039f9f8f03c', '412b4d45-da60-43b5-8ce3-b70d2553bac8', '00000000-0000-0000-0000-000000000001', 'RAW', '29000', '2026-04-04 19:10:04.969+00') on conflict (id) do update set supply_id = excluded.supply_id, store_id = excluded.store_id, level = excluded.level, quantity_grams = excluded.quantity_grams, last_updated = excluded.last_updated;
insert into public.inventory (id, supply_id, store_id, level, quantity_grams, last_updated) values ('dfa53c3c-38c0-414d-af51-701539d6dd84', 'de09cabe-ccc0-4d82-898c-bb781215c6da', '00000000-0000-0000-0000-000000000002', 'STORE', '0', '2026-04-04 22:55:03.979+00') on conflict (id) do update set supply_id = excluded.supply_id, store_id = excluded.store_id, level = excluded.level, quantity_grams = excluded.quantity_grams, last_updated = excluded.last_updated;
insert into public.inventory (id, supply_id, store_id, level, quantity_grams, last_updated) values ('e0717fd6-b573-45f6-bfd5-59fe907f4b10', 'c518c764-5bad-4191-9034-553ee6c1f94e', '00000000-0000-0000-0000-000000000002', 'STORE', '0', '2026-04-04 22:54:51.429+00') on conflict (id) do update set supply_id = excluded.supply_id, store_id = excluded.store_id, level = excluded.level, quantity_grams = excluded.quantity_grams, last_updated = excluded.last_updated;
insert into public.inventory (id, supply_id, store_id, level, quantity_grams, last_updated) values ('e0c2a470-aab1-4e9d-ac02-98b0882ac6b1', '00000000-0000-0000-0002-000000000019', '00000000-0000-0000-0000-000000000001', 'RAW', '-200', '2026-04-04 20:59:46.949+00') on conflict (id) do update set supply_id = excluded.supply_id, store_id = excluded.store_id, level = excluded.level, quantity_grams = excluded.quantity_grams, last_updated = excluded.last_updated;
insert into public.inventory (id, supply_id, store_id, level, quantity_grams, last_updated) values ('e1b08782-10b5-4c9e-af57-594e0576bf1b', 'd800fd0e-8ff6-492a-b079-1653561402b1', '00000000-0000-0000-0000-000000000002', 'STORE', '0', '2026-04-04 22:55:05.025+00') on conflict (id) do update set supply_id = excluded.supply_id, store_id = excluded.store_id, level = excluded.level, quantity_grams = excluded.quantity_grams, last_updated = excluded.last_updated;
insert into public.inventory (id, supply_id, store_id, level, quantity_grams, last_updated) values ('e277d07d-32fb-4eba-be02-e12bf57d85cf', '00000000-0000-0000-0002-000000000015', '00000000-0000-0000-0000-000000000002', 'STORE', '0', '2026-04-04 22:55:04.341+00') on conflict (id) do update set supply_id = excluded.supply_id, store_id = excluded.store_id, level = excluded.level, quantity_grams = excluded.quantity_grams, last_updated = excluded.last_updated;
insert into public.inventory (id, supply_id, store_id, level, quantity_grams, last_updated) values ('e6ce3138-d57e-43b0-ad68-6ef5c734a7d6', 'ad40382d-dd1a-41be-9f44-f3c4e8fafbe4', '00000000-0000-0000-0000-000000000002', 'STORE', '0', '2026-04-04 22:55:06.363+00') on conflict (id) do update set supply_id = excluded.supply_id, store_id = excluded.store_id, level = excluded.level, quantity_grams = excluded.quantity_grams, last_updated = excluded.last_updated;
insert into public.inventory (id, supply_id, store_id, level, quantity_grams, last_updated) values ('e8b5e5b0-9e4d-493b-807b-20d10ce6b84c', '0008e1ee-d810-434a-ae5c-2d3564532189', '00000000-0000-0000-0000-000000000002', 'STORE', '0', '2026-04-04 22:54:58.502+00') on conflict (id) do update set supply_id = excluded.supply_id, store_id = excluded.store_id, level = excluded.level, quantity_grams = excluded.quantity_grams, last_updated = excluded.last_updated;
insert into public.inventory (id, supply_id, store_id, level, quantity_grams, last_updated) values ('ea79e64d-67ba-4ae2-a32e-4dbf012e2572', '00000000-0000-0000-0002-000000000011', '00000000-0000-0000-0000-000000000001', 'RAW', '0', '2026-04-04 19:10:09.713+00') on conflict (id) do update set supply_id = excluded.supply_id, store_id = excluded.store_id, level = excluded.level, quantity_grams = excluded.quantity_grams, last_updated = excluded.last_updated;
insert into public.inventory (id, supply_id, store_id, level, quantity_grams, last_updated) values ('eb9af7d4-487c-4842-b448-81cceb89de75', 'ba6346d9-a0df-463c-98d6-6ce04e347d3e', '00000000-0000-0000-0000-000000000002', 'STORE', '0', '2026-04-04 22:54:57.837+00') on conflict (id) do update set supply_id = excluded.supply_id, store_id = excluded.store_id, level = excluded.level, quantity_grams = excluded.quantity_grams, last_updated = excluded.last_updated;
insert into public.inventory (id, supply_id, store_id, level, quantity_grams, last_updated) values ('ed21b8b4-3227-4ca1-bad4-d15ce4481535', '00000000-0000-0000-0002-000000000013', '00000000-0000-0000-0000-000000000002', 'STORE', '774.9', '2026-05-16 22:38:53.515+00') on conflict (id) do update set supply_id = excluded.supply_id, store_id = excluded.store_id, level = excluded.level, quantity_grams = excluded.quantity_grams, last_updated = excluded.last_updated;
insert into public.inventory (id, supply_id, store_id, level, quantity_grams, last_updated) values ('ef1e49fe-df17-4669-a7be-e690b5af3e67', '8f2b4b07-49c3-4b81-b365-0884bf1195f7', '00000000-0000-0000-0000-000000000002', 'STORE', '0', '2026-04-04 22:55:01.589+00') on conflict (id) do update set supply_id = excluded.supply_id, store_id = excluded.store_id, level = excluded.level, quantity_grams = excluded.quantity_grams, last_updated = excluded.last_updated;
insert into public.inventory (id, supply_id, store_id, level, quantity_grams, last_updated) values ('f1269c47-5a54-4654-9e7e-21eb181b8488', 'c518c764-5bad-4191-9034-553ee6c1f94e', '00000000-0000-0000-0000-000000000001', 'RAW', '660', '2026-04-04 19:09:52.528+00') on conflict (id) do update set supply_id = excluded.supply_id, store_id = excluded.store_id, level = excluded.level, quantity_grams = excluded.quantity_grams, last_updated = excluded.last_updated;
insert into public.inventory (id, supply_id, store_id, level, quantity_grams, last_updated) values ('f76c56c1-4af3-405b-a57b-729b4f6bafdf', '0802b030-623c-4b34-95ad-a33f6f31a8d0', '00000000-0000-0000-0000-000000000002', 'STORE', '0', '2026-04-04 22:54:49.779+00') on conflict (id) do update set supply_id = excluded.supply_id, store_id = excluded.store_id, level = excluded.level, quantity_grams = excluded.quantity_grams, last_updated = excluded.last_updated;
insert into public.inventory (id, supply_id, store_id, level, quantity_grams, last_updated) values ('f7bbc337-c451-4b08-88e4-43fa0c460b2f', '844b8dfd-9936-4f95-a301-055da75816aa', '00000000-0000-0000-0000-000000000002', 'STORE', '0', '2026-04-04 22:55:03.646+00') on conflict (id) do update set supply_id = excluded.supply_id, store_id = excluded.store_id, level = excluded.level, quantity_grams = excluded.quantity_grams, last_updated = excluded.last_updated;
insert into public.inventory (id, supply_id, store_id, level, quantity_grams, last_updated) values ('f7faee49-2418-461f-8257-65611fa92ae2', '00000000-0000-0000-0002-000000000016', '00000000-0000-0000-0000-000000000002', 'STORE', '750', '2026-05-16 22:38:53.945+00') on conflict (id) do update set supply_id = excluded.supply_id, store_id = excluded.store_id, level = excluded.level, quantity_grams = excluded.quantity_grams, last_updated = excluded.last_updated;
insert into public.inventory (id, supply_id, store_id, level, quantity_grams, last_updated) values ('f89fc8d5-a04e-49b4-b50f-5ad1ab94d054', 'b3bd4c74-552a-4125-a9d0-e69768d3c78d', '00000000-0000-0000-0000-000000000002', 'STORE', '0', '2026-04-04 22:54:51.763+00') on conflict (id) do update set supply_id = excluded.supply_id, store_id = excluded.store_id, level = excluded.level, quantity_grams = excluded.quantity_grams, last_updated = excluded.last_updated;

-- public.stock_minimums (48 rows)
insert into public.stock_minimums (id, supply_id, store_id, level, minimum_grams) values ('00de5d8a-6280-4236-995b-97deb3aae868', '1a6b3b17-f236-41e5-a68b-04723b128707', '00000000-0000-0000-0000-000000000001', 'RAW', '1') on conflict (id) do update set supply_id = excluded.supply_id, store_id = excluded.store_id, level = excluded.level, minimum_grams = excluded.minimum_grams;
insert into public.stock_minimums (id, supply_id, store_id, level, minimum_grams) values ('02d1e603-b75c-482c-a04b-13bc0deb6347', '00000000-0000-0000-0002-000000000028', '00000000-0000-0000-0000-000000000002', 'STORE', '125') on conflict (id) do update set supply_id = excluded.supply_id, store_id = excluded.store_id, level = excluded.level, minimum_grams = excluded.minimum_grams;
insert into public.stock_minimums (id, supply_id, store_id, level, minimum_grams) values ('04c3d880-1172-4a1a-b511-07fbf3b7f3bd', '00000000-0000-0000-0002-000000000013', '00000000-0000-0000-0000-000000000001', 'STORE', '210') on conflict (id) do update set supply_id = excluded.supply_id, store_id = excluded.store_id, level = excluded.level, minimum_grams = excluded.minimum_grams;
insert into public.stock_minimums (id, supply_id, store_id, level, minimum_grams) values ('0c2f1e4e-03d6-4a2b-8fbe-5f79482bdde0', '00000000-0000-0000-0002-000000000008', '00000000-0000-0000-0000-000000000002', 'STORE', '65') on conflict (id) do update set supply_id = excluded.supply_id, store_id = excluded.store_id, level = excluded.level, minimum_grams = excluded.minimum_grams;
insert into public.stock_minimums (id, supply_id, store_id, level, minimum_grams) values ('0fe18ddc-10bf-468e-b737-7c098c26828a', '00000000-0000-0000-0002-000000000007', '00000000-0000-0000-0000-000000000001', 'STORE', '155') on conflict (id) do update set supply_id = excluded.supply_id, store_id = excluded.store_id, level = excluded.level, minimum_grams = excluded.minimum_grams;
insert into public.stock_minimums (id, supply_id, store_id, level, minimum_grams) values ('14948e99-5b9f-476b-afed-3b9a70280fb5', '00000000-0000-0000-0002-000000000020', '00000000-0000-0000-0000-000000000001', 'STORE', '200') on conflict (id) do update set supply_id = excluded.supply_id, store_id = excluded.store_id, level = excluded.level, minimum_grams = excluded.minimum_grams;
insert into public.stock_minimums (id, supply_id, store_id, level, minimum_grams) values ('1656f08f-aec3-4c86-ad51-f2443c1f00fc', '00000000-0000-0000-0002-000000000021', '00000000-0000-0000-0000-000000000002', 'STORE', '125') on conflict (id) do update set supply_id = excluded.supply_id, store_id = excluded.store_id, level = excluded.level, minimum_grams = excluded.minimum_grams;
insert into public.stock_minimums (id, supply_id, store_id, level, minimum_grams) values ('265fe9bb-8f93-4fd2-b938-8c2b50e7b454', '00000000-0000-0000-0002-000000000103', '00000000-0000-0000-0000-000000000002', 'STORE', '10') on conflict (id) do update set supply_id = excluded.supply_id, store_id = excluded.store_id, level = excluded.level, minimum_grams = excluded.minimum_grams;
insert into public.stock_minimums (id, supply_id, store_id, level, minimum_grams) values ('2b09bf9b-e17e-49d4-a832-cbd47b1f3dad', '00000000-0000-0000-0002-000000000016', '00000000-0000-0000-0000-000000000001', 'STORE', '250') on conflict (id) do update set supply_id = excluded.supply_id, store_id = excluded.store_id, level = excluded.level, minimum_grams = excluded.minimum_grams;
insert into public.stock_minimums (id, supply_id, store_id, level, minimum_grams) values ('2bdb7246-18c6-46b9-bfd8-d3bbde71aabf', '00000000-0000-0000-0002-000000000102', '00000000-0000-0000-0000-000000000002', 'STORE', '10') on conflict (id) do update set supply_id = excluded.supply_id, store_id = excluded.store_id, level = excluded.level, minimum_grams = excluded.minimum_grams;
insert into public.stock_minimums (id, supply_id, store_id, level, minimum_grams) values ('3a512c38-a06b-4f21-b9cb-f15b04fb0da8', '00000000-0000-0000-0002-000000000004', '00000000-0000-0000-0000-000000000001', 'STORE', '85') on conflict (id) do update set supply_id = excluded.supply_id, store_id = excluded.store_id, level = excluded.level, minimum_grams = excluded.minimum_grams;
insert into public.stock_minimums (id, supply_id, store_id, level, minimum_grams) values ('3bcff8e2-2e2a-4501-b24e-3381b811edc4', '00000000-0000-0000-0002-000000000009', '00000000-0000-0000-0000-000000000002', 'STORE', '155') on conflict (id) do update set supply_id = excluded.supply_id, store_id = excluded.store_id, level = excluded.level, minimum_grams = excluded.minimum_grams;
insert into public.stock_minimums (id, supply_id, store_id, level, minimum_grams) values ('46f6c1a2-37a2-42d9-8c2d-bfb43157a847', '00000000-0000-0000-0002-000000000021', '00000000-0000-0000-0000-000000000001', 'STORE', '125') on conflict (id) do update set supply_id = excluded.supply_id, store_id = excluded.store_id, level = excluded.level, minimum_grams = excluded.minimum_grams;
insert into public.stock_minimums (id, supply_id, store_id, level, minimum_grams) values ('488ec499-b4da-4dcf-9b7a-2d21c21dfa4a', '00000000-0000-0000-0002-000000000027', '00000000-0000-0000-0000-000000000001', 'STORE', '250') on conflict (id) do update set supply_id = excluded.supply_id, store_id = excluded.store_id, level = excluded.level, minimum_grams = excluded.minimum_grams;
insert into public.stock_minimums (id, supply_id, store_id, level, minimum_grams) values ('48cd7e4c-03b3-4885-97ec-792035034fe5', '00000000-0000-0000-0002-000000000009', '00000000-0000-0000-0000-000000000001', 'STORE', '155') on conflict (id) do update set supply_id = excluded.supply_id, store_id = excluded.store_id, level = excluded.level, minimum_grams = excluded.minimum_grams;
insert into public.stock_minimums (id, supply_id, store_id, level, minimum_grams) values ('4b6012fc-070b-4915-961d-1a095a5cd34e', '00000000-0000-0000-0002-000000000007', '00000000-0000-0000-0000-000000000002', 'STORE', '155') on conflict (id) do update set supply_id = excluded.supply_id, store_id = excluded.store_id, level = excluded.level, minimum_grams = excluded.minimum_grams;
insert into public.stock_minimums (id, supply_id, store_id, level, minimum_grams) values ('62be9690-4b43-4538-9b9f-1f3c7b2f77da', '00000000-0000-0000-0002-000000000027', '00000000-0000-0000-0000-000000000002', 'STORE', '250') on conflict (id) do update set supply_id = excluded.supply_id, store_id = excluded.store_id, level = excluded.level, minimum_grams = excluded.minimum_grams;
insert into public.stock_minimums (id, supply_id, store_id, level, minimum_grams) values ('6fb2d7a7-868c-4bb5-975a-c0af4277845f', '00000000-0000-0000-0002-000000000026', '00000000-0000-0000-0000-000000000001', 'STORE', '250') on conflict (id) do update set supply_id = excluded.supply_id, store_id = excluded.store_id, level = excluded.level, minimum_grams = excluded.minimum_grams;
insert into public.stock_minimums (id, supply_id, store_id, level, minimum_grams) values ('780dd2a0-13e1-4dcf-9b3e-f3bb1008347d', '00000000-0000-0000-0002-000000000005', '00000000-0000-0000-0000-000000000002', 'STORE', '155') on conflict (id) do update set supply_id = excluded.supply_id, store_id = excluded.store_id, level = excluded.level, minimum_grams = excluded.minimum_grams;
insert into public.stock_minimums (id, supply_id, store_id, level, minimum_grams) values ('81425bbc-d61d-4831-9978-d34421263b84', '00000000-0000-0000-0002-000000000028', '00000000-0000-0000-0000-000000000001', 'STORE', '125') on conflict (id) do update set supply_id = excluded.supply_id, store_id = excluded.store_id, level = excluded.level, minimum_grams = excluded.minimum_grams;
insert into public.stock_minimums (id, supply_id, store_id, level, minimum_grams) values ('81c32284-f866-4df0-822e-a0c9bb01ce0f', '00000000-0000-0000-0002-000000000022', '00000000-0000-0000-0000-000000000002', 'STORE', '95') on conflict (id) do update set supply_id = excluded.supply_id, store_id = excluded.store_id, level = excluded.level, minimum_grams = excluded.minimum_grams;
insert into public.stock_minimums (id, supply_id, store_id, level, minimum_grams) values ('81edf5bf-e4bd-4863-ae3c-dea103991634', '00000000-0000-0000-0002-000000000012', '00000000-0000-0000-0000-000000000001', 'STORE', '125') on conflict (id) do update set supply_id = excluded.supply_id, store_id = excluded.store_id, level = excluded.level, minimum_grams = excluded.minimum_grams;
insert into public.stock_minimums (id, supply_id, store_id, level, minimum_grams) values ('830e12e2-e38e-48ff-828d-52b68ddccb66', '00000000-0000-0000-0002-000000000020', '00000000-0000-0000-0000-000000000002', 'STORE', '200') on conflict (id) do update set supply_id = excluded.supply_id, store_id = excluded.store_id, level = excluded.level, minimum_grams = excluded.minimum_grams;
insert into public.stock_minimums (id, supply_id, store_id, level, minimum_grams) values ('83ccee9d-68b3-45b4-aaac-9a19105651e6', '00000000-0000-0000-0002-000000000006', '00000000-0000-0000-0000-000000000001', 'STORE', '135') on conflict (id) do update set supply_id = excluded.supply_id, store_id = excluded.store_id, level = excluded.level, minimum_grams = excluded.minimum_grams;
insert into public.stock_minimums (id, supply_id, store_id, level, minimum_grams) values ('86d64878-fca9-4efe-afee-206252b4c3d5', '00000000-0000-0000-0002-000000000004', '00000000-0000-0000-0000-000000000002', 'STORE', '85') on conflict (id) do update set supply_id = excluded.supply_id, store_id = excluded.store_id, level = excluded.level, minimum_grams = excluded.minimum_grams;
insert into public.stock_minimums (id, supply_id, store_id, level, minimum_grams) values ('87dc5fa5-62b9-48c8-9ee6-ebc471480bd3', '00000000-0000-0000-0002-000000000006', '00000000-0000-0000-0000-000000000002', 'STORE', '135') on conflict (id) do update set supply_id = excluded.supply_id, store_id = excluded.store_id, level = excluded.level, minimum_grams = excluded.minimum_grams;
insert into public.stock_minimums (id, supply_id, store_id, level, minimum_grams) values ('880cf19a-cf6a-4d8d-8123-0ca1c05d05bb', '00000000-0000-0000-0002-000000000025', '00000000-0000-0000-0000-000000000002', 'STORE', '50') on conflict (id) do update set supply_id = excluded.supply_id, store_id = excluded.store_id, level = excluded.level, minimum_grams = excluded.minimum_grams;
insert into public.stock_minimums (id, supply_id, store_id, level, minimum_grams) values ('8fa058a1-3740-40a1-aac1-85032ab03f9d', '00000000-0000-0000-0002-000000000012', '00000000-0000-0000-0000-000000000002', 'STORE', '200') on conflict (id) do update set supply_id = excluded.supply_id, store_id = excluded.store_id, level = excluded.level, minimum_grams = excluded.minimum_grams;
insert into public.stock_minimums (id, supply_id, store_id, level, minimum_grams) values ('a2ecf129-8276-4247-abef-eea021794c40', '00000000-0000-0000-0002-000000000101', '00000000-0000-0000-0000-000000000002', 'STORE', '10') on conflict (id) do update set supply_id = excluded.supply_id, store_id = excluded.store_id, level = excluded.level, minimum_grams = excluded.minimum_grams;
insert into public.stock_minimums (id, supply_id, store_id, level, minimum_grams) values ('a5724194-9830-4c56-a016-923f8d4867a9', '00000000-0000-0000-0002-000000000025', '00000000-0000-0000-0000-000000000001', 'STORE', '50') on conflict (id) do update set supply_id = excluded.supply_id, store_id = excluded.store_id, level = excluded.level, minimum_grams = excluded.minimum_grams;
insert into public.stock_minimums (id, supply_id, store_id, level, minimum_grams) values ('afb2a9c8-ddc8-444c-a603-f5ee0cab7021', '00000000-0000-0000-0002-000000000005', '00000000-0000-0000-0000-000000000001', 'STORE', '155') on conflict (id) do update set supply_id = excluded.supply_id, store_id = excluded.store_id, level = excluded.level, minimum_grams = excluded.minimum_grams;
insert into public.stock_minimums (id, supply_id, store_id, level, minimum_grams) values ('b4770658-cf52-4358-8376-d54c1cf9ef6d', '00000000-0000-0000-0002-000000000024', '00000000-0000-0000-0000-000000000002', 'STORE', '210') on conflict (id) do update set supply_id = excluded.supply_id, store_id = excluded.store_id, level = excluded.level, minimum_grams = excluded.minimum_grams;
insert into public.stock_minimums (id, supply_id, store_id, level, minimum_grams) values ('b6f11d89-7ed9-45ae-b923-8909c6fb948a', '00000000-0000-0000-0002-000000000024', '00000000-0000-0000-0000-000000000001', 'STORE', '210') on conflict (id) do update set supply_id = excluded.supply_id, store_id = excluded.store_id, level = excluded.level, minimum_grams = excluded.minimum_grams;
insert into public.stock_minimums (id, supply_id, store_id, level, minimum_grams) values ('b7f6bf50-18a6-42e7-9510-b75aee418c22', '00000000-0000-0000-0002-000000000017', '00000000-0000-0000-0000-000000000001', 'STORE', '250') on conflict (id) do update set supply_id = excluded.supply_id, store_id = excluded.store_id, level = excluded.level, minimum_grams = excluded.minimum_grams;
insert into public.stock_minimums (id, supply_id, store_id, level, minimum_grams) values ('b94d6410-f763-4cc1-8977-4d2f3c6359aa', '00000000-0000-0000-0002-000000000002', '00000000-0000-0000-0000-000000000001', 'STORE', '195') on conflict (id) do update set supply_id = excluded.supply_id, store_id = excluded.store_id, level = excluded.level, minimum_grams = excluded.minimum_grams;
insert into public.stock_minimums (id, supply_id, store_id, level, minimum_grams) values ('bc4d9064-6b70-4b19-a454-33c86156be32', '00000000-0000-0000-0002-000000000002', '00000000-0000-0000-0000-000000000002', 'STORE', '195') on conflict (id) do update set supply_id = excluded.supply_id, store_id = excluded.store_id, level = excluded.level, minimum_grams = excluded.minimum_grams;
insert into public.stock_minimums (id, supply_id, store_id, level, minimum_grams) values ('bc8a0c6e-b1fc-4608-9883-deea7d4c086a', '00000000-0000-0000-0002-000000000023', '00000000-0000-0000-0000-000000000002', 'STORE', '210') on conflict (id) do update set supply_id = excluded.supply_id, store_id = excluded.store_id, level = excluded.level, minimum_grams = excluded.minimum_grams;
insert into public.stock_minimums (id, supply_id, store_id, level, minimum_grams) values ('bf613393-1936-456f-9118-7b654f04dcbb', 'ba73793e-a989-4726-b2c7-f247d94caf9c', '00000000-0000-0000-0000-000000000001', 'RAW', '900') on conflict (id) do update set supply_id = excluded.supply_id, store_id = excluded.store_id, level = excluded.level, minimum_grams = excluded.minimum_grams;
insert into public.stock_minimums (id, supply_id, store_id, level, minimum_grams) values ('c08d16a6-c139-4c19-a4ef-a5d57b2e1c1e', '00000000-0000-0000-0002-000000000008', '00000000-0000-0000-0000-000000000001', 'STORE', '65') on conflict (id) do update set supply_id = excluded.supply_id, store_id = excluded.store_id, level = excluded.level, minimum_grams = excluded.minimum_grams;
insert into public.stock_minimums (id, supply_id, store_id, level, minimum_grams) values ('c37c88ea-37cf-4123-ac7a-52fcb84e3263', '00000000-0000-0000-0002-000000000013', '00000000-0000-0000-0000-000000000002', 'STORE', '210') on conflict (id) do update set supply_id = excluded.supply_id, store_id = excluded.store_id, level = excluded.level, minimum_grams = excluded.minimum_grams;
insert into public.stock_minimums (id, supply_id, store_id, level, minimum_grams) values ('c521ff86-2f51-4a09-bfec-299baceffe3d', '00000000-0000-0000-0002-000000000026', '00000000-0000-0000-0000-000000000002', 'STORE', '250') on conflict (id) do update set supply_id = excluded.supply_id, store_id = excluded.store_id, level = excluded.level, minimum_grams = excluded.minimum_grams;
insert into public.stock_minimums (id, supply_id, store_id, level, minimum_grams) values ('cda23354-5972-4823-a2f5-b7a3e07bfea7', '00000000-0000-0000-0002-000000000022', '00000000-0000-0000-0000-000000000001', 'STORE', '95') on conflict (id) do update set supply_id = excluded.supply_id, store_id = excluded.store_id, level = excluded.level, minimum_grams = excluded.minimum_grams;
insert into public.stock_minimums (id, supply_id, store_id, level, minimum_grams) values ('e6828944-015c-4ca7-8ce9-304d02e5af85', '00000000-0000-0000-0002-000000000016', '00000000-0000-0000-0000-000000000002', 'STORE', '250') on conflict (id) do update set supply_id = excluded.supply_id, store_id = excluded.store_id, level = excluded.level, minimum_grams = excluded.minimum_grams;
insert into public.stock_minimums (id, supply_id, store_id, level, minimum_grams) values ('ea0e90e4-53f2-4d23-b40f-32b86c3acc6b', '1cbaa319-c5a5-4192-ba1e-585cc2f0f063', '00000000-0000-0000-0000-000000000001', 'RAW', '50000') on conflict (id) do update set supply_id = excluded.supply_id, store_id = excluded.store_id, level = excluded.level, minimum_grams = excluded.minimum_grams;
insert into public.stock_minimums (id, supply_id, store_id, level, minimum_grams) values ('ea433ea0-c477-412f-afdc-8be8f75db87d', '00000000-0000-0000-0002-000000000023', '00000000-0000-0000-0000-000000000001', 'STORE', '210') on conflict (id) do update set supply_id = excluded.supply_id, store_id = excluded.store_id, level = excluded.level, minimum_grams = excluded.minimum_grams;
insert into public.stock_minimums (id, supply_id, store_id, level, minimum_grams) values ('ee111604-3154-4f55-917a-d31834598f7b', '00000000-0000-0000-0002-000000000017', '00000000-0000-0000-0000-000000000002', 'STORE', '250') on conflict (id) do update set supply_id = excluded.supply_id, store_id = excluded.store_id, level = excluded.level, minimum_grams = excluded.minimum_grams;
insert into public.stock_minimums (id, supply_id, store_id, level, minimum_grams) values ('f6aaea3c-0d1b-480f-a2d4-47043a176304', '00000000-0000-0000-0002-000000000003', '00000000-0000-0000-0000-000000000001', 'STORE', '250') on conflict (id) do update set supply_id = excluded.supply_id, store_id = excluded.store_id, level = excluded.level, minimum_grams = excluded.minimum_grams;
insert into public.stock_minimums (id, supply_id, store_id, level, minimum_grams) values ('ffb9908b-67e3-4c01-abe8-eb5a942057ea', '00000000-0000-0000-0002-000000000003', '00000000-0000-0000-0000-000000000002', 'STORE', '250') on conflict (id) do update set supply_id = excluded.supply_id, store_id = excluded.store_id, level = excluded.level, minimum_grams = excluded.minimum_grams;

-- public.purchases (39 rows)
insert into public.purchases (id, supply_id, quantity_grams, price_cop, supplier, payment_method, created_at, store_id) values ('07c24f3e-96bf-4446-81fe-1d5e91df3567', '00000000-0000-0000-0002-000000000018', '1000', '6000', 'Los Paisitas', 'EFECTIVO', '2026-04-04 16:57:25.051906+00', '00000000-0000-0000-0000-000000000001') on conflict (id) do update set supply_id = excluded.supply_id, quantity_grams = excluded.quantity_grams, price_cop = excluded.price_cop, supplier = excluded.supplier, payment_method = excluded.payment_method, created_at = excluded.created_at, store_id = excluded.store_id;
insert into public.purchases (id, supply_id, quantity_grams, price_cop, supplier, payment_method, created_at, store_id) values ('0bee663a-33f0-4896-8ea7-7443b3b158c7', 'd3f2fea7-0329-451f-8a8c-afad0ddc589f', '2000', '30000', 'Food Service', 'EFECTIVO', '2026-04-04 16:20:53.770445+00', '00000000-0000-0000-0000-000000000001') on conflict (id) do update set supply_id = excluded.supply_id, quantity_grams = excluded.quantity_grams, price_cop = excluded.price_cop, supplier = excluded.supplier, payment_method = excluded.payment_method, created_at = excluded.created_at, store_id = excluded.store_id;
insert into public.purchases (id, supply_id, quantity_grams, price_cop, supplier, payment_method, created_at, store_id) values ('0de01734-8998-43cd-bf57-55875c7540cf', '0ec624a8-64c1-4a85-8bf7-cf09e51cd575', '2000', '32000', 'Don Leo', 'EFECTIVO', '2026-04-04 16:44:13.48826+00', '00000000-0000-0000-0000-000000000001') on conflict (id) do update set supply_id = excluded.supply_id, quantity_grams = excluded.quantity_grams, price_cop = excluded.price_cop, supplier = excluded.supplier, payment_method = excluded.payment_method, created_at = excluded.created_at, store_id = excluded.store_id;
insert into public.purchases (id, supply_id, quantity_grams, price_cop, supplier, payment_method, created_at, store_id) values ('16477276-dd51-46f1-abaf-dab6614f45c8', '00000000-0000-0000-0002-000000000004', '25000', '295000', 'FP', 'EFECTIVO', '2026-04-04 19:18:06.725799+00', '00000000-0000-0000-0000-000000000001') on conflict (id) do update set supply_id = excluded.supply_id, quantity_grams = excluded.quantity_grams, price_cop = excluded.price_cop, supplier = excluded.supplier, payment_method = excluded.payment_method, created_at = excluded.created_at, store_id = excluded.store_id;
insert into public.purchases (id, supply_id, quantity_grams, price_cop, supplier, payment_method, created_at, store_id) values ('2ddccca2-65ec-4d1c-8d66-4247dbf418e6', '4d856dfd-08e9-4647-96fd-7f0feabc1d2c', '12500', '84000', 'La alsacia', 'EFECTIVO', '2026-04-04 16:20:34.002191+00', '00000000-0000-0000-0000-000000000001') on conflict (id) do update set supply_id = excluded.supply_id, quantity_grams = excluded.quantity_grams, price_cop = excluded.price_cop, supplier = excluded.supplier, payment_method = excluded.payment_method, created_at = excluded.created_at, store_id = excluded.store_id;
insert into public.purchases (id, supply_id, quantity_grams, price_cop, supplier, payment_method, created_at, store_id) values ('2ef32170-e870-4d40-9bdb-2c5779c69252', '11e5ddd8-74c7-4b88-b755-d46b52dcfb0f', '1000', '20000', 'FP', 'EFECTIVO', '2026-04-04 16:47:49.343377+00', '00000000-0000-0000-0000-000000000001') on conflict (id) do update set supply_id = excluded.supply_id, quantity_grams = excluded.quantity_grams, price_cop = excluded.price_cop, supplier = excluded.supplier, payment_method = excluded.payment_method, created_at = excluded.created_at, store_id = excluded.store_id;
insert into public.purchases (id, supply_id, quantity_grams, price_cop, supplier, payment_method, created_at, store_id) values ('302f7680-0fd0-4746-84aa-0a89dcec7ff4', '00000000-0000-0000-0002-000000000008', '3000', '75000', 'Food Service', 'EFECTIVO', '2026-04-04 16:28:16.508692+00', '00000000-0000-0000-0000-000000000001') on conflict (id) do update set supply_id = excluded.supply_id, quantity_grams = excluded.quantity_grams, price_cop = excluded.price_cop, supplier = excluded.supplier, payment_method = excluded.payment_method, created_at = excluded.created_at, store_id = excluded.store_id;
insert into public.purchases (id, supply_id, quantity_grams, price_cop, supplier, payment_method, created_at, store_id) values ('36307ce3-d320-4179-b057-ea78145544f1', '1a6b3b17-f236-41e5-a68b-04723b128707', '1000000000', '1', 'Dios', 'EFECTIVO', '2026-04-04 17:04:28.642318+00', '00000000-0000-0000-0000-000000000001') on conflict (id) do update set supply_id = excluded.supply_id, quantity_grams = excluded.quantity_grams, price_cop = excluded.price_cop, supplier = excluded.supplier, payment_method = excluded.payment_method, created_at = excluded.created_at, store_id = excluded.store_id;
insert into public.purchases (id, supply_id, quantity_grams, price_cop, supplier, payment_method, created_at, store_id) values ('39409b11-e872-495f-a374-7177408b4047', 'd800fd0e-8ff6-492a-b079-1653561402b1', '3000', '40000', 'Food Service', 'EFECTIVO', '2026-04-04 16:49:07.554675+00', '00000000-0000-0000-0000-000000000001') on conflict (id) do update set supply_id = excluded.supply_id, quantity_grams = excluded.quantity_grams, price_cop = excluded.price_cop, supplier = excluded.supplier, payment_method = excluded.payment_method, created_at = excluded.created_at, store_id = excluded.store_id;
insert into public.purchases (id, supply_id, quantity_grams, price_cop, supplier, payment_method, created_at, store_id) values ('3b83197f-4b81-497b-98d4-fb9601865b4b', 'cbdf43be-ddd2-4a6f-9f4f-91dd454b976f', '500', '55000', 'Food Service', 'EFECTIVO', '2026-04-04 16:31:49.695149+00', '00000000-0000-0000-0000-000000000001') on conflict (id) do update set supply_id = excluded.supply_id, quantity_grams = excluded.quantity_grams, price_cop = excluded.price_cop, supplier = excluded.supplier, payment_method = excluded.payment_method, created_at = excluded.created_at, store_id = excluded.store_id;
insert into public.purchases (id, supply_id, quantity_grams, price_cop, supplier, payment_method, created_at, store_id) values ('3cfb5e10-294c-4a02-8466-4fb4bf17db08', '1cbaa319-c5a5-4192-ba1e-585cc2f0f063', '100000', '240000', 'La alsacia', 'EFECTIVO', '2026-04-04 16:18:47.96827+00', '00000000-0000-0000-0000-000000000001') on conflict (id) do update set supply_id = excluded.supply_id, quantity_grams = excluded.quantity_grams, price_cop = excluded.price_cop, supplier = excluded.supplier, payment_method = excluded.payment_method, created_at = excluded.created_at, store_id = excluded.store_id;
insert into public.purchases (id, supply_id, quantity_grams, price_cop, supplier, payment_method, created_at, store_id) values ('424f8e57-7df3-4a37-a4cd-a6a0021e70c0', 'b70d95f0-8ac8-4708-a9cf-b2ec39f52151', '12500', '295000', 'FP', 'EFECTIVO', '2026-04-04 16:51:09.691457+00', '00000000-0000-0000-0000-000000000001') on conflict (id) do update set supply_id = excluded.supply_id, quantity_grams = excluded.quantity_grams, price_cop = excluded.price_cop, supplier = excluded.supplier, payment_method = excluded.payment_method, created_at = excluded.created_at, store_id = excluded.store_id;
insert into public.purchases (id, supply_id, quantity_grams, price_cop, supplier, payment_method, created_at, store_id) values ('57b4bb2d-7613-473f-88e2-98e570d1208a', 'ad40382d-dd1a-41be-9f44-f3c4e8fafbe4', '3000', '6000', 'Caribe', 'EFECTIVO', '2026-04-04 17:13:55.681913+00', '00000000-0000-0000-0000-000000000001') on conflict (id) do update set supply_id = excluded.supply_id, quantity_grams = excluded.quantity_grams, price_cop = excluded.price_cop, supplier = excluded.supplier, payment_method = excluded.payment_method, created_at = excluded.created_at, store_id = excluded.store_id;
insert into public.purchases (id, supply_id, quantity_grams, price_cop, supplier, payment_method, created_at, store_id) values ('68e6702c-ad24-4c9f-9685-dc76401a679e', '00000000-0000-0000-0002-000000000014', '1000', '8000', 'Los Paisitas', 'EFECTIVO', '2026-04-04 16:58:57.074299+00', '00000000-0000-0000-0000-000000000001') on conflict (id) do update set supply_id = excluded.supply_id, quantity_grams = excluded.quantity_grams, price_cop = excluded.price_cop, supplier = excluded.supplier, payment_method = excluded.payment_method, created_at = excluded.created_at, store_id = excluded.store_id;
insert into public.purchases (id, supply_id, quantity_grams, price_cop, supplier, payment_method, created_at, store_id) values ('6ccc0028-a2de-49c3-a36f-1e6535bf97cf', '3b2d0cec-d1e9-40bf-a0eb-cd9321efbbf3', '500', '6000', 'Food Service', 'EFECTIVO', '2026-04-04 16:28:55.427932+00', '00000000-0000-0000-0000-000000000001') on conflict (id) do update set supply_id = excluded.supply_id, quantity_grams = excluded.quantity_grams, price_cop = excluded.price_cop, supplier = excluded.supplier, payment_method = excluded.payment_method, created_at = excluded.created_at, store_id = excluded.store_id;
insert into public.purchases (id, supply_id, quantity_grams, price_cop, supplier, payment_method, created_at, store_id) values ('781ca61d-ed01-430b-a427-da5a8bbd45a0', 'cf7a5f14-c749-483c-8d12-009505d91ea0', '500', '7000', 'Food Service', 'EFECTIVO', '2026-04-04 16:32:16.160573+00', '00000000-0000-0000-0000-000000000001') on conflict (id) do update set supply_id = excluded.supply_id, quantity_grams = excluded.quantity_grams, price_cop = excluded.price_cop, supplier = excluded.supplier, payment_method = excluded.payment_method, created_at = excluded.created_at, store_id = excluded.store_id;
insert into public.purchases (id, supply_id, quantity_grams, price_cop, supplier, payment_method, created_at, store_id) values ('8b63939f-a565-4fd3-ba9a-fca033acb32a', '00000000-0000-0000-0002-000000000002', '25000', '591600', 'Lacteos Santamaria', 'EFECTIVO', '2026-04-04 16:24:50.107793+00', '00000000-0000-0000-0000-000000000001') on conflict (id) do update set supply_id = excluded.supply_id, quantity_grams = excluded.quantity_grams, price_cop = excluded.price_cop, supplier = excluded.supplier, payment_method = excluded.payment_method, created_at = excluded.created_at, store_id = excluded.store_id;
insert into public.purchases (id, supply_id, quantity_grams, price_cop, supplier, payment_method, created_at, store_id) values ('8c626d2f-f71a-4577-aea1-d091552ca681', 'ba73793e-a989-4726-b2c7-f247d94caf9c', '1000', '40000', 'FP', 'EFECTIVO', '2026-04-04 16:57:45.571814+00', '00000000-0000-0000-0000-000000000001') on conflict (id) do update set supply_id = excluded.supply_id, quantity_grams = excluded.quantity_grams, price_cop = excluded.price_cop, supplier = excluded.supplier, payment_method = excluded.payment_method, created_at = excluded.created_at, store_id = excluded.store_id;
insert into public.purchases (id, supply_id, quantity_grams, price_cop, supplier, payment_method, created_at, store_id) values ('8f52d824-67b9-48e7-b4c3-cd29da98bf3b', '1cbaa319-c5a5-4192-ba1e-585cc2f0f063', '50000', '120000', 'La alsacia', 'EFECTIVO', '2026-04-04 17:00:20.772789+00', '00000000-0000-0000-0000-000000000001') on conflict (id) do update set supply_id = excluded.supply_id, quantity_grams = excluded.quantity_grams, price_cop = excluded.price_cop, supplier = excluded.supplier, payment_method = excluded.payment_method, created_at = excluded.created_at, store_id = excluded.store_id;
insert into public.purchases (id, supply_id, quantity_grams, price_cop, supplier, payment_method, created_at, store_id) values ('907edc5c-0cec-4034-bf7a-9fa9ec14f24b', '00000000-0000-0000-0002-000000000020', '1000', '5000', 'E2E_INV_20260516', 'EFECTIVO', '2026-05-16 22:17:47.166602+00', '00000000-0000-0000-0000-000000000001') on conflict (id) do update set supply_id = excluded.supply_id, quantity_grams = excluded.quantity_grams, price_cop = excluded.price_cop, supplier = excluded.supplier, payment_method = excluded.payment_method, created_at = excluded.created_at, store_id = excluded.store_id;
insert into public.purchases (id, supply_id, quantity_grams, price_cop, supplier, payment_method, created_at, store_id) values ('90f4a317-78a0-40b8-b157-be271f8a4cc3', 'fd9715d4-ff47-4487-b701-3bb364ea59b4', '1200', '16000', 'Tienda', 'EFECTIVO', '2026-04-04 16:38:09.532111+00', '00000000-0000-0000-0000-000000000001') on conflict (id) do update set supply_id = excluded.supply_id, quantity_grams = excluded.quantity_grams, price_cop = excluded.price_cop, supplier = excluded.supplier, payment_method = excluded.payment_method, created_at = excluded.created_at, store_id = excluded.store_id;
insert into public.purchases (id, supply_id, quantity_grams, price_cop, supplier, payment_method, created_at, store_id) values ('910feb3a-3a7d-4a0c-abff-27b4822d8977', 'c518c764-5bad-4191-9034-553ee6c1f94e', '1000', '8000', 'Los Paisitas', 'EFECTIVO', '2026-04-04 16:46:05.554321+00', '00000000-0000-0000-0000-000000000001') on conflict (id) do update set supply_id = excluded.supply_id, quantity_grams = excluded.quantity_grams, price_cop = excluded.price_cop, supplier = excluded.supplier, payment_method = excluded.payment_method, created_at = excluded.created_at, store_id = excluded.store_id;
insert into public.purchases (id, supply_id, quantity_grams, price_cop, supplier, payment_method, created_at, store_id) values ('92d2a9eb-f564-4ebc-950a-fce2f73c9ccc', '525551ba-b9ba-48c5-938c-8c64bb8f741c', '12500', '28500', 'La alsacia', 'EFECTIVO', '2026-04-04 16:20:03.969122+00', '00000000-0000-0000-0000-000000000001') on conflict (id) do update set supply_id = excluded.supply_id, quantity_grams = excluded.quantity_grams, price_cop = excluded.price_cop, supplier = excluded.supplier, payment_method = excluded.payment_method, created_at = excluded.created_at, store_id = excluded.store_id;
insert into public.purchases (id, supply_id, quantity_grams, price_cop, supplier, payment_method, created_at, store_id) values ('95d72e76-80ed-4d98-ad36-9e21bc17518c', '00000000-0000-0000-0002-000000000014', '1000', '8500', 'Los Paisitas', 'EFECTIVO', '2026-04-04 16:47:19.539244+00', '00000000-0000-0000-0000-000000000001') on conflict (id) do update set supply_id = excluded.supply_id, quantity_grams = excluded.quantity_grams, price_cop = excluded.price_cop, supplier = excluded.supplier, payment_method = excluded.payment_method, created_at = excluded.created_at, store_id = excluded.store_id;
insert into public.purchases (id, supply_id, quantity_grams, price_cop, supplier, payment_method, created_at, store_id) values ('994362ff-ec50-41e4-b281-afe5589f1663', '00000000-0000-0000-0002-000000000011', '400', '11000', 'Los Paisitas', 'EFECTIVO', '2026-04-04 16:41:33.518436+00', '00000000-0000-0000-0000-000000000001') on conflict (id) do update set supply_id = excluded.supply_id, quantity_grams = excluded.quantity_grams, price_cop = excluded.price_cop, supplier = excluded.supplier, payment_method = excluded.payment_method, created_at = excluded.created_at, store_id = excluded.store_id;
insert into public.purchases (id, supply_id, quantity_grams, price_cop, supplier, payment_method, created_at, store_id) values ('aaf6c084-9b0c-41ca-a532-5698669aad7d', '00000000-0000-0000-0002-000000000020', '1000', '7500', 'FP', 'EFECTIVO', '2026-04-04 16:44:47.370268+00', '00000000-0000-0000-0000-000000000001') on conflict (id) do update set supply_id = excluded.supply_id, quantity_grams = excluded.quantity_grams, price_cop = excluded.price_cop, supplier = excluded.supplier, payment_method = excluded.payment_method, created_at = excluded.created_at, store_id = excluded.store_id;
insert into public.purchases (id, supply_id, quantity_grams, price_cop, supplier, payment_method, created_at, store_id) values ('b293f723-481c-4554-bce4-617bff6b0d31', 'aced04f8-c5c9-404e-92ac-ad64f54d4e31', '500', '7000', 'Los Paisitas', 'EFECTIVO', '2026-04-04 16:56:08.508618+00', '00000000-0000-0000-0000-000000000001') on conflict (id) do update set supply_id = excluded.supply_id, quantity_grams = excluded.quantity_grams, price_cop = excluded.price_cop, supplier = excluded.supplier, payment_method = excluded.payment_method, created_at = excluded.created_at, store_id = excluded.store_id;
insert into public.purchases (id, supply_id, quantity_grams, price_cop, supplier, payment_method, created_at, store_id) values ('bcfc5fdb-2d24-4f7a-a9f6-f3ce8f52cb16', '5d2677b5-fe18-4aa3-acf1-5422f5b5df98', '2000', '12000', 'Los Paisitas', 'EFECTIVO', '2026-04-04 16:54:59.683974+00', '00000000-0000-0000-0000-000000000001') on conflict (id) do update set supply_id = excluded.supply_id, quantity_grams = excluded.quantity_grams, price_cop = excluded.price_cop, supplier = excluded.supplier, payment_method = excluded.payment_method, created_at = excluded.created_at, store_id = excluded.store_id;
insert into public.purchases (id, supply_id, quantity_grams, price_cop, supplier, payment_method, created_at, store_id) values ('ca01eb0b-ab7f-4a26-9161-cfc88799b071', '412b4d45-da60-43b5-8ce3-b70d2553bac8', '30000', '104000', 'Roque', 'EFECTIVO', '2026-04-04 16:27:03.67148+00', '00000000-0000-0000-0000-000000000001') on conflict (id) do update set supply_id = excluded.supply_id, quantity_grams = excluded.quantity_grams, price_cop = excluded.price_cop, supplier = excluded.supplier, payment_method = excluded.payment_method, created_at = excluded.created_at, store_id = excluded.store_id;
insert into public.purchases (id, supply_id, quantity_grams, price_cop, supplier, payment_method, created_at, store_id) values ('cfba78a0-c4fc-413c-9c65-68605cc3e5db', 'b3bd4c74-552a-4125-a9d0-e69768d3c78d', '200', '4000', 'Los Paisitas', 'EFECTIVO', '2026-04-04 16:58:11.993805+00', '00000000-0000-0000-0000-000000000001') on conflict (id) do update set supply_id = excluded.supply_id, quantity_grams = excluded.quantity_grams, price_cop = excluded.price_cop, supplier = excluded.supplier, payment_method = excluded.payment_method, created_at = excluded.created_at, store_id = excluded.store_id;
insert into public.purchases (id, supply_id, quantity_grams, price_cop, supplier, payment_method, created_at, store_id) values ('d6a20b30-7ea7-4042-ba5f-3412d4ede772', 'd763b5ad-0cfa-4f8f-9d69-0be8273c9827', '500', '9000', 'Food Service', 'EFECTIVO', '2026-04-04 16:32:33.951442+00', '00000000-0000-0000-0000-000000000001') on conflict (id) do update set supply_id = excluded.supply_id, quantity_grams = excluded.quantity_grams, price_cop = excluded.price_cop, supplier = excluded.supplier, payment_method = excluded.payment_method, created_at = excluded.created_at, store_id = excluded.store_id;
insert into public.purchases (id, supply_id, quantity_grams, price_cop, supplier, payment_method, created_at, store_id) values ('d729bfeb-307f-4716-b5dc-06005a19e35e', 'cb5ce078-facc-41e6-b197-2e8bac8895e6', '2500', '82000', 'Fricar', 'EFECTIVO', '2026-04-04 16:52:32.287569+00', '00000000-0000-0000-0000-000000000001') on conflict (id) do update set supply_id = excluded.supply_id, quantity_grams = excluded.quantity_grams, price_cop = excluded.price_cop, supplier = excluded.supplier, payment_method = excluded.payment_method, created_at = excluded.created_at, store_id = excluded.store_id;
insert into public.purchases (id, supply_id, quantity_grams, price_cop, supplier, payment_method, created_at, store_id) values ('de57eeed-b324-4e14-b17e-108bb8fe6887', '00000000-0000-0000-0002-000000000010', '60000', '80000', 'Galeria', 'EFECTIVO', '2026-04-04 16:25:16.752875+00', '00000000-0000-0000-0000-000000000001') on conflict (id) do update set supply_id = excluded.supply_id, quantity_grams = excluded.quantity_grams, price_cop = excluded.price_cop, supplier = excluded.supplier, payment_method = excluded.payment_method, created_at = excluded.created_at, store_id = excluded.store_id;
insert into public.purchases (id, supply_id, quantity_grams, price_cop, supplier, payment_method, created_at, store_id) values ('e7280750-cf53-4479-84e2-4a45d8ed77e1', '0a0e65d1-0953-4d4c-8925-343aedf4344b', '3000', '28000', 'La alsacia', 'EFECTIVO', '2026-04-04 16:19:27.9482+00', '00000000-0000-0000-0000-000000000001') on conflict (id) do update set supply_id = excluded.supply_id, quantity_grams = excluded.quantity_grams, price_cop = excluded.price_cop, supplier = excluded.supplier, payment_method = excluded.payment_method, created_at = excluded.created_at, store_id = excluded.store_id;
insert into public.purchases (id, supply_id, quantity_grams, price_cop, supplier, payment_method, created_at, store_id) values ('ed117fe8-1657-414c-ac69-ad1e944d9cfc', '58c76ada-92f6-4f7c-aa3c-25b62e5fa1f7', '7200', '50000', 'Don Henry', 'EFECTIVO', '2026-04-04 16:23:00.957006+00', '00000000-0000-0000-0000-000000000001') on conflict (id) do update set supply_id = excluded.supply_id, quantity_grams = excluded.quantity_grams, price_cop = excluded.price_cop, supplier = excluded.supplier, payment_method = excluded.payment_method, created_at = excluded.created_at, store_id = excluded.store_id;
insert into public.purchases (id, supply_id, quantity_grams, price_cop, supplier, payment_method, created_at, store_id) values ('eede2db5-84da-46c1-b9f0-28d50997ceb9', 'b475ffe0-b349-4406-a725-a9beac7ea744', '2000', '20000', 'Food Service', 'EFECTIVO', '2026-04-04 16:30:58.467889+00', '00000000-0000-0000-0000-000000000001') on conflict (id) do update set supply_id = excluded.supply_id, quantity_grams = excluded.quantity_grams, price_cop = excluded.price_cop, supplier = excluded.supplier, payment_method = excluded.payment_method, created_at = excluded.created_at, store_id = excluded.store_id;
insert into public.purchases (id, supply_id, quantity_grams, price_cop, supplier, payment_method, created_at, store_id) values ('f38b0a1e-9222-4bb2-a7bc-c9acd1a0c4ab', 'f2bed48f-6e14-4fab-b832-28c49a7ca083', '1000', '57000', 'La alsacia', 'EFECTIVO', '2026-04-04 16:29:19.713522+00', '00000000-0000-0000-0000-000000000001') on conflict (id) do update set supply_id = excluded.supply_id, quantity_grams = excluded.quantity_grams, price_cop = excluded.price_cop, supplier = excluded.supplier, payment_method = excluded.payment_method, created_at = excluded.created_at, store_id = excluded.store_id;
insert into public.purchases (id, supply_id, quantity_grams, price_cop, supplier, payment_method, created_at, store_id) values ('fafbb39b-21bc-4d38-8eeb-edb4d09d162b', '607b040e-f1a0-40da-ade8-396995b2d44b', '2600', '42000', 'Distribuidora La Dalia', 'EFECTIVO', '2026-04-04 16:54:28.776254+00', '00000000-0000-0000-0000-000000000001') on conflict (id) do update set supply_id = excluded.supply_id, quantity_grams = excluded.quantity_grams, price_cop = excluded.price_cop, supplier = excluded.supplier, payment_method = excluded.payment_method, created_at = excluded.created_at, store_id = excluded.store_id;
insert into public.purchases (id, supply_id, quantity_grams, price_cop, supplier, payment_method, created_at, store_id) values ('fef2006f-65af-475e-bd61-3cb299746e90', '0802b030-623c-4b34-95ad-a33f6f31a8d0', '650', '12000', 'FP', 'EFECTIVO', '2026-04-04 16:33:19.276544+00', '00000000-0000-0000-0000-000000000001') on conflict (id) do update set supply_id = excluded.supply_id, quantity_grams = excluded.quantity_grams, price_cop = excluded.price_cop, supplier = excluded.supplier, payment_method = excluded.payment_method, created_at = excluded.created_at, store_id = excluded.store_id;

-- public.transfers (4 rows)
insert into public.transfers (id, from_store_id, to_store_id, status, order_date, shipping_date, created_at, received_at) values ('0c6bb132-5256-4594-98ed-44bc9d96e072', '00000000-0000-0000-0000-000000000001', '00000000-0000-0000-0000-000000000002', 'CANCELLED', '2026-04-04', NULL, '2026-04-04 20:50:40.226216+00', NULL) on conflict (id) do update set from_store_id = excluded.from_store_id, to_store_id = excluded.to_store_id, status = excluded.status, order_date = excluded.order_date, shipping_date = excluded.shipping_date, created_at = excluded.created_at, received_at = excluded.received_at;
insert into public.transfers (id, from_store_id, to_store_id, status, order_date, shipping_date, created_at, received_at) values ('1fec6b88-44c4-44ce-a957-9fced7af3e71', '00000000-0000-0000-0000-000000000001', '00000000-0000-0000-0000-000000000002', 'RECEIVED', '2026-04-04', NULL, '2026-04-04 20:51:08.411344+00', NULL) on conflict (id) do update set from_store_id = excluded.from_store_id, to_store_id = excluded.to_store_id, status = excluded.status, order_date = excluded.order_date, shipping_date = excluded.shipping_date, created_at = excluded.created_at, received_at = excluded.received_at;
insert into public.transfers (id, from_store_id, to_store_id, status, order_date, shipping_date, created_at, received_at) values ('4028dc2f-5466-4fb3-a7a6-351b448de805', '00000000-0000-0000-0000-000000000001', '00000000-0000-0000-0000-000000000002', 'RECEIVED', '2026-05-16', '2026-05-16', '2026-05-16 22:20:50.259785+00', '2026-05-16 22:22:44.589+00') on conflict (id) do update set from_store_id = excluded.from_store_id, to_store_id = excluded.to_store_id, status = excluded.status, order_date = excluded.order_date, shipping_date = excluded.shipping_date, created_at = excluded.created_at, received_at = excluded.received_at;
insert into public.transfers (id, from_store_id, to_store_id, status, order_date, shipping_date, created_at, received_at) values ('7c1a99cf-c0a8-4d12-a785-f59b43226431', '00000000-0000-0000-0000-000000000001', '00000000-0000-0000-0000-000000000002', 'CANCELLED', '2026-05-16', NULL, '2026-05-16 22:50:17.290258+00', NULL) on conflict (id) do update set from_store_id = excluded.from_store_id, to_store_id = excluded.to_store_id, status = excluded.status, order_date = excluded.order_date, shipping_date = excluded.shipping_date, created_at = excluded.created_at, received_at = excluded.received_at;

-- public.transfer_items (35 rows)
insert into public.transfer_items (id, transfer_id, supply_id, target_grams, current_inventory_grams, bags_to_send) values ('089c4f58-d0f3-4f5f-8594-6eba5557c2f5', '4028dc2f-5466-4fb3-a7a6-351b448de805', '359d23ef-0eeb-4f2f-a4b6-7190de90728a', '1000', '-90', '2') on conflict (id) do update set transfer_id = excluded.transfer_id, supply_id = excluded.supply_id, target_grams = excluded.target_grams, current_inventory_grams = excluded.current_inventory_grams, bags_to_send = excluded.bags_to_send;
insert into public.transfer_items (id, transfer_id, supply_id, target_grams, current_inventory_grams, bags_to_send) values ('0a81f613-a83b-44cc-96f8-b8704cdc7f8d', '4028dc2f-5466-4fb3-a7a6-351b448de805', 'a8d18486-d904-4045-89c0-fd90038c1fb9', '3752', '-2262', '45') on conflict (id) do update set transfer_id = excluded.transfer_id, supply_id = excluded.supply_id, target_grams = excluded.target_grams, current_inventory_grams = excluded.current_inventory_grams, bags_to_send = excluded.bags_to_send;
insert into public.transfer_items (id, transfer_id, supply_id, target_grams, current_inventory_grams, bags_to_send) values ('0ca296ea-2ff8-4c66-9742-d657bf2886ac', '7c1a99cf-c0a8-4d12-a785-f59b43226431', 'e30a1dd4-4358-4b9d-ab4c-7db3c3dbc1c7', '310', '210', '1') on conflict (id) do update set transfer_id = excluded.transfer_id, supply_id = excluded.supply_id, target_grams = excluded.target_grams, current_inventory_grams = excluded.current_inventory_grams, bags_to_send = excluded.bags_to_send;
insert into public.transfer_items (id, transfer_id, supply_id, target_grams, current_inventory_grams, bags_to_send) values ('0fb6415b-1a61-4915-9c0e-e6418fe9fa9f', '4028dc2f-5466-4fb3-a7a6-351b448de805', '00000000-0000-0000-0002-000000000013', '600', '174.9', '1') on conflict (id) do update set transfer_id = excluded.transfer_id, supply_id = excluded.supply_id, target_grams = excluded.target_grams, current_inventory_grams = excluded.current_inventory_grams, bags_to_send = excluded.bags_to_send;
insert into public.transfer_items (id, transfer_id, supply_id, target_grams, current_inventory_grams, bags_to_send) values ('1295f573-b107-4119-8e2b-da059e799524', '4028dc2f-5466-4fb3-a7a6-351b448de805', '00000000-0000-0000-0002-000000000007', '1000', '-469.5', '12') on conflict (id) do update set transfer_id = excluded.transfer_id, supply_id = excluded.supply_id, target_grams = excluded.target_grams, current_inventory_grams = excluded.current_inventory_grams, bags_to_send = excluded.bags_to_send;
insert into public.transfer_items (id, transfer_id, supply_id, target_grams, current_inventory_grams, bags_to_send) values ('149c9f17-29e8-4a3f-8324-2bdf12ee4180', '4028dc2f-5466-4fb3-a7a6-351b448de805', '00000000-0000-0000-0002-000000000009', '625', '-62.8', '6') on conflict (id) do update set transfer_id = excluded.transfer_id, supply_id = excluded.supply_id, target_grams = excluded.target_grams, current_inventory_grams = excluded.current_inventory_grams, bags_to_send = excluded.bags_to_send;
insert into public.transfer_items (id, transfer_id, supply_id, target_grams, current_inventory_grams, bags_to_send) values ('18fc8611-6af2-4756-9cd2-af9d1963ee9d', '1fec6b88-44c4-44ce-a957-9fced7af3e71', '00000000-0000-0000-0002-000000000017', '600', '0', '1') on conflict (id) do update set transfer_id = excluded.transfer_id, supply_id = excluded.supply_id, target_grams = excluded.target_grams, current_inventory_grams = excluded.current_inventory_grams, bags_to_send = excluded.bags_to_send;
insert into public.transfer_items (id, transfer_id, supply_id, target_grams, current_inventory_grams, bags_to_send) values ('24e18cb9-cbf9-4918-b1ae-17ee741018f4', '1fec6b88-44c4-44ce-a957-9fced7af3e71', '00000000-0000-0000-0002-000000000012', '400', '0', '2') on conflict (id) do update set transfer_id = excluded.transfer_id, supply_id = excluded.supply_id, target_grams = excluded.target_grams, current_inventory_grams = excluded.current_inventory_grams, bags_to_send = excluded.bags_to_send;
insert into public.transfer_items (id, transfer_id, supply_id, target_grams, current_inventory_grams, bags_to_send) values ('2551b55a-5969-49b5-8768-6dec4c635256', '1fec6b88-44c4-44ce-a957-9fced7af3e71', 'a8d18486-d904-4045-89c0-fd90038c1fb9', '1474', '0', '11') on conflict (id) do update set transfer_id = excluded.transfer_id, supply_id = excluded.supply_id, target_grams = excluded.target_grams, current_inventory_grams = excluded.current_inventory_grams, bags_to_send = excluded.bags_to_send;
insert into public.transfer_items (id, transfer_id, supply_id, target_grams, current_inventory_grams, bags_to_send) values ('2b6ab524-22e6-4a4b-99f6-09507245db93', '4028dc2f-5466-4fb3-a7a6-351b448de805', '00000000-0000-0000-0002-000000000019', '200', '-15', '2') on conflict (id) do update set transfer_id = excluded.transfer_id, supply_id = excluded.supply_id, target_grams = excluded.target_grams, current_inventory_grams = excluded.current_inventory_grams, bags_to_send = excluded.bags_to_send;
insert into public.transfer_items (id, transfer_id, supply_id, target_grams, current_inventory_grams, bags_to_send) values ('346ab975-9d6d-4d04-9895-d5546987d6a4', '4028dc2f-5466-4fb3-a7a6-351b448de805', 'ba403d20-2f69-4f04-9fa6-ca8a240bf75b', '400', '-60', '3') on conflict (id) do update set transfer_id = excluded.transfer_id, supply_id = excluded.supply_id, target_grams = excluded.target_grams, current_inventory_grams = excluded.current_inventory_grams, bags_to_send = excluded.bags_to_send;
insert into public.transfer_items (id, transfer_id, supply_id, target_grams, current_inventory_grams, bags_to_send) values ('3b61c247-ada0-4682-bf0b-51ca6de0ca54', '1fec6b88-44c4-44ce-a957-9fced7af3e71', '00000000-0000-0000-0002-000000000013', '600', '0', '1') on conflict (id) do update set transfer_id = excluded.transfer_id, supply_id = excluded.supply_id, target_grams = excluded.target_grams, current_inventory_grams = excluded.current_inventory_grams, bags_to_send = excluded.bags_to_send;
insert into public.transfer_items (id, transfer_id, supply_id, target_grams, current_inventory_grams, bags_to_send) values ('3d175593-d135-4f71-921e-a871b116ac71', '4028dc2f-5466-4fb3-a7a6-351b448de805', '00000000-0000-0000-0002-000000000017', '600', '150', '1') on conflict (id) do update set transfer_id = excluded.transfer_id, supply_id = excluded.supply_id, target_grams = excluded.target_grams, current_inventory_grams = excluded.current_inventory_grams, bags_to_send = excluded.bags_to_send;
insert into public.transfer_items (id, transfer_id, supply_id, target_grams, current_inventory_grams, bags_to_send) values ('40646727-0329-4736-a836-c70694995999', '1fec6b88-44c4-44ce-a957-9fced7af3e71', 'a594e8d0-67f2-481c-acc4-f093c74e28ad', '2000', '0', '2') on conflict (id) do update set transfer_id = excluded.transfer_id, supply_id = excluded.supply_id, target_grams = excluded.target_grams, current_inventory_grams = excluded.current_inventory_grams, bags_to_send = excluded.bags_to_send;
insert into public.transfer_items (id, transfer_id, supply_id, target_grams, current_inventory_grams, bags_to_send) values ('437381d0-292d-455b-aa7f-6fa5abb948bb', '1fec6b88-44c4-44ce-a957-9fced7af3e71', '00000000-0000-0000-0002-000000000009', '625', '0', '5') on conflict (id) do update set transfer_id = excluded.transfer_id, supply_id = excluded.supply_id, target_grams = excluded.target_grams, current_inventory_grams = excluded.current_inventory_grams, bags_to_send = excluded.bags_to_send;
insert into public.transfer_items (id, transfer_id, supply_id, target_grams, current_inventory_grams, bags_to_send) values ('5b765b78-1ea5-4e33-8ab3-8bd56f1106f6', '4028dc2f-5466-4fb3-a7a6-351b448de805', 'd68a18c3-79d6-48e1-b06b-81f6b2743cab', '2000', '-400', '3') on conflict (id) do update set transfer_id = excluded.transfer_id, supply_id = excluded.supply_id, target_grams = excluded.target_grams, current_inventory_grams = excluded.current_inventory_grams, bags_to_send = excluded.bags_to_send;
insert into public.transfer_items (id, transfer_id, supply_id, target_grams, current_inventory_grams, bags_to_send) values ('64847acc-2f1c-4387-b4a4-823b3ab7b7c6', '4028dc2f-5466-4fb3-a7a6-351b448de805', '82fa538f-9a96-46ee-8272-553ab1158b15', '1000', '-30', '2') on conflict (id) do update set transfer_id = excluded.transfer_id, supply_id = excluded.supply_id, target_grams = excluded.target_grams, current_inventory_grams = excluded.current_inventory_grams, bags_to_send = excluded.bags_to_send;
insert into public.transfer_items (id, transfer_id, supply_id, target_grams, current_inventory_grams, bags_to_send) values ('6b4bbec3-0e58-42f8-8b99-223c2a75465c', '1fec6b88-44c4-44ce-a957-9fced7af3e71', '37850381-d932-4188-9f63-fad110bd8628', '200', '0', '4') on conflict (id) do update set transfer_id = excluded.transfer_id, supply_id = excluded.supply_id, target_grams = excluded.target_grams, current_inventory_grams = excluded.current_inventory_grams, bags_to_send = excluded.bags_to_send;
insert into public.transfer_items (id, transfer_id, supply_id, target_grams, current_inventory_grams, bags_to_send) values ('704a602b-84fe-4c4a-ab1d-0449409c8cfd', '1fec6b88-44c4-44ce-a957-9fced7af3e71', 'ba403d20-2f69-4f04-9fa6-ca8a240bf75b', '200', '0', '1') on conflict (id) do update set transfer_id = excluded.transfer_id, supply_id = excluded.supply_id, target_grams = excluded.target_grams, current_inventory_grams = excluded.current_inventory_grams, bags_to_send = excluded.bags_to_send;
insert into public.transfer_items (id, transfer_id, supply_id, target_grams, current_inventory_grams, bags_to_send) values ('705ef8b0-9040-4e50-9aa9-ba78e4671387', '1fec6b88-44c4-44ce-a957-9fced7af3e71', '00000000-0000-0000-0002-000000000007', '500', '0', '4') on conflict (id) do update set transfer_id = excluded.transfer_id, supply_id = excluded.supply_id, target_grams = excluded.target_grams, current_inventory_grams = excluded.current_inventory_grams, bags_to_send = excluded.bags_to_send;
insert into public.transfer_items (id, transfer_id, supply_id, target_grams, current_inventory_grams, bags_to_send) values ('9324f4c6-5b24-4457-b00b-69ff5d4e0764', '1fec6b88-44c4-44ce-a957-9fced7af3e71', '00000000-0000-0000-0002-000000000001', '10200', '0', '17') on conflict (id) do update set transfer_id = excluded.transfer_id, supply_id = excluded.supply_id, target_grams = excluded.target_grams, current_inventory_grams = excluded.current_inventory_grams, bags_to_send = excluded.bags_to_send;
insert into public.transfer_items (id, transfer_id, supply_id, target_grams, current_inventory_grams, bags_to_send) values ('9b6e0faf-236d-43fe-99c8-0a6e1d2adb9b', '1fec6b88-44c4-44ce-a957-9fced7af3e71', '00000000-0000-0000-0002-000000000005', '500', '0', '4') on conflict (id) do update set transfer_id = excluded.transfer_id, supply_id = excluded.supply_id, target_grams = excluded.target_grams, current_inventory_grams = excluded.current_inventory_grams, bags_to_send = excluded.bags_to_send;
insert into public.transfer_items (id, transfer_id, supply_id, target_grams, current_inventory_grams, bags_to_send) values ('9d0c69b8-574c-4d3b-b550-96af1adf05ef', '1fec6b88-44c4-44ce-a957-9fced7af3e71', '82fa538f-9a96-46ee-8272-553ab1158b15', '1000', '0', '1') on conflict (id) do update set transfer_id = excluded.transfer_id, supply_id = excluded.supply_id, target_grams = excluded.target_grams, current_inventory_grams = excluded.current_inventory_grams, bags_to_send = excluded.bags_to_send;
insert into public.transfer_items (id, transfer_id, supply_id, target_grams, current_inventory_grams, bags_to_send) values ('9ebf2896-0fb0-41ee-a1bc-0f883f15f461', '1fec6b88-44c4-44ce-a957-9fced7af3e71', '00000000-0000-0000-0002-000000000019', '200', '0', '1') on conflict (id) do update set transfer_id = excluded.transfer_id, supply_id = excluded.supply_id, target_grams = excluded.target_grams, current_inventory_grams = excluded.current_inventory_grams, bags_to_send = excluded.bags_to_send;
insert into public.transfer_items (id, transfer_id, supply_id, target_grams, current_inventory_grams, bags_to_send) values ('a159e827-8864-4e5a-b0d1-a8718d82b6bc', '1fec6b88-44c4-44ce-a957-9fced7af3e71', '359d23ef-0eeb-4f2f-a4b6-7190de90728a', '1000', '0', '1') on conflict (id) do update set transfer_id = excluded.transfer_id, supply_id = excluded.supply_id, target_grams = excluded.target_grams, current_inventory_grams = excluded.current_inventory_grams, bags_to_send = excluded.bags_to_send;
insert into public.transfer_items (id, transfer_id, supply_id, target_grams, current_inventory_grams, bags_to_send) values ('a2f922aa-58de-46ca-87e2-5f5c1b1992d4', '1fec6b88-44c4-44ce-a957-9fced7af3e71', '00000000-0000-0000-0002-000000000016', '600', '0', '1') on conflict (id) do update set transfer_id = excluded.transfer_id, supply_id = excluded.supply_id, target_grams = excluded.target_grams, current_inventory_grams = excluded.current_inventory_grams, bags_to_send = excluded.bags_to_send;
insert into public.transfer_items (id, transfer_id, supply_id, target_grams, current_inventory_grams, bags_to_send) values ('a5de06f2-4794-4050-ad3e-f36976fb95a5', '1fec6b88-44c4-44ce-a957-9fced7af3e71', '1a3a180b-1984-4077-ab06-d80474f8aa48', '6000', '0', '6') on conflict (id) do update set transfer_id = excluded.transfer_id, supply_id = excluded.supply_id, target_grams = excluded.target_grams, current_inventory_grams = excluded.current_inventory_grams, bags_to_send = excluded.bags_to_send;
insert into public.transfer_items (id, transfer_id, supply_id, target_grams, current_inventory_grams, bags_to_send) values ('adc3e219-4e7b-44a9-95df-398bb27a1d10', '4028dc2f-5466-4fb3-a7a6-351b448de805', 'e30a1dd4-4358-4b9d-ab4c-7db3c3dbc1c7', '300', '0', '3') on conflict (id) do update set transfer_id = excluded.transfer_id, supply_id = excluded.supply_id, target_grams = excluded.target_grams, current_inventory_grams = excluded.current_inventory_grams, bags_to_send = excluded.bags_to_send;
insert into public.transfer_items (id, transfer_id, supply_id, target_grams, current_inventory_grams, bags_to_send) values ('b46e30ca-10a6-4381-b497-69addfcf2f2d', '4028dc2f-5466-4fb3-a7a6-351b448de805', '00000000-0000-0000-0002-000000000016', '600', '150', '1') on conflict (id) do update set transfer_id = excluded.transfer_id, supply_id = excluded.supply_id, target_grams = excluded.target_grams, current_inventory_grams = excluded.current_inventory_grams, bags_to_send = excluded.bags_to_send;
insert into public.transfer_items (id, transfer_id, supply_id, target_grams, current_inventory_grams, bags_to_send) values ('b509e1c5-c925-472c-84ff-2302629e843f', '1fec6b88-44c4-44ce-a957-9fced7af3e71', 'd68a18c3-79d6-48e1-b06b-81f6b2743cab', '2000', '0', '2') on conflict (id) do update set transfer_id = excluded.transfer_id, supply_id = excluded.supply_id, target_grams = excluded.target_grams, current_inventory_grams = excluded.current_inventory_grams, bags_to_send = excluded.bags_to_send;
insert into public.transfer_items (id, transfer_id, supply_id, target_grams, current_inventory_grams, bags_to_send) values ('ba6d0261-3223-4762-8439-5841e8570ade', '4028dc2f-5466-4fb3-a7a6-351b448de805', '00000000-0000-0000-0002-000000000012', '400', '-75', '3') on conflict (id) do update set transfer_id = excluded.transfer_id, supply_id = excluded.supply_id, target_grams = excluded.target_grams, current_inventory_grams = excluded.current_inventory_grams, bags_to_send = excluded.bags_to_send;
insert into public.transfer_items (id, transfer_id, supply_id, target_grams, current_inventory_grams, bags_to_send) values ('c501f852-ce93-48a4-a4cf-33c67f5980f3', '4028dc2f-5466-4fb3-a7a6-351b448de805', 'a594e8d0-67f2-481c-acc4-f093c74e28ad', '4000', '-2216.1', '7') on conflict (id) do update set transfer_id = excluded.transfer_id, supply_id = excluded.supply_id, target_grams = excluded.target_grams, current_inventory_grams = excluded.current_inventory_grams, bags_to_send = excluded.bags_to_send;
insert into public.transfer_items (id, transfer_id, supply_id, target_grams, current_inventory_grams, bags_to_send) values ('d4bec6af-7097-46e2-9958-4054a237d06f', '4028dc2f-5466-4fb3-a7a6-351b448de805', '00000000-0000-0000-0002-000000000005', '1000', '-452', '12') on conflict (id) do update set transfer_id = excluded.transfer_id, supply_id = excluded.supply_id, target_grams = excluded.target_grams, current_inventory_grams = excluded.current_inventory_grams, bags_to_send = excluded.bags_to_send;
insert into public.transfer_items (id, transfer_id, supply_id, target_grams, current_inventory_grams, bags_to_send) values ('dee2716d-991e-4af2-b296-83c39c48145c', '1fec6b88-44c4-44ce-a957-9fced7af3e71', '00000000-0000-0000-0002-000000000003', '9000', '0', '3') on conflict (id) do update set transfer_id = excluded.transfer_id, supply_id = excluded.supply_id, target_grams = excluded.target_grams, current_inventory_grams = excluded.current_inventory_grams, bags_to_send = excluded.bags_to_send;
insert into public.transfer_items (id, transfer_id, supply_id, target_grams, current_inventory_grams, bags_to_send) values ('fa402722-ab49-4d90-91d6-68a0938d22ca', '4028dc2f-5466-4fb3-a7a6-351b448de805', '37850381-d932-4188-9f63-fad110bd8628', '250', '-25', '6') on conflict (id) do update set transfer_id = excluded.transfer_id, supply_id = excluded.supply_id, target_grams = excluded.target_grams, current_inventory_grams = excluded.current_inventory_grams, bags_to_send = excluded.bags_to_send;

-- public.sales (69 rows)
insert into public.sales (id, store_id, worker_id, payment_method, total_portions, total_amount, cash_amount, bank_amount, observations, created_at, is_paid, customer_note, is_dispatched, packaging_supply_id) values ('01c1ef22-84b8-4e6a-855c-17681cc481f4', '00000000-0000-0000-0000-000000000002', '00000000-0000-0000-0004-000000000020', 'TRANSFERENCIA', '1', '9900', '0', '9900', '', '2026-04-11 22:46:42.231612+00', 'true', NULL, 'true', NULL) on conflict (id) do update set store_id = excluded.store_id, worker_id = excluded.worker_id, payment_method = excluded.payment_method, total_portions = excluded.total_portions, total_amount = excluded.total_amount, cash_amount = excluded.cash_amount, bank_amount = excluded.bank_amount, observations = excluded.observations, created_at = excluded.created_at, is_paid = excluded.is_paid, customer_note = excluded.customer_note, is_dispatched = excluded.is_dispatched, packaging_supply_id = excluded.packaging_supply_id;
insert into public.sales (id, store_id, worker_id, payment_method, total_portions, total_amount, cash_amount, bank_amount, observations, created_at, is_paid, customer_note, is_dispatched, packaging_supply_id) values ('15bb6f99-b73d-43d6-a847-3b8f07c5cb32', '00000000-0000-0000-0000-000000000001', NULL, 'EFECTIVO', '1', '7900', '7900', '0', '', '2026-04-11 17:58:49.752728+00', 'true', NULL, 'true', NULL) on conflict (id) do update set store_id = excluded.store_id, worker_id = excluded.worker_id, payment_method = excluded.payment_method, total_portions = excluded.total_portions, total_amount = excluded.total_amount, cash_amount = excluded.cash_amount, bank_amount = excluded.bank_amount, observations = excluded.observations, created_at = excluded.created_at, is_paid = excluded.is_paid, customer_note = excluded.customer_note, is_dispatched = excluded.is_dispatched, packaging_supply_id = excluded.packaging_supply_id;
insert into public.sales (id, store_id, worker_id, payment_method, total_portions, total_amount, cash_amount, bank_amount, observations, created_at, is_paid, customer_note, is_dispatched, packaging_supply_id) values ('15c6e91c-340c-412c-9b1d-a57e122a919a', '00000000-0000-0000-0000-000000000002', '00000000-0000-0000-0004-000000000002', 'EFECTIVO', '2', '15800', '15800', '0', '', '2026-04-11 17:24:51.504413+00', 'true', NULL, 'true', NULL) on conflict (id) do update set store_id = excluded.store_id, worker_id = excluded.worker_id, payment_method = excluded.payment_method, total_portions = excluded.total_portions, total_amount = excluded.total_amount, cash_amount = excluded.cash_amount, bank_amount = excluded.bank_amount, observations = excluded.observations, created_at = excluded.created_at, is_paid = excluded.is_paid, customer_note = excluded.customer_note, is_dispatched = excluded.is_dispatched, packaging_supply_id = excluded.packaging_supply_id;
insert into public.sales (id, store_id, worker_id, payment_method, total_portions, total_amount, cash_amount, bank_amount, observations, created_at, is_paid, customer_note, is_dispatched, packaging_supply_id) values ('161755f3-6b90-42ee-850f-06f99cad37a9', '00000000-0000-0000-0000-000000000002', NULL, 'EFECTIVO', '8', '63200', '63200', '0', '', '2026-04-11 16:46:52.480744+00', 'true', NULL, 'true', NULL) on conflict (id) do update set store_id = excluded.store_id, worker_id = excluded.worker_id, payment_method = excluded.payment_method, total_portions = excluded.total_portions, total_amount = excluded.total_amount, cash_amount = excluded.cash_amount, bank_amount = excluded.bank_amount, observations = excluded.observations, created_at = excluded.created_at, is_paid = excluded.is_paid, customer_note = excluded.customer_note, is_dispatched = excluded.is_dispatched, packaging_supply_id = excluded.packaging_supply_id;
insert into public.sales (id, store_id, worker_id, payment_method, total_portions, total_amount, cash_amount, bank_amount, observations, created_at, is_paid, customer_note, is_dispatched, packaging_supply_id) values ('18ea26a2-78b4-4efa-be74-7fe40eb15224', '00000000-0000-0000-0000-000000000002', NULL, 'EFECTIVO', '1', '6000', '6000', '0', '', '2026-04-11 16:50:19.790407+00', 'true', NULL, 'true', NULL) on conflict (id) do update set store_id = excluded.store_id, worker_id = excluded.worker_id, payment_method = excluded.payment_method, total_portions = excluded.total_portions, total_amount = excluded.total_amount, cash_amount = excluded.cash_amount, bank_amount = excluded.bank_amount, observations = excluded.observations, created_at = excluded.created_at, is_paid = excluded.is_paid, customer_note = excluded.customer_note, is_dispatched = excluded.is_dispatched, packaging_supply_id = excluded.packaging_supply_id;
insert into public.sales (id, store_id, worker_id, payment_method, total_portions, total_amount, cash_amount, bank_amount, observations, created_at, is_paid, customer_note, is_dispatched, packaging_supply_id) values ('1c2ad50b-bc3a-42fd-b587-f3078b8b47e2', '00000000-0000-0000-0000-000000000002', '00000000-0000-0000-0004-000000000020', 'EFECTIVO', '1', '6000', '6000', '0', '', '2026-04-12 14:32:11.0443+00', 'true', NULL, 'true', NULL) on conflict (id) do update set store_id = excluded.store_id, worker_id = excluded.worker_id, payment_method = excluded.payment_method, total_portions = excluded.total_portions, total_amount = excluded.total_amount, cash_amount = excluded.cash_amount, bank_amount = excluded.bank_amount, observations = excluded.observations, created_at = excluded.created_at, is_paid = excluded.is_paid, customer_note = excluded.customer_note, is_dispatched = excluded.is_dispatched, packaging_supply_id = excluded.packaging_supply_id;
insert into public.sales (id, store_id, worker_id, payment_method, total_portions, total_amount, cash_amount, bank_amount, observations, created_at, is_paid, customer_note, is_dispatched, packaging_supply_id) values ('1f51966e-480d-4dc4-bf8e-dc43630d6a1a', '00000000-0000-0000-0000-000000000002', '00000000-0000-0000-0004-000000000020', 'EFECTIVO', '1', '7900', '7900', '0', 'para david', '2026-04-12 14:24:23.849227+00', 'true', NULL, 'true', NULL) on conflict (id) do update set store_id = excluded.store_id, worker_id = excluded.worker_id, payment_method = excluded.payment_method, total_portions = excluded.total_portions, total_amount = excluded.total_amount, cash_amount = excluded.cash_amount, bank_amount = excluded.bank_amount, observations = excluded.observations, created_at = excluded.created_at, is_paid = excluded.is_paid, customer_note = excluded.customer_note, is_dispatched = excluded.is_dispatched, packaging_supply_id = excluded.packaging_supply_id;
insert into public.sales (id, store_id, worker_id, payment_method, total_portions, total_amount, cash_amount, bank_amount, observations, created_at, is_paid, customer_note, is_dispatched, packaging_supply_id) values ('24edb040-232e-43bd-9a46-afce8dbbf751', '00000000-0000-0000-0000-000000000002', NULL, 'EFECTIVO', '8', '63200', '63200', '0', '', '2026-04-11 16:46:52.990054+00', 'true', NULL, 'true', NULL) on conflict (id) do update set store_id = excluded.store_id, worker_id = excluded.worker_id, payment_method = excluded.payment_method, total_portions = excluded.total_portions, total_amount = excluded.total_amount, cash_amount = excluded.cash_amount, bank_amount = excluded.bank_amount, observations = excluded.observations, created_at = excluded.created_at, is_paid = excluded.is_paid, customer_note = excluded.customer_note, is_dispatched = excluded.is_dispatched, packaging_supply_id = excluded.packaging_supply_id;
insert into public.sales (id, store_id, worker_id, payment_method, total_portions, total_amount, cash_amount, bank_amount, observations, created_at, is_paid, customer_note, is_dispatched, packaging_supply_id) values ('25bcff64-fb04-4404-986f-ab78cf12c62a', '00000000-0000-0000-0000-000000000002', NULL, 'EFECTIVO', '2', '15800', '15800', '0', '', '2026-04-11 17:40:28.32891+00', 'true', NULL, 'true', NULL) on conflict (id) do update set store_id = excluded.store_id, worker_id = excluded.worker_id, payment_method = excluded.payment_method, total_portions = excluded.total_portions, total_amount = excluded.total_amount, cash_amount = excluded.cash_amount, bank_amount = excluded.bank_amount, observations = excluded.observations, created_at = excluded.created_at, is_paid = excluded.is_paid, customer_note = excluded.customer_note, is_dispatched = excluded.is_dispatched, packaging_supply_id = excluded.packaging_supply_id;
insert into public.sales (id, store_id, worker_id, payment_method, total_portions, total_amount, cash_amount, bank_amount, observations, created_at, is_paid, customer_note, is_dispatched, packaging_supply_id) values ('283e9ce0-3d80-40ff-bb55-dbe17877338c', '00000000-0000-0000-0000-000000000002', '00000000-0000-0000-0004-000000000020', 'EFECTIVO', '1', '6000', '6000', '0', '', '2026-05-16 22:32:41.805719+00', 'true', NULL, 'true', '00000000-0000-0000-0002-000000000103') on conflict (id) do update set store_id = excluded.store_id, worker_id = excluded.worker_id, payment_method = excluded.payment_method, total_portions = excluded.total_portions, total_amount = excluded.total_amount, cash_amount = excluded.cash_amount, bank_amount = excluded.bank_amount, observations = excluded.observations, created_at = excluded.created_at, is_paid = excluded.is_paid, customer_note = excluded.customer_note, is_dispatched = excluded.is_dispatched, packaging_supply_id = excluded.packaging_supply_id;
insert into public.sales (id, store_id, worker_id, payment_method, total_portions, total_amount, cash_amount, bank_amount, observations, created_at, is_paid, customer_note, is_dispatched, packaging_supply_id) values ('2870518b-13b4-400a-b4de-4a4445171a5f', '00000000-0000-0000-0000-000000000002', NULL, 'EFECTIVO', '1', '7900', '7900', '0', '', '2026-05-16 01:42:55.693935+00', 'true', NULL, 'true', NULL) on conflict (id) do update set store_id = excluded.store_id, worker_id = excluded.worker_id, payment_method = excluded.payment_method, total_portions = excluded.total_portions, total_amount = excluded.total_amount, cash_amount = excluded.cash_amount, bank_amount = excluded.bank_amount, observations = excluded.observations, created_at = excluded.created_at, is_paid = excluded.is_paid, customer_note = excluded.customer_note, is_dispatched = excluded.is_dispatched, packaging_supply_id = excluded.packaging_supply_id;
insert into public.sales (id, store_id, worker_id, payment_method, total_portions, total_amount, cash_amount, bank_amount, observations, created_at, is_paid, customer_note, is_dispatched, packaging_supply_id) values ('2ac5829d-f04c-43dd-8b3c-cdc467004367', '00000000-0000-0000-0000-000000000002', '00000000-0000-0000-0004-000000000020', 'EFECTIVO', '1', '8500', '8500', '0', '', '2026-04-11 22:30:12.648256+00', 'true', NULL, 'true', NULL) on conflict (id) do update set store_id = excluded.store_id, worker_id = excluded.worker_id, payment_method = excluded.payment_method, total_portions = excluded.total_portions, total_amount = excluded.total_amount, cash_amount = excluded.cash_amount, bank_amount = excluded.bank_amount, observations = excluded.observations, created_at = excluded.created_at, is_paid = excluded.is_paid, customer_note = excluded.customer_note, is_dispatched = excluded.is_dispatched, packaging_supply_id = excluded.packaging_supply_id;
insert into public.sales (id, store_id, worker_id, payment_method, total_portions, total_amount, cash_amount, bank_amount, observations, created_at, is_paid, customer_note, is_dispatched, packaging_supply_id) values ('308e87a4-049c-4582-b9e0-56dce60d3672', '00000000-0000-0000-0000-000000000002', '00000000-0000-0000-0004-000000000020', 'TRANSFERENCIA', '1', '6000', '6000', '0', '', '2026-04-12 14:34:02.777315+00', 'true', NULL, 'true', NULL) on conflict (id) do update set store_id = excluded.store_id, worker_id = excluded.worker_id, payment_method = excluded.payment_method, total_portions = excluded.total_portions, total_amount = excluded.total_amount, cash_amount = excluded.cash_amount, bank_amount = excluded.bank_amount, observations = excluded.observations, created_at = excluded.created_at, is_paid = excluded.is_paid, customer_note = excluded.customer_note, is_dispatched = excluded.is_dispatched, packaging_supply_id = excluded.packaging_supply_id;
insert into public.sales (id, store_id, worker_id, payment_method, total_portions, total_amount, cash_amount, bank_amount, observations, created_at, is_paid, customer_note, is_dispatched, packaging_supply_id) values ('313398bc-f599-4db3-b193-a4580b109030', '00000000-0000-0000-0000-000000000002', NULL, 'EFECTIVO', '1', '6000', '6000', '0', '', '2026-04-11 16:50:10.423039+00', 'true', NULL, 'true', NULL) on conflict (id) do update set store_id = excluded.store_id, worker_id = excluded.worker_id, payment_method = excluded.payment_method, total_portions = excluded.total_portions, total_amount = excluded.total_amount, cash_amount = excluded.cash_amount, bank_amount = excluded.bank_amount, observations = excluded.observations, created_at = excluded.created_at, is_paid = excluded.is_paid, customer_note = excluded.customer_note, is_dispatched = excluded.is_dispatched, packaging_supply_id = excluded.packaging_supply_id;
insert into public.sales (id, store_id, worker_id, payment_method, total_portions, total_amount, cash_amount, bank_amount, observations, created_at, is_paid, customer_note, is_dispatched, packaging_supply_id) values ('32ed7132-2757-470c-a99f-47d4ff8bd95e', '00000000-0000-0000-0000-000000000002', '00000000-0000-0000-0004-000000000020', 'TRANSFERENCIA', '2', '15800', '0', '15800', '', '2026-04-21 00:48:47.674081+00', 'true', NULL, 'true', NULL) on conflict (id) do update set store_id = excluded.store_id, worker_id = excluded.worker_id, payment_method = excluded.payment_method, total_portions = excluded.total_portions, total_amount = excluded.total_amount, cash_amount = excluded.cash_amount, bank_amount = excluded.bank_amount, observations = excluded.observations, created_at = excluded.created_at, is_paid = excluded.is_paid, customer_note = excluded.customer_note, is_dispatched = excluded.is_dispatched, packaging_supply_id = excluded.packaging_supply_id;
insert into public.sales (id, store_id, worker_id, payment_method, total_portions, total_amount, cash_amount, bank_amount, observations, created_at, is_paid, customer_note, is_dispatched, packaging_supply_id) values ('3d60ab20-0984-4ce1-8e35-bfc3f5bfcea7', '00000000-0000-0000-0000-000000000002', NULL, 'EFECTIVO', '7', '48700', '48700', '0', 'Gafas ', '2026-04-05 02:13:54.892434+00', 'true', NULL, 'true', NULL) on conflict (id) do update set store_id = excluded.store_id, worker_id = excluded.worker_id, payment_method = excluded.payment_method, total_portions = excluded.total_portions, total_amount = excluded.total_amount, cash_amount = excluded.cash_amount, bank_amount = excluded.bank_amount, observations = excluded.observations, created_at = excluded.created_at, is_paid = excluded.is_paid, customer_note = excluded.customer_note, is_dispatched = excluded.is_dispatched, packaging_supply_id = excluded.packaging_supply_id;
insert into public.sales (id, store_id, worker_id, payment_method, total_portions, total_amount, cash_amount, bank_amount, observations, created_at, is_paid, customer_note, is_dispatched, packaging_supply_id) values ('42d73792-5283-4b6d-a9e5-208ff96f67b3', '00000000-0000-0000-0000-000000000002', NULL, 'EFECTIVO', '24', '189600', '189600', '0', 'Juan', '2026-04-06 20:35:45.244352+00', 'true', NULL, 'true', NULL) on conflict (id) do update set store_id = excluded.store_id, worker_id = excluded.worker_id, payment_method = excluded.payment_method, total_portions = excluded.total_portions, total_amount = excluded.total_amount, cash_amount = excluded.cash_amount, bank_amount = excluded.bank_amount, observations = excluded.observations, created_at = excluded.created_at, is_paid = excluded.is_paid, customer_note = excluded.customer_note, is_dispatched = excluded.is_dispatched, packaging_supply_id = excluded.packaging_supply_id;
insert into public.sales (id, store_id, worker_id, payment_method, total_portions, total_amount, cash_amount, bank_amount, observations, created_at, is_paid, customer_note, is_dispatched, packaging_supply_id) values ('4b2e704f-6afc-4a2b-9686-2c640038b1be', '00000000-0000-0000-0000-000000000002', '00000000-0000-0000-0004-000000000020', 'EFECTIVO', '8', '79200', '79200', '0', 'Family fat', '2026-04-21 00:54:06.224634+00', 'true', NULL, 'true', NULL) on conflict (id) do update set store_id = excluded.store_id, worker_id = excluded.worker_id, payment_method = excluded.payment_method, total_portions = excluded.total_portions, total_amount = excluded.total_amount, cash_amount = excluded.cash_amount, bank_amount = excluded.bank_amount, observations = excluded.observations, created_at = excluded.created_at, is_paid = excluded.is_paid, customer_note = excluded.customer_note, is_dispatched = excluded.is_dispatched, packaging_supply_id = excluded.packaging_supply_id;
insert into public.sales (id, store_id, worker_id, payment_method, total_portions, total_amount, cash_amount, bank_amount, observations, created_at, is_paid, customer_note, is_dispatched, packaging_supply_id) values ('538b2f41-8d0e-4d71-9bb3-bebfd69fc384', '00000000-0000-0000-0000-000000000002', NULL, 'EFECTIVO', '16', '126400', '126400', '0', 'Esteban', '2026-04-05 19:55:05.383573+00', 'true', NULL, 'true', NULL) on conflict (id) do update set store_id = excluded.store_id, worker_id = excluded.worker_id, payment_method = excluded.payment_method, total_portions = excluded.total_portions, total_amount = excluded.total_amount, cash_amount = excluded.cash_amount, bank_amount = excluded.bank_amount, observations = excluded.observations, created_at = excluded.created_at, is_paid = excluded.is_paid, customer_note = excluded.customer_note, is_dispatched = excluded.is_dispatched, packaging_supply_id = excluded.packaging_supply_id;
insert into public.sales (id, store_id, worker_id, payment_method, total_portions, total_amount, cash_amount, bank_amount, observations, created_at, is_paid, customer_note, is_dispatched, packaging_supply_id) values ('576fc88a-5755-4481-b305-c32fd00a772b', '00000000-0000-0000-0000-000000000002', NULL, 'EFECTIVO', '8', '63200', '63200', '0', '', '2026-04-11 16:46:39.39939+00', 'true', NULL, 'true', NULL) on conflict (id) do update set store_id = excluded.store_id, worker_id = excluded.worker_id, payment_method = excluded.payment_method, total_portions = excluded.total_portions, total_amount = excluded.total_amount, cash_amount = excluded.cash_amount, bank_amount = excluded.bank_amount, observations = excluded.observations, created_at = excluded.created_at, is_paid = excluded.is_paid, customer_note = excluded.customer_note, is_dispatched = excluded.is_dispatched, packaging_supply_id = excluded.packaging_supply_id;
insert into public.sales (id, store_id, worker_id, payment_method, total_portions, total_amount, cash_amount, bank_amount, observations, created_at, is_paid, customer_note, is_dispatched, packaging_supply_id) values ('59bf380e-d721-4cd1-975c-cb327a8a9f12', '00000000-0000-0000-0000-000000000002', '00000000-0000-0000-0004-000000000002', 'EFECTIVO', '8', '63200', '63200', '0', '', '2026-04-04 21:47:44.001115+00', 'true', NULL, 'true', NULL) on conflict (id) do update set store_id = excluded.store_id, worker_id = excluded.worker_id, payment_method = excluded.payment_method, total_portions = excluded.total_portions, total_amount = excluded.total_amount, cash_amount = excluded.cash_amount, bank_amount = excluded.bank_amount, observations = excluded.observations, created_at = excluded.created_at, is_paid = excluded.is_paid, customer_note = excluded.customer_note, is_dispatched = excluded.is_dispatched, packaging_supply_id = excluded.packaging_supply_id;
insert into public.sales (id, store_id, worker_id, payment_method, total_portions, total_amount, cash_amount, bank_amount, observations, created_at, is_paid, customer_note, is_dispatched, packaging_supply_id) values ('5f8086e6-4c0c-4d31-b018-997918c1706c', '00000000-0000-0000-0000-000000000002', '00000000-0000-0000-0004-000000000020', 'EFECTIVO', '1', '8000', '8000', '0', '', '2026-05-16 22:28:37.955361+00', 'true', NULL, 'true', NULL) on conflict (id) do update set store_id = excluded.store_id, worker_id = excluded.worker_id, payment_method = excluded.payment_method, total_portions = excluded.total_portions, total_amount = excluded.total_amount, cash_amount = excluded.cash_amount, bank_amount = excluded.bank_amount, observations = excluded.observations, created_at = excluded.created_at, is_paid = excluded.is_paid, customer_note = excluded.customer_note, is_dispatched = excluded.is_dispatched, packaging_supply_id = excluded.packaging_supply_id;
insert into public.sales (id, store_id, worker_id, payment_method, total_portions, total_amount, cash_amount, bank_amount, observations, created_at, is_paid, customer_note, is_dispatched, packaging_supply_id) values ('670e9e4a-04d2-4842-805e-9af4ab17c039', '00000000-0000-0000-0000-000000000002', '00000000-0000-0000-0004-000000000020', 'EFECTIVO', '5', '40100', '40100', '0', '', '2026-04-21 00:49:55.165524+00', 'true', NULL, 'true', NULL) on conflict (id) do update set store_id = excluded.store_id, worker_id = excluded.worker_id, payment_method = excluded.payment_method, total_portions = excluded.total_portions, total_amount = excluded.total_amount, cash_amount = excluded.cash_amount, bank_amount = excluded.bank_amount, observations = excluded.observations, created_at = excluded.created_at, is_paid = excluded.is_paid, customer_note = excluded.customer_note, is_dispatched = excluded.is_dispatched, packaging_supply_id = excluded.packaging_supply_id;
insert into public.sales (id, store_id, worker_id, payment_method, total_portions, total_amount, cash_amount, bank_amount, observations, created_at, is_paid, customer_note, is_dispatched, packaging_supply_id) values ('6caa6011-f687-4e15-8a39-4b5dd03efd10', '00000000-0000-0000-0000-000000000002', NULL, 'EFECTIVO', '9', '71100', '71100', '0', '', '2026-04-12 02:12:48.198475+00', 'true', NULL, 'true', NULL) on conflict (id) do update set store_id = excluded.store_id, worker_id = excluded.worker_id, payment_method = excluded.payment_method, total_portions = excluded.total_portions, total_amount = excluded.total_amount, cash_amount = excluded.cash_amount, bank_amount = excluded.bank_amount, observations = excluded.observations, created_at = excluded.created_at, is_paid = excluded.is_paid, customer_note = excluded.customer_note, is_dispatched = excluded.is_dispatched, packaging_supply_id = excluded.packaging_supply_id;
insert into public.sales (id, store_id, worker_id, payment_method, total_portions, total_amount, cash_amount, bank_amount, observations, created_at, is_paid, customer_note, is_dispatched, packaging_supply_id) values ('6d12bbfa-aaa9-4e9c-94b6-98e54b444856', '00000000-0000-0000-0000-000000000002', '00000000-0000-0000-0004-000000000020', 'EFECTIVO', '1', '10500', '10500', '0', '', '2026-04-11 22:22:20.31396+00', 'true', NULL, 'true', NULL) on conflict (id) do update set store_id = excluded.store_id, worker_id = excluded.worker_id, payment_method = excluded.payment_method, total_portions = excluded.total_portions, total_amount = excluded.total_amount, cash_amount = excluded.cash_amount, bank_amount = excluded.bank_amount, observations = excluded.observations, created_at = excluded.created_at, is_paid = excluded.is_paid, customer_note = excluded.customer_note, is_dispatched = excluded.is_dispatched, packaging_supply_id = excluded.packaging_supply_id;
insert into public.sales (id, store_id, worker_id, payment_method, total_portions, total_amount, cash_amount, bank_amount, observations, created_at, is_paid, customer_note, is_dispatched, packaging_supply_id) values ('6d9e6090-1b66-4f3c-b387-9c5d53314ac1', '00000000-0000-0000-0000-000000000002', NULL, 'EFECTIVO', '1', '7900', '7900', '0', '', '2026-04-11 17:16:05.57531+00', 'true', NULL, 'true', NULL) on conflict (id) do update set store_id = excluded.store_id, worker_id = excluded.worker_id, payment_method = excluded.payment_method, total_portions = excluded.total_portions, total_amount = excluded.total_amount, cash_amount = excluded.cash_amount, bank_amount = excluded.bank_amount, observations = excluded.observations, created_at = excluded.created_at, is_paid = excluded.is_paid, customer_note = excluded.customer_note, is_dispatched = excluded.is_dispatched, packaging_supply_id = excluded.packaging_supply_id;
insert into public.sales (id, store_id, worker_id, payment_method, total_portions, total_amount, cash_amount, bank_amount, observations, created_at, is_paid, customer_note, is_dispatched, packaging_supply_id) values ('6ee29347-c239-46fb-b051-b46a74501f51', '00000000-0000-0000-0000-000000000002', '00000000-0000-0000-0004-000000000020', 'EFECTIVO', '1', '10500', '10500', '0', 'yura', '2026-04-11 22:25:04.471031+00', 'true', NULL, 'true', NULL) on conflict (id) do update set store_id = excluded.store_id, worker_id = excluded.worker_id, payment_method = excluded.payment_method, total_portions = excluded.total_portions, total_amount = excluded.total_amount, cash_amount = excluded.cash_amount, bank_amount = excluded.bank_amount, observations = excluded.observations, created_at = excluded.created_at, is_paid = excluded.is_paid, customer_note = excluded.customer_note, is_dispatched = excluded.is_dispatched, packaging_supply_id = excluded.packaging_supply_id;
insert into public.sales (id, store_id, worker_id, payment_method, total_portions, total_amount, cash_amount, bank_amount, observations, created_at, is_paid, customer_note, is_dispatched, packaging_supply_id) values ('7473879f-2bdd-47b2-9418-079e23ffd69e', '00000000-0000-0000-0000-000000000002', NULL, 'EFECTIVO', '1', '7900', '7900', '0', '', '2026-05-16 01:44:44.543123+00', 'true', NULL, 'true', NULL) on conflict (id) do update set store_id = excluded.store_id, worker_id = excluded.worker_id, payment_method = excluded.payment_method, total_portions = excluded.total_portions, total_amount = excluded.total_amount, cash_amount = excluded.cash_amount, bank_amount = excluded.bank_amount, observations = excluded.observations, created_at = excluded.created_at, is_paid = excluded.is_paid, customer_note = excluded.customer_note, is_dispatched = excluded.is_dispatched, packaging_supply_id = excluded.packaging_supply_id;
insert into public.sales (id, store_id, worker_id, payment_method, total_portions, total_amount, cash_amount, bank_amount, observations, created_at, is_paid, customer_note, is_dispatched, packaging_supply_id) values ('78168350-a072-46ec-947a-81d95c3df6f0', '00000000-0000-0000-0000-000000000002', '00000000-0000-0000-0004-000000000020', 'EFECTIVO', '1', '7900', '7900', '0', '', '2026-04-04 22:51:11.57503+00', 'true', NULL, 'true', NULL) on conflict (id) do update set store_id = excluded.store_id, worker_id = excluded.worker_id, payment_method = excluded.payment_method, total_portions = excluded.total_portions, total_amount = excluded.total_amount, cash_amount = excluded.cash_amount, bank_amount = excluded.bank_amount, observations = excluded.observations, created_at = excluded.created_at, is_paid = excluded.is_paid, customer_note = excluded.customer_note, is_dispatched = excluded.is_dispatched, packaging_supply_id = excluded.packaging_supply_id;
insert into public.sales (id, store_id, worker_id, payment_method, total_portions, total_amount, cash_amount, bank_amount, observations, created_at, is_paid, customer_note, is_dispatched, packaging_supply_id) values ('7983975e-0ba1-46be-8a0f-d77b5336fcba', '00000000-0000-0000-0000-000000000002', '00000000-0000-0000-0004-000000000002', 'EFECTIVO', '1', '6000', '6000', '0', '', '2026-04-04 21:34:44.451707+00', 'true', NULL, 'true', NULL) on conflict (id) do update set store_id = excluded.store_id, worker_id = excluded.worker_id, payment_method = excluded.payment_method, total_portions = excluded.total_portions, total_amount = excluded.total_amount, cash_amount = excluded.cash_amount, bank_amount = excluded.bank_amount, observations = excluded.observations, created_at = excluded.created_at, is_paid = excluded.is_paid, customer_note = excluded.customer_note, is_dispatched = excluded.is_dispatched, packaging_supply_id = excluded.packaging_supply_id;
insert into public.sales (id, store_id, worker_id, payment_method, total_portions, total_amount, cash_amount, bank_amount, observations, created_at, is_paid, customer_note, is_dispatched, packaging_supply_id) values ('80102420-9fe9-403c-b94c-a96074e7b936', '00000000-0000-0000-0000-000000000002', '00000000-0000-0000-0004-000000000020', 'MIXTO', '4', '31600', '20000', '12600', '', '2026-04-21 01:00:10.886258+00', 'true', NULL, 'true', NULL) on conflict (id) do update set store_id = excluded.store_id, worker_id = excluded.worker_id, payment_method = excluded.payment_method, total_portions = excluded.total_portions, total_amount = excluded.total_amount, cash_amount = excluded.cash_amount, bank_amount = excluded.bank_amount, observations = excluded.observations, created_at = excluded.created_at, is_paid = excluded.is_paid, customer_note = excluded.customer_note, is_dispatched = excluded.is_dispatched, packaging_supply_id = excluded.packaging_supply_id;
insert into public.sales (id, store_id, worker_id, payment_method, total_portions, total_amount, cash_amount, bank_amount, observations, created_at, is_paid, customer_note, is_dispatched, packaging_supply_id) values ('810a3633-e370-4af8-ae29-f996f1ac6535', '00000000-0000-0000-0000-000000000002', '00000000-0000-0000-0004-000000000020', 'EFECTIVO', '1', '7900', '7900', '0', '', '2026-04-12 14:26:05.470891+00', 'true', NULL, 'true', NULL) on conflict (id) do update set store_id = excluded.store_id, worker_id = excluded.worker_id, payment_method = excluded.payment_method, total_portions = excluded.total_portions, total_amount = excluded.total_amount, cash_amount = excluded.cash_amount, bank_amount = excluded.bank_amount, observations = excluded.observations, created_at = excluded.created_at, is_paid = excluded.is_paid, customer_note = excluded.customer_note, is_dispatched = excluded.is_dispatched, packaging_supply_id = excluded.packaging_supply_id;
insert into public.sales (id, store_id, worker_id, payment_method, total_portions, total_amount, cash_amount, bank_amount, observations, created_at, is_paid, customer_note, is_dispatched, packaging_supply_id) values ('84d81880-aa22-4371-bbad-2d0db1694fe5', '00000000-0000-0000-0000-000000000002', '00000000-0000-0000-0004-000000000020', 'TRANSFERENCIA', '1', '7900', '7900', '0', '', '2026-04-21 00:45:43.402998+00', 'true', NULL, 'true', NULL) on conflict (id) do update set store_id = excluded.store_id, worker_id = excluded.worker_id, payment_method = excluded.payment_method, total_portions = excluded.total_portions, total_amount = excluded.total_amount, cash_amount = excluded.cash_amount, bank_amount = excluded.bank_amount, observations = excluded.observations, created_at = excluded.created_at, is_paid = excluded.is_paid, customer_note = excluded.customer_note, is_dispatched = excluded.is_dispatched, packaging_supply_id = excluded.packaging_supply_id;
insert into public.sales (id, store_id, worker_id, payment_method, total_portions, total_amount, cash_amount, bank_amount, observations, created_at, is_paid, customer_note, is_dispatched, packaging_supply_id) values ('8fcc014a-7acb-46ba-867e-2e2f10c2c5f7', '00000000-0000-0000-0000-000000000002', '00000000-0000-0000-0004-000000000020', 'EFECTIVO', '1', '8500', '8500', '0', '', '2026-04-04 22:41:52.921571+00', 'true', NULL, 'true', NULL) on conflict (id) do update set store_id = excluded.store_id, worker_id = excluded.worker_id, payment_method = excluded.payment_method, total_portions = excluded.total_portions, total_amount = excluded.total_amount, cash_amount = excluded.cash_amount, bank_amount = excluded.bank_amount, observations = excluded.observations, created_at = excluded.created_at, is_paid = excluded.is_paid, customer_note = excluded.customer_note, is_dispatched = excluded.is_dispatched, packaging_supply_id = excluded.packaging_supply_id;
insert into public.sales (id, store_id, worker_id, payment_method, total_portions, total_amount, cash_amount, bank_amount, observations, created_at, is_paid, customer_note, is_dispatched, packaging_supply_id) values ('932884b9-a413-44a4-9f25-97d65011491e', '00000000-0000-0000-0000-000000000002', NULL, 'EFECTIVO', '3', '18000', '18000', '0', 'Holi', '2026-04-04 22:41:14.055466+00', 'true', NULL, 'true', NULL) on conflict (id) do update set store_id = excluded.store_id, worker_id = excluded.worker_id, payment_method = excluded.payment_method, total_portions = excluded.total_portions, total_amount = excluded.total_amount, cash_amount = excluded.cash_amount, bank_amount = excluded.bank_amount, observations = excluded.observations, created_at = excluded.created_at, is_paid = excluded.is_paid, customer_note = excluded.customer_note, is_dispatched = excluded.is_dispatched, packaging_supply_id = excluded.packaging_supply_id;
insert into public.sales (id, store_id, worker_id, payment_method, total_portions, total_amount, cash_amount, bank_amount, observations, created_at, is_paid, customer_note, is_dispatched, packaging_supply_id) values ('9529c648-cfd5-4335-b91a-e3f1d8c54d54', '00000000-0000-0000-0000-000000000002', NULL, 'EFECTIVO', '8', '63200', '63200', '0', '', '2026-04-11 16:46:47.834326+00', 'true', NULL, 'true', NULL) on conflict (id) do update set store_id = excluded.store_id, worker_id = excluded.worker_id, payment_method = excluded.payment_method, total_portions = excluded.total_portions, total_amount = excluded.total_amount, cash_amount = excluded.cash_amount, bank_amount = excluded.bank_amount, observations = excluded.observations, created_at = excluded.created_at, is_paid = excluded.is_paid, customer_note = excluded.customer_note, is_dispatched = excluded.is_dispatched, packaging_supply_id = excluded.packaging_supply_id;
insert into public.sales (id, store_id, worker_id, payment_method, total_portions, total_amount, cash_amount, bank_amount, observations, created_at, is_paid, customer_note, is_dispatched, packaging_supply_id) values ('9f9724c0-c0bf-4951-9cba-ae334b7d2d08', '00000000-0000-0000-0000-000000000002', '00000000-0000-0000-0004-000000000020', 'EFECTIVO', '1', '6000', '6000', '0', '', '2026-04-21 00:50:21.130434+00', 'true', NULL, 'true', NULL) on conflict (id) do update set store_id = excluded.store_id, worker_id = excluded.worker_id, payment_method = excluded.payment_method, total_portions = excluded.total_portions, total_amount = excluded.total_amount, cash_amount = excluded.cash_amount, bank_amount = excluded.bank_amount, observations = excluded.observations, created_at = excluded.created_at, is_paid = excluded.is_paid, customer_note = excluded.customer_note, is_dispatched = excluded.is_dispatched, packaging_supply_id = excluded.packaging_supply_id;
insert into public.sales (id, store_id, worker_id, payment_method, total_portions, total_amount, cash_amount, bank_amount, observations, created_at, is_paid, customer_note, is_dispatched, packaging_supply_id) values ('a007f40f-5ee2-4614-a082-b7d872990d3b', '00000000-0000-0000-0000-000000000002', '00000000-0000-0000-0004-000000000002', 'EFECTIVO', '8', '63200', '63200', '0', 'don humebrto', '2026-04-04 21:21:18.764999+00', 'true', NULL, 'true', NULL) on conflict (id) do update set store_id = excluded.store_id, worker_id = excluded.worker_id, payment_method = excluded.payment_method, total_portions = excluded.total_portions, total_amount = excluded.total_amount, cash_amount = excluded.cash_amount, bank_amount = excluded.bank_amount, observations = excluded.observations, created_at = excluded.created_at, is_paid = excluded.is_paid, customer_note = excluded.customer_note, is_dispatched = excluded.is_dispatched, packaging_supply_id = excluded.packaging_supply_id;
insert into public.sales (id, store_id, worker_id, payment_method, total_portions, total_amount, cash_amount, bank_amount, observations, created_at, is_paid, customer_note, is_dispatched, packaging_supply_id) values ('a0f42be4-d442-4910-aa12-2126b5dc63b4', '00000000-0000-0000-0000-000000000002', NULL, 'EFECTIVO', '8', '63200', '63200', '0', '', '2026-04-11 16:46:53.325853+00', 'true', NULL, 'true', NULL) on conflict (id) do update set store_id = excluded.store_id, worker_id = excluded.worker_id, payment_method = excluded.payment_method, total_portions = excluded.total_portions, total_amount = excluded.total_amount, cash_amount = excluded.cash_amount, bank_amount = excluded.bank_amount, observations = excluded.observations, created_at = excluded.created_at, is_paid = excluded.is_paid, customer_note = excluded.customer_note, is_dispatched = excluded.is_dispatched, packaging_supply_id = excluded.packaging_supply_id;
insert into public.sales (id, store_id, worker_id, payment_method, total_portions, total_amount, cash_amount, bank_amount, observations, created_at, is_paid, customer_note, is_dispatched, packaging_supply_id) values ('a3c555e6-9038-4453-b071-da12603f36d7', '00000000-0000-0000-0000-000000000002', '00000000-0000-0000-0004-000000000020', 'EFECTIVO', '1', '6000', '6000', '0', '', '2026-04-21 00:50:09.523508+00', 'true', NULL, 'true', NULL) on conflict (id) do update set store_id = excluded.store_id, worker_id = excluded.worker_id, payment_method = excluded.payment_method, total_portions = excluded.total_portions, total_amount = excluded.total_amount, cash_amount = excluded.cash_amount, bank_amount = excluded.bank_amount, observations = excluded.observations, created_at = excluded.created_at, is_paid = excluded.is_paid, customer_note = excluded.customer_note, is_dispatched = excluded.is_dispatched, packaging_supply_id = excluded.packaging_supply_id;
insert into public.sales (id, store_id, worker_id, payment_method, total_portions, total_amount, cash_amount, bank_amount, observations, created_at, is_paid, customer_note, is_dispatched, packaging_supply_id) values ('a47e881b-c96f-4081-bd65-666cf4fae804', '00000000-0000-0000-0000-000000000002', NULL, 'EFECTIVO', '1', '6000', '6000', '0', '', '2026-04-11 16:50:23.36573+00', 'true', NULL, 'true', NULL) on conflict (id) do update set store_id = excluded.store_id, worker_id = excluded.worker_id, payment_method = excluded.payment_method, total_portions = excluded.total_portions, total_amount = excluded.total_amount, cash_amount = excluded.cash_amount, bank_amount = excluded.bank_amount, observations = excluded.observations, created_at = excluded.created_at, is_paid = excluded.is_paid, customer_note = excluded.customer_note, is_dispatched = excluded.is_dispatched, packaging_supply_id = excluded.packaging_supply_id;
insert into public.sales (id, store_id, worker_id, payment_method, total_portions, total_amount, cash_amount, bank_amount, observations, created_at, is_paid, customer_note, is_dispatched, packaging_supply_id) values ('a67440ee-fa98-4182-a51c-dd53157de010', '00000000-0000-0000-0000-000000000002', '00000000-0000-0000-0004-000000000020', 'TRANSFERENCIA', '1', '7900', '7900', '0', '', '2026-04-12 14:28:14.238525+00', 'true', NULL, 'true', NULL) on conflict (id) do update set store_id = excluded.store_id, worker_id = excluded.worker_id, payment_method = excluded.payment_method, total_portions = excluded.total_portions, total_amount = excluded.total_amount, cash_amount = excluded.cash_amount, bank_amount = excluded.bank_amount, observations = excluded.observations, created_at = excluded.created_at, is_paid = excluded.is_paid, customer_note = excluded.customer_note, is_dispatched = excluded.is_dispatched, packaging_supply_id = excluded.packaging_supply_id;
insert into public.sales (id, store_id, worker_id, payment_method, total_portions, total_amount, cash_amount, bank_amount, observations, created_at, is_paid, customer_note, is_dispatched, packaging_supply_id) values ('aa9611bd-5c9c-4d62-88b9-d0886487121f', '00000000-0000-0000-0000-000000000002', NULL, 'EFECTIVO', '1', '7900', '7900', '0', 'para arango', '2026-05-16 01:43:33.332957+00', 'true', NULL, 'true', NULL) on conflict (id) do update set store_id = excluded.store_id, worker_id = excluded.worker_id, payment_method = excluded.payment_method, total_portions = excluded.total_portions, total_amount = excluded.total_amount, cash_amount = excluded.cash_amount, bank_amount = excluded.bank_amount, observations = excluded.observations, created_at = excluded.created_at, is_paid = excluded.is_paid, customer_note = excluded.customer_note, is_dispatched = excluded.is_dispatched, packaging_supply_id = excluded.packaging_supply_id;
insert into public.sales (id, store_id, worker_id, payment_method, total_portions, total_amount, cash_amount, bank_amount, observations, created_at, is_paid, customer_note, is_dispatched, packaging_supply_id) values ('b09d724d-65b8-41d1-b936-80c1a5c60c9e', '00000000-0000-0000-0000-000000000002', '00000000-0000-0000-0004-000000000020', 'EFECTIVO', '1', '7900', '7900', '0', '', '2026-04-21 01:04:11.197079+00', 'true', NULL, 'true', NULL) on conflict (id) do update set store_id = excluded.store_id, worker_id = excluded.worker_id, payment_method = excluded.payment_method, total_portions = excluded.total_portions, total_amount = excluded.total_amount, cash_amount = excluded.cash_amount, bank_amount = excluded.bank_amount, observations = excluded.observations, created_at = excluded.created_at, is_paid = excluded.is_paid, customer_note = excluded.customer_note, is_dispatched = excluded.is_dispatched, packaging_supply_id = excluded.packaging_supply_id;
insert into public.sales (id, store_id, worker_id, payment_method, total_portions, total_amount, cash_amount, bank_amount, observations, created_at, is_paid, customer_note, is_dispatched, packaging_supply_id) values ('be56c426-a683-42f3-b33e-dc3dd47b8970', '00000000-0000-0000-0000-000000000002', '00000000-0000-0000-0004-000000000020', 'EFECTIVO', '20', '158000', '158000', '0', 'familia x', '2026-04-21 00:43:28.022473+00', 'true', NULL, 'true', NULL) on conflict (id) do update set store_id = excluded.store_id, worker_id = excluded.worker_id, payment_method = excluded.payment_method, total_portions = excluded.total_portions, total_amount = excluded.total_amount, cash_amount = excluded.cash_amount, bank_amount = excluded.bank_amount, observations = excluded.observations, created_at = excluded.created_at, is_paid = excluded.is_paid, customer_note = excluded.customer_note, is_dispatched = excluded.is_dispatched, packaging_supply_id = excluded.packaging_supply_id;
insert into public.sales (id, store_id, worker_id, payment_method, total_portions, total_amount, cash_amount, bank_amount, observations, created_at, is_paid, customer_note, is_dispatched, packaging_supply_id) values ('bf8a8659-89fb-4766-a43c-dd63834202c3', '00000000-0000-0000-0000-000000000002', NULL, 'EFECTIVO', '2', '15800', '15800', '0', 'Ewstean', '2026-04-05 19:54:10.482743+00', 'true', NULL, 'true', NULL) on conflict (id) do update set store_id = excluded.store_id, worker_id = excluded.worker_id, payment_method = excluded.payment_method, total_portions = excluded.total_portions, total_amount = excluded.total_amount, cash_amount = excluded.cash_amount, bank_amount = excluded.bank_amount, observations = excluded.observations, created_at = excluded.created_at, is_paid = excluded.is_paid, customer_note = excluded.customer_note, is_dispatched = excluded.is_dispatched, packaging_supply_id = excluded.packaging_supply_id;
insert into public.sales (id, store_id, worker_id, payment_method, total_portions, total_amount, cash_amount, bank_amount, observations, created_at, is_paid, customer_note, is_dispatched, packaging_supply_id) values ('c068ea6e-3b56-49fa-8ee0-0c0894849749', '00000000-0000-0000-0000-000000000002', '00000000-0000-0000-0004-000000000020', 'EFECTIVO', '1', '10500', '10500', '0', '', '2026-04-11 22:38:00.309402+00', 'true', NULL, 'true', NULL) on conflict (id) do update set store_id = excluded.store_id, worker_id = excluded.worker_id, payment_method = excluded.payment_method, total_portions = excluded.total_portions, total_amount = excluded.total_amount, cash_amount = excluded.cash_amount, bank_amount = excluded.bank_amount, observations = excluded.observations, created_at = excluded.created_at, is_paid = excluded.is_paid, customer_note = excluded.customer_note, is_dispatched = excluded.is_dispatched, packaging_supply_id = excluded.packaging_supply_id;
insert into public.sales (id, store_id, worker_id, payment_method, total_portions, total_amount, cash_amount, bank_amount, observations, created_at, is_paid, customer_note, is_dispatched, packaging_supply_id) values ('c4e16b6d-492e-4b2a-bb64-0a4eb6985611', '00000000-0000-0000-0000-000000000002', NULL, 'EFECTIVO', '1', '6000', '6000', '0', '', '2026-04-11 16:50:11.798823+00', 'true', NULL, 'true', NULL) on conflict (id) do update set store_id = excluded.store_id, worker_id = excluded.worker_id, payment_method = excluded.payment_method, total_portions = excluded.total_portions, total_amount = excluded.total_amount, cash_amount = excluded.cash_amount, bank_amount = excluded.bank_amount, observations = excluded.observations, created_at = excluded.created_at, is_paid = excluded.is_paid, customer_note = excluded.customer_note, is_dispatched = excluded.is_dispatched, packaging_supply_id = excluded.packaging_supply_id;
insert into public.sales (id, store_id, worker_id, payment_method, total_portions, total_amount, cash_amount, bank_amount, observations, created_at, is_paid, customer_note, is_dispatched, packaging_supply_id) values ('c5540889-ce82-4811-96f9-be4ffd6d6a09', '00000000-0000-0000-0000-000000000002', NULL, 'EFECTIVO', '1', '10000', '10000', '0', 'Juan', '2026-04-21 02:31:39.283886+00', 'true', NULL, 'true', NULL) on conflict (id) do update set store_id = excluded.store_id, worker_id = excluded.worker_id, payment_method = excluded.payment_method, total_portions = excluded.total_portions, total_amount = excluded.total_amount, cash_amount = excluded.cash_amount, bank_amount = excluded.bank_amount, observations = excluded.observations, created_at = excluded.created_at, is_paid = excluded.is_paid, customer_note = excluded.customer_note, is_dispatched = excluded.is_dispatched, packaging_supply_id = excluded.packaging_supply_id;
insert into public.sales (id, store_id, worker_id, payment_method, total_portions, total_amount, cash_amount, bank_amount, observations, created_at, is_paid, customer_note, is_dispatched, packaging_supply_id) values ('c5dd05fe-f6f0-4865-88b4-469315fb1b1c', '00000000-0000-0000-0000-000000000002', '00000000-0000-0000-0004-000000000020', 'EFECTIVO', '9', '70200', '70200', '0', 'Familia moderna', '2026-04-21 00:36:38.184426+00', 'true', NULL, 'true', '00000000-0000-0000-0002-000000000101') on conflict (id) do update set store_id = excluded.store_id, worker_id = excluded.worker_id, payment_method = excluded.payment_method, total_portions = excluded.total_portions, total_amount = excluded.total_amount, cash_amount = excluded.cash_amount, bank_amount = excluded.bank_amount, observations = excluded.observations, created_at = excluded.created_at, is_paid = excluded.is_paid, customer_note = excluded.customer_note, is_dispatched = excluded.is_dispatched, packaging_supply_id = excluded.packaging_supply_id;
insert into public.sales (id, store_id, worker_id, payment_method, total_portions, total_amount, cash_amount, bank_amount, observations, created_at, is_paid, customer_note, is_dispatched, packaging_supply_id) values ('c6922186-3357-4a2d-9e78-bb9bd765aa70', '00000000-0000-0000-0000-000000000002', '00000000-0000-0000-0004-000000000020', 'EFECTIVO', '4', '31600', '31600', '0', 'Gays', '2026-04-21 00:38:05.342665+00', 'true', NULL, 'true', NULL) on conflict (id) do update set store_id = excluded.store_id, worker_id = excluded.worker_id, payment_method = excluded.payment_method, total_portions = excluded.total_portions, total_amount = excluded.total_amount, cash_amount = excluded.cash_amount, bank_amount = excluded.bank_amount, observations = excluded.observations, created_at = excluded.created_at, is_paid = excluded.is_paid, customer_note = excluded.customer_note, is_dispatched = excluded.is_dispatched, packaging_supply_id = excluded.packaging_supply_id;
insert into public.sales (id, store_id, worker_id, payment_method, total_portions, total_amount, cash_amount, bank_amount, observations, created_at, is_paid, customer_note, is_dispatched, packaging_supply_id) values ('c6b53b2d-920a-4f10-a72b-22a05b81ab1b', '00000000-0000-0000-0000-000000000002', '00000000-0000-0000-0004-000000000020', 'EFECTIVO', '2', '15800', '15800', '0', '', '2026-04-12 14:11:26.957409+00', 'true', NULL, 'true', NULL) on conflict (id) do update set store_id = excluded.store_id, worker_id = excluded.worker_id, payment_method = excluded.payment_method, total_portions = excluded.total_portions, total_amount = excluded.total_amount, cash_amount = excluded.cash_amount, bank_amount = excluded.bank_amount, observations = excluded.observations, created_at = excluded.created_at, is_paid = excluded.is_paid, customer_note = excluded.customer_note, is_dispatched = excluded.is_dispatched, packaging_supply_id = excluded.packaging_supply_id;
insert into public.sales (id, store_id, worker_id, payment_method, total_portions, total_amount, cash_amount, bank_amount, observations, created_at, is_paid, customer_note, is_dispatched, packaging_supply_id) values ('c860d87a-72f8-4a09-9b60-38be9c9dea89', '00000000-0000-0000-0000-000000000002', '00000000-0000-0000-0004-000000000020', 'EFECTIVO', '1', '7900', '7900', '0', '', '2026-04-11 22:46:17.819762+00', 'true', NULL, 'true', NULL) on conflict (id) do update set store_id = excluded.store_id, worker_id = excluded.worker_id, payment_method = excluded.payment_method, total_portions = excluded.total_portions, total_amount = excluded.total_amount, cash_amount = excluded.cash_amount, bank_amount = excluded.bank_amount, observations = excluded.observations, created_at = excluded.created_at, is_paid = excluded.is_paid, customer_note = excluded.customer_note, is_dispatched = excluded.is_dispatched, packaging_supply_id = excluded.packaging_supply_id;
insert into public.sales (id, store_id, worker_id, payment_method, total_portions, total_amount, cash_amount, bank_amount, observations, created_at, is_paid, customer_note, is_dispatched, packaging_supply_id) values ('c877394d-1d3a-4619-ab9b-cbac12ce263b', '00000000-0000-0000-0000-000000000002', '00000000-0000-0000-0004-000000000020', 'EFECTIVO', '1', '8000', '8000', '0', '', '2026-05-16 22:29:58.039434+00', 'true', NULL, 'true', NULL) on conflict (id) do update set store_id = excluded.store_id, worker_id = excluded.worker_id, payment_method = excluded.payment_method, total_portions = excluded.total_portions, total_amount = excluded.total_amount, cash_amount = excluded.cash_amount, bank_amount = excluded.bank_amount, observations = excluded.observations, created_at = excluded.created_at, is_paid = excluded.is_paid, customer_note = excluded.customer_note, is_dispatched = excluded.is_dispatched, packaging_supply_id = excluded.packaging_supply_id;
insert into public.sales (id, store_id, worker_id, payment_method, total_portions, total_amount, cash_amount, bank_amount, observations, created_at, is_paid, customer_note, is_dispatched, packaging_supply_id) values ('c9b62801-f332-4569-afad-7336ec4c67d1', '00000000-0000-0000-0000-000000000002', NULL, 'EFECTIVO', '1', '8500', '8500', '0', '', '2026-04-11 16:48:57.811001+00', 'true', NULL, 'true', NULL) on conflict (id) do update set store_id = excluded.store_id, worker_id = excluded.worker_id, payment_method = excluded.payment_method, total_portions = excluded.total_portions, total_amount = excluded.total_amount, cash_amount = excluded.cash_amount, bank_amount = excluded.bank_amount, observations = excluded.observations, created_at = excluded.created_at, is_paid = excluded.is_paid, customer_note = excluded.customer_note, is_dispatched = excluded.is_dispatched, packaging_supply_id = excluded.packaging_supply_id;
insert into public.sales (id, store_id, worker_id, payment_method, total_portions, total_amount, cash_amount, bank_amount, observations, created_at, is_paid, customer_note, is_dispatched, packaging_supply_id) values ('cbb71ba7-8c27-403c-8305-0f0ac2468c5a', '00000000-0000-0000-0000-000000000002', '00000000-0000-0000-0004-000000000020', 'EFECTIVO', '1', '10500', '10500', '0', 'yura', '2026-04-11 22:29:34.700984+00', 'true', NULL, 'true', NULL) on conflict (id) do update set store_id = excluded.store_id, worker_id = excluded.worker_id, payment_method = excluded.payment_method, total_portions = excluded.total_portions, total_amount = excluded.total_amount, cash_amount = excluded.cash_amount, bank_amount = excluded.bank_amount, observations = excluded.observations, created_at = excluded.created_at, is_paid = excluded.is_paid, customer_note = excluded.customer_note, is_dispatched = excluded.is_dispatched, packaging_supply_id = excluded.packaging_supply_id;
insert into public.sales (id, store_id, worker_id, payment_method, total_portions, total_amount, cash_amount, bank_amount, observations, created_at, is_paid, customer_note, is_dispatched, packaging_supply_id) values ('cea510bc-2611-40d8-9ae2-18502491818e', '00000000-0000-0000-0000-000000000002', NULL, 'EFECTIVO', '6', '36000', '36000', '0', '', '2026-04-05 22:05:49.235942+00', 'true', NULL, 'true', NULL) on conflict (id) do update set store_id = excluded.store_id, worker_id = excluded.worker_id, payment_method = excluded.payment_method, total_portions = excluded.total_portions, total_amount = excluded.total_amount, cash_amount = excluded.cash_amount, bank_amount = excluded.bank_amount, observations = excluded.observations, created_at = excluded.created_at, is_paid = excluded.is_paid, customer_note = excluded.customer_note, is_dispatched = excluded.is_dispatched, packaging_supply_id = excluded.packaging_supply_id;
insert into public.sales (id, store_id, worker_id, payment_method, total_portions, total_amount, cash_amount, bank_amount, observations, created_at, is_paid, customer_note, is_dispatched, packaging_supply_id) values ('d3f902ca-c4ce-4c93-8e2e-3d3e9ed8def0', '00000000-0000-0000-0000-000000000002', NULL, 'EFECTIVO', '8', '63200', '63200', '0', '', '2026-04-11 16:46:54.008346+00', 'true', NULL, 'true', NULL) on conflict (id) do update set store_id = excluded.store_id, worker_id = excluded.worker_id, payment_method = excluded.payment_method, total_portions = excluded.total_portions, total_amount = excluded.total_amount, cash_amount = excluded.cash_amount, bank_amount = excluded.bank_amount, observations = excluded.observations, created_at = excluded.created_at, is_paid = excluded.is_paid, customer_note = excluded.customer_note, is_dispatched = excluded.is_dispatched, packaging_supply_id = excluded.packaging_supply_id;
insert into public.sales (id, store_id, worker_id, payment_method, total_portions, total_amount, cash_amount, bank_amount, observations, created_at, is_paid, customer_note, is_dispatched, packaging_supply_id) values ('d84176ee-9fce-402d-88bc-2c911971cd55', '00000000-0000-0000-0000-000000000002', '00000000-0000-0000-0004-000000000002', 'TRANSFERENCIA', '1', '7900', '0', '7900', '', '2026-04-04 21:54:23.246396+00', 'true', NULL, 'true', NULL) on conflict (id) do update set store_id = excluded.store_id, worker_id = excluded.worker_id, payment_method = excluded.payment_method, total_portions = excluded.total_portions, total_amount = excluded.total_amount, cash_amount = excluded.cash_amount, bank_amount = excluded.bank_amount, observations = excluded.observations, created_at = excluded.created_at, is_paid = excluded.is_paid, customer_note = excluded.customer_note, is_dispatched = excluded.is_dispatched, packaging_supply_id = excluded.packaging_supply_id;
insert into public.sales (id, store_id, worker_id, payment_method, total_portions, total_amount, cash_amount, bank_amount, observations, created_at, is_paid, customer_note, is_dispatched, packaging_supply_id) values ('db6f9b71-146d-44c6-8056-d324649fc7e2', '00000000-0000-0000-0000-000000000002', '00000000-0000-0000-0004-000000000020', 'EFECTIVO', '1', '7900', '7900', '0', '', '2026-04-12 14:31:36.760026+00', 'true', NULL, 'true', NULL) on conflict (id) do update set store_id = excluded.store_id, worker_id = excluded.worker_id, payment_method = excluded.payment_method, total_portions = excluded.total_portions, total_amount = excluded.total_amount, cash_amount = excluded.cash_amount, bank_amount = excluded.bank_amount, observations = excluded.observations, created_at = excluded.created_at, is_paid = excluded.is_paid, customer_note = excluded.customer_note, is_dispatched = excluded.is_dispatched, packaging_supply_id = excluded.packaging_supply_id;
insert into public.sales (id, store_id, worker_id, payment_method, total_portions, total_amount, cash_amount, bank_amount, observations, created_at, is_paid, customer_note, is_dispatched, packaging_supply_id) values ('de2ccc75-9c07-405c-9ad0-0edca0626b15', '00000000-0000-0000-0000-000000000002', NULL, 'EFECTIVO', '25', '197500', '197500', '0', '', '2026-04-05 19:56:22.642211+00', 'true', NULL, 'true', NULL) on conflict (id) do update set store_id = excluded.store_id, worker_id = excluded.worker_id, payment_method = excluded.payment_method, total_portions = excluded.total_portions, total_amount = excluded.total_amount, cash_amount = excluded.cash_amount, bank_amount = excluded.bank_amount, observations = excluded.observations, created_at = excluded.created_at, is_paid = excluded.is_paid, customer_note = excluded.customer_note, is_dispatched = excluded.is_dispatched, packaging_supply_id = excluded.packaging_supply_id;
insert into public.sales (id, store_id, worker_id, payment_method, total_portions, total_amount, cash_amount, bank_amount, observations, created_at, is_paid, customer_note, is_dispatched, packaging_supply_id) values ('dfe1df99-99f2-4979-9ee6-6470bcd91fe4', '00000000-0000-0000-0000-000000000002', '00000000-0000-0000-0004-000000000020', 'EFECTIVO', '1', '7900', '7900', '0', '', '2026-04-12 14:35:56.184925+00', 'true', NULL, 'true', NULL) on conflict (id) do update set store_id = excluded.store_id, worker_id = excluded.worker_id, payment_method = excluded.payment_method, total_portions = excluded.total_portions, total_amount = excluded.total_amount, cash_amount = excluded.cash_amount, bank_amount = excluded.bank_amount, observations = excluded.observations, created_at = excluded.created_at, is_paid = excluded.is_paid, customer_note = excluded.customer_note, is_dispatched = excluded.is_dispatched, packaging_supply_id = excluded.packaging_supply_id;
insert into public.sales (id, store_id, worker_id, payment_method, total_portions, total_amount, cash_amount, bank_amount, observations, created_at, is_paid, customer_note, is_dispatched, packaging_supply_id) values ('e057e9ec-c7e6-42c4-a47c-febaf0f1b09e', '00000000-0000-0000-0000-000000000002', NULL, 'EFECTIVO', '8', '63200', '63200', '0', '', '2026-04-11 16:46:53.503249+00', 'true', NULL, 'true', NULL) on conflict (id) do update set store_id = excluded.store_id, worker_id = excluded.worker_id, payment_method = excluded.payment_method, total_portions = excluded.total_portions, total_amount = excluded.total_amount, cash_amount = excluded.cash_amount, bank_amount = excluded.bank_amount, observations = excluded.observations, created_at = excluded.created_at, is_paid = excluded.is_paid, customer_note = excluded.customer_note, is_dispatched = excluded.is_dispatched, packaging_supply_id = excluded.packaging_supply_id;
insert into public.sales (id, store_id, worker_id, payment_method, total_portions, total_amount, cash_amount, bank_amount, observations, created_at, is_paid, customer_note, is_dispatched, packaging_supply_id) values ('e2ae0bc8-06c8-494b-827b-7e50f4649d6a', '00000000-0000-0000-0000-000000000002', NULL, 'EFECTIVO', '8', '63200', '63200', '0', '', '2026-04-11 16:46:53.753092+00', 'true', NULL, 'true', NULL) on conflict (id) do update set store_id = excluded.store_id, worker_id = excluded.worker_id, payment_method = excluded.payment_method, total_portions = excluded.total_portions, total_amount = excluded.total_amount, cash_amount = excluded.cash_amount, bank_amount = excluded.bank_amount, observations = excluded.observations, created_at = excluded.created_at, is_paid = excluded.is_paid, customer_note = excluded.customer_note, is_dispatched = excluded.is_dispatched, packaging_supply_id = excluded.packaging_supply_id;
insert into public.sales (id, store_id, worker_id, payment_method, total_portions, total_amount, cash_amount, bank_amount, observations, created_at, is_paid, customer_note, is_dispatched, packaging_supply_id) values ('e2bc5b63-9ae7-49bb-a70f-bda96521a3b1', '00000000-0000-0000-0000-000000000002', NULL, 'EFECTIVO', '1', '7900', '7900', '0', '', '2026-05-16 01:42:37.000662+00', 'true', NULL, 'true', NULL) on conflict (id) do update set store_id = excluded.store_id, worker_id = excluded.worker_id, payment_method = excluded.payment_method, total_portions = excluded.total_portions, total_amount = excluded.total_amount, cash_amount = excluded.cash_amount, bank_amount = excluded.bank_amount, observations = excluded.observations, created_at = excluded.created_at, is_paid = excluded.is_paid, customer_note = excluded.customer_note, is_dispatched = excluded.is_dispatched, packaging_supply_id = excluded.packaging_supply_id;
insert into public.sales (id, store_id, worker_id, payment_method, total_portions, total_amount, cash_amount, bank_amount, observations, created_at, is_paid, customer_note, is_dispatched, packaging_supply_id) values ('e3a96513-a3ed-4597-97c3-f95c1bf6d6ad', '00000000-0000-0000-0000-000000000002', '00000000-0000-0000-0004-000000000020', 'EFECTIVO', '1', '8500', '8500', '0', '', '2026-04-11 22:32:47.076755+00', 'true', NULL, 'true', NULL) on conflict (id) do update set store_id = excluded.store_id, worker_id = excluded.worker_id, payment_method = excluded.payment_method, total_portions = excluded.total_portions, total_amount = excluded.total_amount, cash_amount = excluded.cash_amount, bank_amount = excluded.bank_amount, observations = excluded.observations, created_at = excluded.created_at, is_paid = excluded.is_paid, customer_note = excluded.customer_note, is_dispatched = excluded.is_dispatched, packaging_supply_id = excluded.packaging_supply_id;
insert into public.sales (id, store_id, worker_id, payment_method, total_portions, total_amount, cash_amount, bank_amount, observations, created_at, is_paid, customer_note, is_dispatched, packaging_supply_id) values ('e540ba0f-4eae-4744-b6c0-4350f0d17694', '00000000-0000-0000-0000-000000000002', NULL, 'EFECTIVO', '8', '63200', '63200', '0', '', '2026-04-11 16:46:53.165088+00', 'true', NULL, 'true', NULL) on conflict (id) do update set store_id = excluded.store_id, worker_id = excluded.worker_id, payment_method = excluded.payment_method, total_portions = excluded.total_portions, total_amount = excluded.total_amount, cash_amount = excluded.cash_amount, bank_amount = excluded.bank_amount, observations = excluded.observations, created_at = excluded.created_at, is_paid = excluded.is_paid, customer_note = excluded.customer_note, is_dispatched = excluded.is_dispatched, packaging_supply_id = excluded.packaging_supply_id;
insert into public.sales (id, store_id, worker_id, payment_method, total_portions, total_amount, cash_amount, bank_amount, observations, created_at, is_paid, customer_note, is_dispatched, packaging_supply_id) values ('eec84c7f-4f2e-4b79-add0-86ec4e07c0aa', '00000000-0000-0000-0000-000000000002', NULL, 'EFECTIVO', '8', '63200', '63200', '0', '', '2026-04-11 16:46:52.782259+00', 'true', NULL, 'true', NULL) on conflict (id) do update set store_id = excluded.store_id, worker_id = excluded.worker_id, payment_method = excluded.payment_method, total_portions = excluded.total_portions, total_amount = excluded.total_amount, cash_amount = excluded.cash_amount, bank_amount = excluded.bank_amount, observations = excluded.observations, created_at = excluded.created_at, is_paid = excluded.is_paid, customer_note = excluded.customer_note, is_dispatched = excluded.is_dispatched, packaging_supply_id = excluded.packaging_supply_id;
insert into public.sales (id, store_id, worker_id, payment_method, total_portions, total_amount, cash_amount, bank_amount, observations, created_at, is_paid, customer_note, is_dispatched, packaging_supply_id) values ('f739af6b-45c1-428f-b6b5-6cacda4c540b', '00000000-0000-0000-0000-000000000002', '00000000-0000-0000-0004-000000000020', 'EFECTIVO', '1', '8500', '8500', '0', '', '2026-04-11 22:30:04.330985+00', 'true', NULL, 'true', NULL) on conflict (id) do update set store_id = excluded.store_id, worker_id = excluded.worker_id, payment_method = excluded.payment_method, total_portions = excluded.total_portions, total_amount = excluded.total_amount, cash_amount = excluded.cash_amount, bank_amount = excluded.bank_amount, observations = excluded.observations, created_at = excluded.created_at, is_paid = excluded.is_paid, customer_note = excluded.customer_note, is_dispatched = excluded.is_dispatched, packaging_supply_id = excluded.packaging_supply_id;

-- public.sale_items (56 rows)
insert into public.sale_items (id, sale_id, product_id, size, quantity, portions, unit_price, subtotal, format_id, format_name, additions_total) values ('0d8360ea-135f-4fe7-9fec-ea0af2127a3b', '283e9ce0-3d80-40ff-bb55-dbe17877338c', '00000000-0000-0000-0001-000000000014', NULL, '1', '1', '6000', '6000', '731472ff-a486-4443-8179-435b653ecd36', 'Individual', '0') on conflict (id) do update set sale_id = excluded.sale_id, product_id = excluded.product_id, size = excluded.size, quantity = excluded.quantity, portions = excluded.portions, unit_price = excluded.unit_price, subtotal = excluded.subtotal, format_id = excluded.format_id, format_name = excluded.format_name, additions_total = excluded.additions_total;
insert into public.sale_items (id, sale_id, product_id, size, quantity, portions, unit_price, subtotal, format_id, format_name, additions_total) values ('0ee4cf4b-ad5b-482e-b388-441683855359', 'db6f9b71-146d-44c6-8056-d324649fc7e2', '00000000-0000-0000-0001-000000000002', NULL, '1', '1', '7900', '7900', '7bf4336c-59d6-4221-a0b1-910211e1e031', 'Individual', '0') on conflict (id) do update set sale_id = excluded.sale_id, product_id = excluded.product_id, size = excluded.size, quantity = excluded.quantity, portions = excluded.portions, unit_price = excluded.unit_price, subtotal = excluded.subtotal, format_id = excluded.format_id, format_name = excluded.format_name, additions_total = excluded.additions_total;
insert into public.sale_items (id, sale_id, product_id, size, quantity, portions, unit_price, subtotal, format_id, format_name, additions_total) values ('11e27613-59bd-43b5-a2eb-7003ff022add', 'be56c426-a683-42f3-b33e-dc3dd47b8970', '00000000-0000-0000-0001-000000000001', NULL, '4', '4', '7900', '31600', '52daf59d-2fa1-4675-8657-6767a602d676', 'Individual', '0') on conflict (id) do update set sale_id = excluded.sale_id, product_id = excluded.product_id, size = excluded.size, quantity = excluded.quantity, portions = excluded.portions, unit_price = excluded.unit_price, subtotal = excluded.subtotal, format_id = excluded.format_id, format_name = excluded.format_name, additions_total = excluded.additions_total;
insert into public.sale_items (id, sale_id, product_id, size, quantity, portions, unit_price, subtotal, format_id, format_name, additions_total) values ('125255ab-b589-4ad5-91c6-0b7b45bd8e6e', '4b2e704f-6afc-4a2b-9686-2c640038b1be', '00000000-0000-0000-0001-000000000001', NULL, '1', '8', '63200', '79200', '66cd2881-b7dc-4043-b3ad-d781a1fdd423', 'Familiar', '16000') on conflict (id) do update set sale_id = excluded.sale_id, product_id = excluded.product_id, size = excluded.size, quantity = excluded.quantity, portions = excluded.portions, unit_price = excluded.unit_price, subtotal = excluded.subtotal, format_id = excluded.format_id, format_name = excluded.format_name, additions_total = excluded.additions_total;
insert into public.sale_items (id, sale_id, product_id, size, quantity, portions, unit_price, subtotal, format_id, format_name, additions_total) values ('1ad770fe-bd2b-4a86-9633-984a8f543917', '80102420-9fe9-403c-b94c-a96074e7b936', '00000000-0000-0000-0001-000000000001', NULL, '1', '4', '31600', '31600', '560273c0-172d-47d3-83b7-2e95be293b29', 'Mediana', '0') on conflict (id) do update set sale_id = excluded.sale_id, product_id = excluded.product_id, size = excluded.size, quantity = excluded.quantity, portions = excluded.portions, unit_price = excluded.unit_price, subtotal = excluded.subtotal, format_id = excluded.format_id, format_name = excluded.format_name, additions_total = excluded.additions_total;
insert into public.sale_items (id, sale_id, product_id, size, quantity, portions, unit_price, subtotal, format_id, format_name, additions_total) values ('21e344c1-093c-4846-a3d7-81eacb22c5dc', '810a3633-e370-4af8-ae29-f996f1ac6535', '00000000-0000-0000-0001-000000000001', NULL, '1', '1', '7900', '7900', '52daf59d-2fa1-4675-8657-6767a602d676', 'Individual', '0') on conflict (id) do update set sale_id = excluded.sale_id, product_id = excluded.product_id, size = excluded.size, quantity = excluded.quantity, portions = excluded.portions, unit_price = excluded.unit_price, subtotal = excluded.subtotal, format_id = excluded.format_id, format_name = excluded.format_name, additions_total = excluded.additions_total;
insert into public.sale_items (id, sale_id, product_id, size, quantity, portions, unit_price, subtotal, format_id, format_name, additions_total) values ('2662056b-14c0-4f88-925a-3cede89c7985', 'd84176ee-9fce-402d-88bc-2c911971cd55', '00000000-0000-0000-0001-000000000004', 'INDIVIDUAL', '1', '1', '7900', '7900', NULL, NULL, '0') on conflict (id) do update set sale_id = excluded.sale_id, product_id = excluded.product_id, size = excluded.size, quantity = excluded.quantity, portions = excluded.portions, unit_price = excluded.unit_price, subtotal = excluded.subtotal, format_id = excluded.format_id, format_name = excluded.format_name, additions_total = excluded.additions_total;
insert into public.sale_items (id, sale_id, product_id, size, quantity, portions, unit_price, subtotal, format_id, format_name, additions_total) values ('275198ba-a169-42bb-b9a2-19d2cba57c48', 'c6922186-3357-4a2d-9e78-bb9bd765aa70', '00000000-0000-0000-0001-000000000002', NULL, '2', '2', '7900', '15800', '7bf4336c-59d6-4221-a0b1-910211e1e031', 'Individual', '0') on conflict (id) do update set sale_id = excluded.sale_id, product_id = excluded.product_id, size = excluded.size, quantity = excluded.quantity, portions = excluded.portions, unit_price = excluded.unit_price, subtotal = excluded.subtotal, format_id = excluded.format_id, format_name = excluded.format_name, additions_total = excluded.additions_total;
insert into public.sale_items (id, sale_id, product_id, size, quantity, portions, unit_price, subtotal, format_id, format_name, additions_total) values ('282c2477-c9cf-4e3f-8cdd-39f493a1923d', 'cea510bc-2611-40d8-9ae2-18502491818e', '00000000-0000-0000-0001-000000000014', 'INDIVIDUAL', '3', '3', '6000', '18000', NULL, NULL, '0') on conflict (id) do update set sale_id = excluded.sale_id, product_id = excluded.product_id, size = excluded.size, quantity = excluded.quantity, portions = excluded.portions, unit_price = excluded.unit_price, subtotal = excluded.subtotal, format_id = excluded.format_id, format_name = excluded.format_name, additions_total = excluded.additions_total;
insert into public.sale_items (id, sale_id, product_id, size, quantity, portions, unit_price, subtotal, format_id, format_name, additions_total) values ('2ff99491-cad8-4470-99fd-05694e200fd9', 'c5dd05fe-f6f0-4865-88b4-469315fb1b1c', '00000000-0000-0000-0001-000000000008', NULL, '1', '1', '7000', '7000', '4933cc6f-1e05-487c-b4f7-428418382302', 'Individual', '0') on conflict (id) do update set sale_id = excluded.sale_id, product_id = excluded.product_id, size = excluded.size, quantity = excluded.quantity, portions = excluded.portions, unit_price = excluded.unit_price, subtotal = excluded.subtotal, format_id = excluded.format_id, format_name = excluded.format_name, additions_total = excluded.additions_total;
insert into public.sale_items (id, sale_id, product_id, size, quantity, portions, unit_price, subtotal, format_id, format_name, additions_total) values ('34222163-d3b3-41ad-a0f6-fc2b861f1c4c', '932884b9-a413-44a4-9f25-97d65011491e', '00000000-0000-0000-0001-000000000007', 'INDIVIDUAL', '3', '3', '6000', '18000', NULL, NULL, '0') on conflict (id) do update set sale_id = excluded.sale_id, product_id = excluded.product_id, size = excluded.size, quantity = excluded.quantity, portions = excluded.portions, unit_price = excluded.unit_price, subtotal = excluded.subtotal, format_id = excluded.format_id, format_name = excluded.format_name, additions_total = excluded.additions_total;
insert into public.sale_items (id, sale_id, product_id, size, quantity, portions, unit_price, subtotal, format_id, format_name, additions_total) values ('34e145c1-2a5d-45bc-a82b-731be4c93cae', '3d60ab20-0984-4ce1-8e35-bfc3f5bfcea7', '00000000-0000-0000-0001-000000000002', 'INDIVIDUAL', '1', '1', '7900', '7900', NULL, NULL, '0') on conflict (id) do update set sale_id = excluded.sale_id, product_id = excluded.product_id, size = excluded.size, quantity = excluded.quantity, portions = excluded.portions, unit_price = excluded.unit_price, subtotal = excluded.subtotal, format_id = excluded.format_id, format_name = excluded.format_name, additions_total = excluded.additions_total;
insert into public.sale_items (id, sale_id, product_id, size, quantity, portions, unit_price, subtotal, format_id, format_name, additions_total) values ('3849fef1-896e-4769-ad7f-9646bfcf9198', '42d73792-5283-4b6d-a9e5-208ff96f67b3', '00000000-0000-0000-0001-000000000001', 'FAMILIAR', '3', '24', '63200', '189600', NULL, NULL, '0') on conflict (id) do update set sale_id = excluded.sale_id, product_id = excluded.product_id, size = excluded.size, quantity = excluded.quantity, portions = excluded.portions, unit_price = excluded.unit_price, subtotal = excluded.subtotal, format_id = excluded.format_id, format_name = excluded.format_name, additions_total = excluded.additions_total;
insert into public.sale_items (id, sale_id, product_id, size, quantity, portions, unit_price, subtotal, format_id, format_name, additions_total) values ('3bfaabe1-a5e5-49da-b95c-4f10f7a8bc32', 'de2ccc75-9c07-405c-9ad0-0edca0626b15', '00000000-0000-0000-0001-000000000002', 'INDIVIDUAL', '1', '1', '7900', '7900', NULL, NULL, '0') on conflict (id) do update set sale_id = excluded.sale_id, product_id = excluded.product_id, size = excluded.size, quantity = excluded.quantity, portions = excluded.portions, unit_price = excluded.unit_price, subtotal = excluded.subtotal, format_id = excluded.format_id, format_name = excluded.format_name, additions_total = excluded.additions_total;
insert into public.sale_items (id, sale_id, product_id, size, quantity, portions, unit_price, subtotal, format_id, format_name, additions_total) values ('448446d6-ab5d-48d0-a951-7de8613f6e5f', 'c5dd05fe-f6f0-4865-88b4-469315fb1b1c', '00000000-0000-0000-0001-000000000001', NULL, '1', '4', '31600', '31600', '560273c0-172d-47d3-83b7-2e95be293b29', 'Mediana', '0') on conflict (id) do update set sale_id = excluded.sale_id, product_id = excluded.product_id, size = excluded.size, quantity = excluded.quantity, portions = excluded.portions, unit_price = excluded.unit_price, subtotal = excluded.subtotal, format_id = excluded.format_id, format_name = excluded.format_name, additions_total = excluded.additions_total;
insert into public.sale_items (id, sale_id, product_id, size, quantity, portions, unit_price, subtotal, format_id, format_name, additions_total) values ('44ae0848-288b-4777-9b2d-524c96f4c258', '59bf380e-d721-4cd1-975c-cb327a8a9f12', '00000000-0000-0000-0001-000000000002', 'FAMILIAR', '1', '8', '63200', '63200', NULL, NULL, '0') on conflict (id) do update set sale_id = excluded.sale_id, product_id = excluded.product_id, size = excluded.size, quantity = excluded.quantity, portions = excluded.portions, unit_price = excluded.unit_price, subtotal = excluded.subtotal, format_id = excluded.format_id, format_name = excluded.format_name, additions_total = excluded.additions_total;
insert into public.sale_items (id, sale_id, product_id, size, quantity, portions, unit_price, subtotal, format_id, format_name, additions_total) values ('4ca3fb13-04b7-449d-b792-0c3e8dc54f68', '670e9e4a-04d2-4842-805e-9af4ab17c039', '00000000-0000-0000-0001-000000000003', NULL, '1', '4', '31600', '31600', '05868d23-5264-444e-8173-0eb52bdf968a', 'Mediana', '0') on conflict (id) do update set sale_id = excluded.sale_id, product_id = excluded.product_id, size = excluded.size, quantity = excluded.quantity, portions = excluded.portions, unit_price = excluded.unit_price, subtotal = excluded.subtotal, format_id = excluded.format_id, format_name = excluded.format_name, additions_total = excluded.additions_total;
insert into public.sale_items (id, sale_id, product_id, size, quantity, portions, unit_price, subtotal, format_id, format_name, additions_total) values ('4f9dd191-ae3e-42a0-994e-c70c628936ef', 'a3c555e6-9038-4453-b071-da12603f36d7', '00000000-0000-0000-0001-000000000005', NULL, '1', '1', '6000', '6000', '15a846b4-1b7b-44cb-9f26-b00271901739', 'Individual', '0') on conflict (id) do update set sale_id = excluded.sale_id, product_id = excluded.product_id, size = excluded.size, quantity = excluded.quantity, portions = excluded.portions, unit_price = excluded.unit_price, subtotal = excluded.subtotal, format_id = excluded.format_id, format_name = excluded.format_name, additions_total = excluded.additions_total;
insert into public.sale_items (id, sale_id, product_id, size, quantity, portions, unit_price, subtotal, format_id, format_name, additions_total) values ('513d9dfe-9f2d-4825-94bb-d185aa1f6cee', 'c877394d-1d3a-4619-ab9b-cbac12ce263b', '00000000-0000-0000-0001-000000000014', NULL, '1', '1', '6000', '8000', '731472ff-a486-4443-8179-435b653ecd36', 'Individual', '2000') on conflict (id) do update set sale_id = excluded.sale_id, product_id = excluded.product_id, size = excluded.size, quantity = excluded.quantity, portions = excluded.portions, unit_price = excluded.unit_price, subtotal = excluded.subtotal, format_id = excluded.format_id, format_name = excluded.format_name, additions_total = excluded.additions_total;
insert into public.sale_items (id, sale_id, product_id, size, quantity, portions, unit_price, subtotal, format_id, format_name, additions_total) values ('52fdf3c7-e953-45b9-b214-59f9d7a879d5', '670e9e4a-04d2-4842-805e-9af4ab17c039', '00000000-0000-0000-0001-000000000006', NULL, '1', '1', '8500', '8500', '462f53bc-a2e4-41a1-917c-f303cc79a91f', 'Individual', '0') on conflict (id) do update set sale_id = excluded.sale_id, product_id = excluded.product_id, size = excluded.size, quantity = excluded.quantity, portions = excluded.portions, unit_price = excluded.unit_price, subtotal = excluded.subtotal, format_id = excluded.format_id, format_name = excluded.format_name, additions_total = excluded.additions_total;
insert into public.sale_items (id, sale_id, product_id, size, quantity, portions, unit_price, subtotal, format_id, format_name, additions_total) values ('5342a807-af58-480c-8d43-33a5a1f38dbf', 'be56c426-a683-42f3-b33e-dc3dd47b8970', '00000000-0000-0000-0001-000000000001', NULL, '2', '16', '63200', '126400', '66cd2881-b7dc-4043-b3ad-d781a1fdd423', 'Familiar', '0') on conflict (id) do update set sale_id = excluded.sale_id, product_id = excluded.product_id, size = excluded.size, quantity = excluded.quantity, portions = excluded.portions, unit_price = excluded.unit_price, subtotal = excluded.subtotal, format_id = excluded.format_id, format_name = excluded.format_name, additions_total = excluded.additions_total;
insert into public.sale_items (id, sale_id, product_id, size, quantity, portions, unit_price, subtotal, format_id, format_name, additions_total) values ('547fed32-75b9-4536-9648-b9147d5ae58e', 'e2bc5b63-9ae7-49bb-a70f-bda96521a3b1', '00000000-0000-0000-0001-000000000001', NULL, '1', '1', '7900', '7900', '52daf59d-2fa1-4675-8657-6767a602d676', 'Individual', '0') on conflict (id) do update set sale_id = excluded.sale_id, product_id = excluded.product_id, size = excluded.size, quantity = excluded.quantity, portions = excluded.portions, unit_price = excluded.unit_price, subtotal = excluded.subtotal, format_id = excluded.format_id, format_name = excluded.format_name, additions_total = excluded.additions_total;
insert into public.sale_items (id, sale_id, product_id, size, quantity, portions, unit_price, subtotal, format_id, format_name, additions_total) values ('57450c4b-bd58-40cd-bb72-0f64dd1dbd5a', 'c068ea6e-3b56-49fa-8ee0-0c0894849749', '00000000-0000-0000-0001-000000000006', NULL, '1', '1', '8500', '10500', '462f53bc-a2e4-41a1-917c-f303cc79a91f', 'Individual', '2000') on conflict (id) do update set sale_id = excluded.sale_id, product_id = excluded.product_id, size = excluded.size, quantity = excluded.quantity, portions = excluded.portions, unit_price = excluded.unit_price, subtotal = excluded.subtotal, format_id = excluded.format_id, format_name = excluded.format_name, additions_total = excluded.additions_total;
insert into public.sale_items (id, sale_id, product_id, size, quantity, portions, unit_price, subtotal, format_id, format_name, additions_total) values ('593942ff-c786-4034-b291-6f083a84ae0a', '8fcc014a-7acb-46ba-867e-2e2f10c2c5f7', '00000000-0000-0000-0001-000000000006', 'INDIVIDUAL', '1', '1', '8500', '8500', NULL, NULL, '0') on conflict (id) do update set sale_id = excluded.sale_id, product_id = excluded.product_id, size = excluded.size, quantity = excluded.quantity, portions = excluded.portions, unit_price = excluded.unit_price, subtotal = excluded.subtotal, format_id = excluded.format_id, format_name = excluded.format_name, additions_total = excluded.additions_total;
insert into public.sale_items (id, sale_id, product_id, size, quantity, portions, unit_price, subtotal, format_id, format_name, additions_total) values ('5da73411-271f-4cea-875b-a33b052c1da1', '32ed7132-2757-470c-a99f-47d4ff8bd95e', '00000000-0000-0000-0001-000000000002', NULL, '2', '2', '7900', '15800', '7bf4336c-59d6-4221-a0b1-910211e1e031', 'Individual', '0') on conflict (id) do update set sale_id = excluded.sale_id, product_id = excluded.product_id, size = excluded.size, quantity = excluded.quantity, portions = excluded.portions, unit_price = excluded.unit_price, subtotal = excluded.subtotal, format_id = excluded.format_id, format_name = excluded.format_name, additions_total = excluded.additions_total;
insert into public.sale_items (id, sale_id, product_id, size, quantity, portions, unit_price, subtotal, format_id, format_name, additions_total) values ('607f3d33-6627-4cb0-a485-ebf367dda22d', '9f9724c0-c0bf-4951-9cba-ae334b7d2d08', '00000000-0000-0000-0001-000000000007', NULL, '1', '1', '6000', '6000', '389a4673-a142-4fab-a2c4-76f2a042295f', 'Individual', '0') on conflict (id) do update set sale_id = excluded.sale_id, product_id = excluded.product_id, size = excluded.size, quantity = excluded.quantity, portions = excluded.portions, unit_price = excluded.unit_price, subtotal = excluded.subtotal, format_id = excluded.format_id, format_name = excluded.format_name, additions_total = excluded.additions_total;
insert into public.sale_items (id, sale_id, product_id, size, quantity, portions, unit_price, subtotal, format_id, format_name, additions_total) values ('67b62692-299c-4c34-93ed-73880862e477', '78168350-a072-46ec-947a-81d95c3df6f0', '00000000-0000-0000-0001-000000000002', 'INDIVIDUAL', '1', '1', '7900', '7900', NULL, NULL, '0') on conflict (id) do update set sale_id = excluded.sale_id, product_id = excluded.product_id, size = excluded.size, quantity = excluded.quantity, portions = excluded.portions, unit_price = excluded.unit_price, subtotal = excluded.subtotal, format_id = excluded.format_id, format_name = excluded.format_name, additions_total = excluded.additions_total;
insert into public.sale_items (id, sale_id, product_id, size, quantity, portions, unit_price, subtotal, format_id, format_name, additions_total) values ('6e0a6e07-2cd0-48a1-b050-304c63b72a66', 'c5dd05fe-f6f0-4865-88b4-469315fb1b1c', '00000000-0000-0000-0001-000000000002', NULL, '1', '4', '31600', '31600', 'ee4bff3e-cc84-439d-97b5-561d0ade13e3', 'Mediana', '0') on conflict (id) do update set sale_id = excluded.sale_id, product_id = excluded.product_id, size = excluded.size, quantity = excluded.quantity, portions = excluded.portions, unit_price = excluded.unit_price, subtotal = excluded.subtotal, format_id = excluded.format_id, format_name = excluded.format_name, additions_total = excluded.additions_total;
insert into public.sale_items (id, sale_id, product_id, size, quantity, portions, unit_price, subtotal, format_id, format_name, additions_total) values ('6e2a162a-6f11-42f3-bc9c-b96e015026fc', '538b2f41-8d0e-4d71-9bb3-bebfd69fc384', '00000000-0000-0000-0001-000000000002', 'FAMILIAR', '2', '16', '63200', '126400', NULL, NULL, '0') on conflict (id) do update set sale_id = excluded.sale_id, product_id = excluded.product_id, size = excluded.size, quantity = excluded.quantity, portions = excluded.portions, unit_price = excluded.unit_price, subtotal = excluded.subtotal, format_id = excluded.format_id, format_name = excluded.format_name, additions_total = excluded.additions_total;
insert into public.sale_items (id, sale_id, product_id, size, quantity, portions, unit_price, subtotal, format_id, format_name, additions_total) values ('6f19122a-66dc-4907-9244-d6132f39c558', '1f51966e-480d-4dc4-bf8e-dc43630d6a1a', '00000000-0000-0000-0001-000000000001', NULL, '1', '1', '7900', '7900', '52daf59d-2fa1-4675-8657-6767a602d676', 'Individual', '0') on conflict (id) do update set sale_id = excluded.sale_id, product_id = excluded.product_id, size = excluded.size, quantity = excluded.quantity, portions = excluded.portions, unit_price = excluded.unit_price, subtotal = excluded.subtotal, format_id = excluded.format_id, format_name = excluded.format_name, additions_total = excluded.additions_total;
insert into public.sale_items (id, sale_id, product_id, size, quantity, portions, unit_price, subtotal, format_id, format_name, additions_total) values ('7f840734-d06c-41b5-abd6-34121d0d5cdd', 'a67440ee-fa98-4182-a51c-dd53157de010', '00000000-0000-0000-0001-000000000001', NULL, '1', '1', '7900', '7900', '52daf59d-2fa1-4675-8657-6767a602d676', 'Individual', '0') on conflict (id) do update set sale_id = excluded.sale_id, product_id = excluded.product_id, size = excluded.size, quantity = excluded.quantity, portions = excluded.portions, unit_price = excluded.unit_price, subtotal = excluded.subtotal, format_id = excluded.format_id, format_name = excluded.format_name, additions_total = excluded.additions_total;
insert into public.sale_items (id, sale_id, product_id, size, quantity, portions, unit_price, subtotal, format_id, format_name, additions_total) values ('82d87c9a-f3d8-4dca-9838-e2db10da3b8f', '308e87a4-049c-4582-b9e0-56dce60d3672', '00000000-0000-0000-0001-000000000005', NULL, '1', '1', '6000', '6000', '15a846b4-1b7b-44cb-9f26-b00271901739', 'Individual', '0') on conflict (id) do update set sale_id = excluded.sale_id, product_id = excluded.product_id, size = excluded.size, quantity = excluded.quantity, portions = excluded.portions, unit_price = excluded.unit_price, subtotal = excluded.subtotal, format_id = excluded.format_id, format_name = excluded.format_name, additions_total = excluded.additions_total;
insert into public.sale_items (id, sale_id, product_id, size, quantity, portions, unit_price, subtotal, format_id, format_name, additions_total) values ('8b0f4b58-d352-4760-9683-61efae7b91ea', '7473879f-2bdd-47b2-9418-079e23ffd69e', '00000000-0000-0000-0001-000000000001', NULL, '1', '1', '7900', '7900', '52daf59d-2fa1-4675-8657-6767a602d676', 'Individual', '0') on conflict (id) do update set sale_id = excluded.sale_id, product_id = excluded.product_id, size = excluded.size, quantity = excluded.quantity, portions = excluded.portions, unit_price = excluded.unit_price, subtotal = excluded.subtotal, format_id = excluded.format_id, format_name = excluded.format_name, additions_total = excluded.additions_total;
insert into public.sale_items (id, sale_id, product_id, size, quantity, portions, unit_price, subtotal, format_id, format_name, additions_total) values ('8e9e9e65-16ea-4e72-8465-9682a22fe520', 'de2ccc75-9c07-405c-9ad0-0edca0626b15', '00000000-0000-0000-0001-000000000003', 'FAMILIAR', '1', '8', '63200', '63200', NULL, NULL, '0') on conflict (id) do update set sale_id = excluded.sale_id, product_id = excluded.product_id, size = excluded.size, quantity = excluded.quantity, portions = excluded.portions, unit_price = excluded.unit_price, subtotal = excluded.subtotal, format_id = excluded.format_id, format_name = excluded.format_name, additions_total = excluded.additions_total;
insert into public.sale_items (id, sale_id, product_id, size, quantity, portions, unit_price, subtotal, format_id, format_name, additions_total) values ('91a0e438-0c81-45eb-aed2-c3e5f8f15ae2', '84d81880-aa22-4371-bbad-2d0db1694fe5', '00000000-0000-0000-0001-000000000001', NULL, '1', '1', '7900', '7900', '52daf59d-2fa1-4675-8657-6767a602d676', 'Individual', '0') on conflict (id) do update set sale_id = excluded.sale_id, product_id = excluded.product_id, size = excluded.size, quantity = excluded.quantity, portions = excluded.portions, unit_price = excluded.unit_price, subtotal = excluded.subtotal, format_id = excluded.format_id, format_name = excluded.format_name, additions_total = excluded.additions_total;
insert into public.sale_items (id, sale_id, product_id, size, quantity, portions, unit_price, subtotal, format_id, format_name, additions_total) values ('91e196dc-b057-4fa6-b221-43a76eec8e13', 'c6922186-3357-4a2d-9e78-bb9bd765aa70', '00000000-0000-0000-0001-000000000004', NULL, '2', '2', '7900', '15800', '54edbdeb-313e-4985-867a-8af3a687d9b1', 'Individual', '0') on conflict (id) do update set sale_id = excluded.sale_id, product_id = excluded.product_id, size = excluded.size, quantity = excluded.quantity, portions = excluded.portions, unit_price = excluded.unit_price, subtotal = excluded.subtotal, format_id = excluded.format_id, format_name = excluded.format_name, additions_total = excluded.additions_total;
insert into public.sale_items (id, sale_id, product_id, size, quantity, portions, unit_price, subtotal, format_id, format_name, additions_total) values ('952aa5f4-84a4-4c43-af76-e1dc3223ff44', '7983975e-0ba1-46be-8a0f-d77b5336fcba', '00000000-0000-0000-0001-000000000013', 'INDIVIDUAL', '1', '1', '6000', '6000', NULL, NULL, '0') on conflict (id) do update set sale_id = excluded.sale_id, product_id = excluded.product_id, size = excluded.size, quantity = excluded.quantity, portions = excluded.portions, unit_price = excluded.unit_price, subtotal = excluded.subtotal, format_id = excluded.format_id, format_name = excluded.format_name, additions_total = excluded.additions_total;
insert into public.sale_items (id, sale_id, product_id, size, quantity, portions, unit_price, subtotal, format_id, format_name, additions_total) values ('9c9ec1b1-73dd-4713-abdc-567c9b2e8a0e', 'de2ccc75-9c07-405c-9ad0-0edca0626b15', '00000000-0000-0000-0001-000000000002', 'FAMILIAR', '2', '16', '63200', '126400', NULL, NULL, '0') on conflict (id) do update set sale_id = excluded.sale_id, product_id = excluded.product_id, size = excluded.size, quantity = excluded.quantity, portions = excluded.portions, unit_price = excluded.unit_price, subtotal = excluded.subtotal, format_id = excluded.format_id, format_name = excluded.format_name, additions_total = excluded.additions_total;
insert into public.sale_items (id, sale_id, product_id, size, quantity, portions, unit_price, subtotal, format_id, format_name, additions_total) values ('a38866ea-f6c5-451a-bf93-d32c37906654', 'aa9611bd-5c9c-4d62-88b9-d0886487121f', '00000000-0000-0000-0001-000000000003', NULL, '1', '1', '7900', '7900', '9c33e49b-7ad8-47d7-83d0-a1ec7fedf439', 'Individual', '0') on conflict (id) do update set sale_id = excluded.sale_id, product_id = excluded.product_id, size = excluded.size, quantity = excluded.quantity, portions = excluded.portions, unit_price = excluded.unit_price, subtotal = excluded.subtotal, format_id = excluded.format_id, format_name = excluded.format_name, additions_total = excluded.additions_total;
insert into public.sale_items (id, sale_id, product_id, size, quantity, portions, unit_price, subtotal, format_id, format_name, additions_total) values ('ad0eda96-9281-441c-836f-995663fd4c0d', '1c2ad50b-bc3a-42fd-b587-f3078b8b47e2', '00000000-0000-0000-0001-000000000007', NULL, '1', '1', '6000', '6000', '389a4673-a142-4fab-a2c4-76f2a042295f', 'Individual', '0') on conflict (id) do update set sale_id = excluded.sale_id, product_id = excluded.product_id, size = excluded.size, quantity = excluded.quantity, portions = excluded.portions, unit_price = excluded.unit_price, subtotal = excluded.subtotal, format_id = excluded.format_id, format_name = excluded.format_name, additions_total = excluded.additions_total;
insert into public.sale_items (id, sale_id, product_id, size, quantity, portions, unit_price, subtotal, format_id, format_name, additions_total) values ('adca97ed-5067-41c4-bc80-9524db639960', 'c860d87a-72f8-4a09-9b60-38be9c9dea89', '00000000-0000-0000-0001-000000000001', NULL, '1', '1', '7900', '7900', '52daf59d-2fa1-4675-8657-6767a602d676', 'Individual', '0') on conflict (id) do update set sale_id = excluded.sale_id, product_id = excluded.product_id, size = excluded.size, quantity = excluded.quantity, portions = excluded.portions, unit_price = excluded.unit_price, subtotal = excluded.subtotal, format_id = excluded.format_id, format_name = excluded.format_name, additions_total = excluded.additions_total;
insert into public.sale_items (id, sale_id, product_id, size, quantity, portions, unit_price, subtotal, format_id, format_name, additions_total) values ('b4fda3ce-0e4b-47e5-a7b6-b7515c462c2a', 'c6b53b2d-920a-4f10-a72b-22a05b81ab1b', '00000000-0000-0000-0001-000000000003', NULL, '2', '2', '7900', '15800', '9c33e49b-7ad8-47d7-83d0-a1ec7fedf439', 'Individual', '0') on conflict (id) do update set sale_id = excluded.sale_id, product_id = excluded.product_id, size = excluded.size, quantity = excluded.quantity, portions = excluded.portions, unit_price = excluded.unit_price, subtotal = excluded.subtotal, format_id = excluded.format_id, format_name = excluded.format_name, additions_total = excluded.additions_total;
insert into public.sale_items (id, sale_id, product_id, size, quantity, portions, unit_price, subtotal, format_id, format_name, additions_total) values ('b9b30462-da4d-48c4-a952-0ddf2b75289f', '3d60ab20-0984-4ce1-8e35-bfc3f5bfcea7', '00000000-0000-0000-0001-000000000013', 'INDIVIDUAL', '1', '1', '6000', '6000', NULL, NULL, '0') on conflict (id) do update set sale_id = excluded.sale_id, product_id = excluded.product_id, size = excluded.size, quantity = excluded.quantity, portions = excluded.portions, unit_price = excluded.unit_price, subtotal = excluded.subtotal, format_id = excluded.format_id, format_name = excluded.format_name, additions_total = excluded.additions_total;
insert into public.sale_items (id, sale_id, product_id, size, quantity, portions, unit_price, subtotal, format_id, format_name, additions_total) values ('bbb70bd2-4644-4e50-9c8c-020e09c97761', '3d60ab20-0984-4ce1-8e35-bfc3f5bfcea7', '00000000-0000-0000-0001-000000000001', 'INDIVIDUAL', '3', '3', '7900', '23700', NULL, NULL, '0') on conflict (id) do update set sale_id = excluded.sale_id, product_id = excluded.product_id, size = excluded.size, quantity = excluded.quantity, portions = excluded.portions, unit_price = excluded.unit_price, subtotal = excluded.subtotal, format_id = excluded.format_id, format_name = excluded.format_name, additions_total = excluded.additions_total;
insert into public.sale_items (id, sale_id, product_id, size, quantity, portions, unit_price, subtotal, format_id, format_name, additions_total) values ('c7dd10d9-e56f-407b-9116-6d522f5fc0b0', '01c1ef22-84b8-4e6a-855c-17681cc481f4', '00000000-0000-0000-0001-000000000002', NULL, '1', '1', '7900', '9900', '7bf4336c-59d6-4221-a0b1-910211e1e031', 'Individual', '2000') on conflict (id) do update set sale_id = excluded.sale_id, product_id = excluded.product_id, size = excluded.size, quantity = excluded.quantity, portions = excluded.portions, unit_price = excluded.unit_price, subtotal = excluded.subtotal, format_id = excluded.format_id, format_name = excluded.format_name, additions_total = excluded.additions_total;
insert into public.sale_items (id, sale_id, product_id, size, quantity, portions, unit_price, subtotal, format_id, format_name, additions_total) values ('cd42d52a-9c11-4462-909d-402185285ad8', '3d60ab20-0984-4ce1-8e35-bfc3f5bfcea7', '00000000-0000-0000-0001-000000000006', 'INDIVIDUAL', '1', '1', '8500', '8500', NULL, NULL, '0') on conflict (id) do update set sale_id = excluded.sale_id, product_id = excluded.product_id, size = excluded.size, quantity = excluded.quantity, portions = excluded.portions, unit_price = excluded.unit_price, subtotal = excluded.subtotal, format_id = excluded.format_id, format_name = excluded.format_name, additions_total = excluded.additions_total;
insert into public.sale_items (id, sale_id, product_id, size, quantity, portions, unit_price, subtotal, format_id, format_name, additions_total) values ('cd6e3cad-e604-4434-a357-aaede190d5e7', 'c5540889-ce82-4811-96f9-be4ffd6d6a09', '00000000-0000-0000-0001-000000000100', NULL, '1', '1', '10000', '10000', 'b310e1df-0de1-4da6-bd95-eaa7a51f2e81', 'Diamante', '0') on conflict (id) do update set sale_id = excluded.sale_id, product_id = excluded.product_id, size = excluded.size, quantity = excluded.quantity, portions = excluded.portions, unit_price = excluded.unit_price, subtotal = excluded.subtotal, format_id = excluded.format_id, format_name = excluded.format_name, additions_total = excluded.additions_total;
insert into public.sale_items (id, sale_id, product_id, size, quantity, portions, unit_price, subtotal, format_id, format_name, additions_total) values ('d401d9fe-c241-4233-bc4c-da6a02d7fcab', '3d60ab20-0984-4ce1-8e35-bfc3f5bfcea7', '00000000-0000-0000-0001-000000000009', 'INDIVIDUAL', '1', '1', '2600', '2600', NULL, NULL, '0') on conflict (id) do update set sale_id = excluded.sale_id, product_id = excluded.product_id, size = excluded.size, quantity = excluded.quantity, portions = excluded.portions, unit_price = excluded.unit_price, subtotal = excluded.subtotal, format_id = excluded.format_id, format_name = excluded.format_name, additions_total = excluded.additions_total;
insert into public.sale_items (id, sale_id, product_id, size, quantity, portions, unit_price, subtotal, format_id, format_name, additions_total) values ('dd04f49f-c897-4f85-94e6-86cb71dd2de0', 'a007f40f-5ee2-4614-a082-b7d872990d3b', '00000000-0000-0000-0001-000000000001', 'FAMILIAR', '1', '8', '63200', '63200', NULL, NULL, '0') on conflict (id) do update set sale_id = excluded.sale_id, product_id = excluded.product_id, size = excluded.size, quantity = excluded.quantity, portions = excluded.portions, unit_price = excluded.unit_price, subtotal = excluded.subtotal, format_id = excluded.format_id, format_name = excluded.format_name, additions_total = excluded.additions_total;
insert into public.sale_items (id, sale_id, product_id, size, quantity, portions, unit_price, subtotal, format_id, format_name, additions_total) values ('debea652-6faa-4a65-bf3c-ae868d8cba93', 'cea510bc-2611-40d8-9ae2-18502491818e', '00000000-0000-0000-0001-000000000013', 'INDIVIDUAL', '3', '3', '6000', '18000', NULL, NULL, '0') on conflict (id) do update set sale_id = excluded.sale_id, product_id = excluded.product_id, size = excluded.size, quantity = excluded.quantity, portions = excluded.portions, unit_price = excluded.unit_price, subtotal = excluded.subtotal, format_id = excluded.format_id, format_name = excluded.format_name, additions_total = excluded.additions_total;
insert into public.sale_items (id, sale_id, product_id, size, quantity, portions, unit_price, subtotal, format_id, format_name, additions_total) values ('df6786c2-2a0f-43ef-a49b-511c008f6106', 'b09d724d-65b8-41d1-b936-80c1a5c60c9e', '00000000-0000-0000-0001-000000000001', NULL, '1', '1', '7900', '7900', '52daf59d-2fa1-4675-8657-6767a602d676', 'Individual', '0') on conflict (id) do update set sale_id = excluded.sale_id, product_id = excluded.product_id, size = excluded.size, quantity = excluded.quantity, portions = excluded.portions, unit_price = excluded.unit_price, subtotal = excluded.subtotal, format_id = excluded.format_id, format_name = excluded.format_name, additions_total = excluded.additions_total;
insert into public.sale_items (id, sale_id, product_id, size, quantity, portions, unit_price, subtotal, format_id, format_name, additions_total) values ('e25ebdb9-4c70-443b-8a65-47c405f51ae9', 'dfe1df99-99f2-4979-9ee6-6470bcd91fe4', '00000000-0000-0000-0001-000000000001', NULL, '1', '1', '7900', '7900', '52daf59d-2fa1-4675-8657-6767a602d676', 'Individual', '0') on conflict (id) do update set sale_id = excluded.sale_id, product_id = excluded.product_id, size = excluded.size, quantity = excluded.quantity, portions = excluded.portions, unit_price = excluded.unit_price, subtotal = excluded.subtotal, format_id = excluded.format_id, format_name = excluded.format_name, additions_total = excluded.additions_total;
insert into public.sale_items (id, sale_id, product_id, size, quantity, portions, unit_price, subtotal, format_id, format_name, additions_total) values ('e3f207b3-ccf4-47cf-a958-30a0247d371e', 'bf8a8659-89fb-4766-a43c-dd63834202c3', '00000000-0000-0000-0001-000000000001', 'INDIVIDUAL', '2', '2', '7900', '15800', NULL, NULL, '0') on conflict (id) do update set sale_id = excluded.sale_id, product_id = excluded.product_id, size = excluded.size, quantity = excluded.quantity, portions = excluded.portions, unit_price = excluded.unit_price, subtotal = excluded.subtotal, format_id = excluded.format_id, format_name = excluded.format_name, additions_total = excluded.additions_total;
insert into public.sale_items (id, sale_id, product_id, size, quantity, portions, unit_price, subtotal, format_id, format_name, additions_total) values ('e5de3792-02c8-43e3-8933-1ed6246fc6da', '2870518b-13b4-400a-b4de-4a4445171a5f', '00000000-0000-0000-0001-000000000002', NULL, '1', '1', '7900', '7900', '7bf4336c-59d6-4221-a0b1-910211e1e031', 'Individual', '0') on conflict (id) do update set sale_id = excluded.sale_id, product_id = excluded.product_id, size = excluded.size, quantity = excluded.quantity, portions = excluded.portions, unit_price = excluded.unit_price, subtotal = excluded.subtotal, format_id = excluded.format_id, format_name = excluded.format_name, additions_total = excluded.additions_total;
insert into public.sale_items (id, sale_id, product_id, size, quantity, portions, unit_price, subtotal, format_id, format_name, additions_total) values ('ee571f76-5bfa-4c8b-8e28-97e45d67bfc7', '5f8086e6-4c0c-4d31-b018-997918c1706c', '00000000-0000-0000-0001-000000000014', NULL, '1', '1', '6000', '8000', '731472ff-a486-4443-8179-435b653ecd36', 'Individual', '2000') on conflict (id) do update set sale_id = excluded.sale_id, product_id = excluded.product_id, size = excluded.size, quantity = excluded.quantity, portions = excluded.portions, unit_price = excluded.unit_price, subtotal = excluded.subtotal, format_id = excluded.format_id, format_name = excluded.format_name, additions_total = excluded.additions_total;
insert into public.sale_items (id, sale_id, product_id, size, quantity, portions, unit_price, subtotal, format_id, format_name, additions_total) values ('fb774add-f66b-4464-ad37-4f2255e4794a', '6caa6011-f687-4e15-8a39-4b5dd03efd10', '00000000-0000-0000-0001-000000000001', NULL, '9', '9', '7900', '71100', '52daf59d-2fa1-4675-8657-6767a602d676', 'Individual', '0') on conflict (id) do update set sale_id = excluded.sale_id, product_id = excluded.product_id, size = excluded.size, quantity = excluded.quantity, portions = excluded.portions, unit_price = excluded.unit_price, subtotal = excluded.subtotal, format_id = excluded.format_id, format_name = excluded.format_name, additions_total = excluded.additions_total;

-- public.sale_item_additions (5 rows)
insert into public.sale_item_additions (id, sale_item_id, addition_catalog_id, supply_id, name, price, grams, quantity, created_at) values ('2041d71d-9ed6-4bdd-afb4-2ce6885ed962', 'ee571f76-5bfa-4c8b-8e28-97e45d67bfc7', '4281938d-984f-492d-b61a-08d1cddc356d', '00000000-0000-0000-0002-000000000002', 'Extra Queso', '2000', '39', '1', '2026-05-16 22:28:38.488285+00') on conflict (id) do update set sale_item_id = excluded.sale_item_id, addition_catalog_id = excluded.addition_catalog_id, supply_id = excluded.supply_id, name = excluded.name, price = excluded.price, grams = excluded.grams, quantity = excluded.quantity, created_at = excluded.created_at;
insert into public.sale_item_additions (id, sale_item_id, addition_catalog_id, supply_id, name, price, grams, quantity, created_at) values ('715103de-a04a-45f4-9b91-b65dac8386c0', '513d9dfe-9f2d-4825-94bb-d185aa1f6cee', '4281938d-984f-492d-b61a-08d1cddc356d', '00000000-0000-0000-0002-000000000002', 'Extra Queso', '2000', '39', '1', '2026-05-16 22:29:58.406818+00') on conflict (id) do update set sale_item_id = excluded.sale_item_id, addition_catalog_id = excluded.addition_catalog_id, supply_id = excluded.supply_id, name = excluded.name, price = excluded.price, grams = excluded.grams, quantity = excluded.quantity, created_at = excluded.created_at;
insert into public.sale_item_additions (id, sale_item_id, addition_catalog_id, supply_id, name, price, grams, quantity, created_at) values ('80f2d36d-2567-4fe5-82b1-fbf0fa1ed56e', '57450c4b-bd58-40cd-bb72-0f64dd1dbd5a', '6a4e8906-8d2f-44a5-8b2e-65172b985d65', '00000000-0000-0000-0002-000000000002', 'Extra Queso', '2000', '39', '1', '2026-04-11 22:38:01.021701+00') on conflict (id) do update set sale_item_id = excluded.sale_item_id, addition_catalog_id = excluded.addition_catalog_id, supply_id = excluded.supply_id, name = excluded.name, price = excluded.price, grams = excluded.grams, quantity = excluded.quantity, created_at = excluded.created_at;
insert into public.sale_item_additions (id, sale_item_id, addition_catalog_id, supply_id, name, price, grams, quantity, created_at) values ('a89ce9d5-2da9-47cc-ab90-c9d52056d21c', 'c7dd10d9-e56f-407b-9116-6d522f5fc0b0', '5c6c1400-9a56-4dca-8b61-a9206cd7a34a', '00000000-0000-0000-0002-000000000002', 'Extra Queso', '2000', '39', '1', '2026-04-11 22:46:42.758962+00') on conflict (id) do update set sale_item_id = excluded.sale_item_id, addition_catalog_id = excluded.addition_catalog_id, supply_id = excluded.supply_id, name = excluded.name, price = excluded.price, grams = excluded.grams, quantity = excluded.quantity, created_at = excluded.created_at;
insert into public.sale_item_additions (id, sale_item_id, addition_catalog_id, supply_id, name, price, grams, quantity, created_at) values ('d0e115c7-f170-4ab3-993f-9620bd6325b8', '125255ab-b589-4ad5-91c6-0b7b45bd8e6e', '5a0a476b-af2b-4925-b4d7-c69672d9bb9d', '00000000-0000-0000-0002-000000000002', 'Extra Queso', '2000', '39', '8', '2026-04-21 00:54:06.642654+00') on conflict (id) do update set sale_item_id = excluded.sale_item_id, addition_catalog_id = excluded.addition_catalog_id, supply_id = excluded.supply_id, name = excluded.name, price = excluded.price, grams = excluded.grams, quantity = excluded.quantity, created_at = excluded.created_at;

-- public.cash_openings (5 rows)
insert into public.cash_openings (id, store_id, date, denominations, total, opened_by, created_at) values ('037277fd-4d93-430b-8e75-c0de95e57e54', '00000000-0000-0000-0000-000000000002', '2026-04-20', '{"coins": 10000, "bills2k": 25, "bills5k": 6, "bills10k": 3, "bills20k": 2, "bills50k": 1, "bills100k": 0}', '210000', '00000000-0000-0000-0004-000000000020', '2026-04-21 00:32:21.119713+00') on conflict (id) do update set store_id = excluded.store_id, date = excluded.date, denominations = excluded.denominations, total = excluded.total, opened_by = excluded.opened_by, created_at = excluded.created_at;
insert into public.cash_openings (id, store_id, date, denominations, total, opened_by, created_at) values ('4571c50b-af27-4268-bf5e-64066b7be9c8', '00000000-0000-0000-0000-000000000002', '2026-05-15', '{"coins": 0, "bills2k": 0, "bills5k": 0, "bills10k": 0, "bills20k": 0, "bills50k": 0, "bills100k": 6}', '600000', '00000000-0000-0000-0004-000000000008', '2026-05-16 01:42:39.233855+00') on conflict (id) do update set store_id = excluded.store_id, date = excluded.date, denominations = excluded.denominations, total = excluded.total, opened_by = excluded.opened_by, created_at = excluded.created_at;
insert into public.cash_openings (id, store_id, date, denominations, total, opened_by, created_at) values ('6476582c-678b-4201-a0fc-dd3eb6051825', '00000000-0000-0000-0000-000000000002', '2026-05-16', '{"coins": 0, "bills2k": 0, "bills5k": 0, "bills10k": 0, "bills20k": 0, "bills50k": 0, "bills100k": 0}', '0', '00000000-0000-0000-0004-000000000020', '2026-05-16 22:27:13.231596+00') on conflict (id) do update set store_id = excluded.store_id, date = excluded.date, denominations = excluded.denominations, total = excluded.total, opened_by = excluded.opened_by, created_at = excluded.created_at;
insert into public.cash_openings (id, store_id, date, denominations, total, opened_by, created_at) values ('746aa00d-4b81-4f46-a8c7-7bffd802467d', '00000000-0000-0000-0000-000000000002', '2026-04-12', '{"coins": 0, "bills2k": 0, "bills5k": 0, "bills10k": 0, "bills20k": 0, "bills50k": 0, "bills100k": 5}', '500000', '00000000-0000-0000-0004-000000000020', '2026-04-12 14:23:15.342837+00') on conflict (id) do update set store_id = excluded.store_id, date = excluded.date, denominations = excluded.denominations, total = excluded.total, opened_by = excluded.opened_by, created_at = excluded.created_at;
insert into public.cash_openings (id, store_id, date, denominations, total, opened_by, created_at) values ('cd4ae6e4-4eb5-42b3-9117-cb3b79f96316', '00000000-0000-0000-0000-000000000002', '2026-04-11', '{"coins": 0, "bills2k": 0, "bills5k": 0, "bills10k": 0, "bills20k": 0, "bills50k": 0, "bills100k": 3}', '300000', '00000000-0000-0000-0004-000000000020', '2026-04-11 22:11:02.000894+00') on conflict (id) do update set store_id = excluded.store_id, date = excluded.date, denominations = excluded.denominations, total = excluded.total, opened_by = excluded.opened_by, created_at = excluded.created_at;

-- public.cash_closings (4 rows)
insert into public.cash_closings (id, store_id, date, bills_100k, bills_50k, bills_20k, bills_10k, bills_5k, bills_2k, coins, bank_total, expected_total, actual_total, discrepancy, expenses, created_at, status, confirmed_by_worker_id, approved_by_worker_id) values ('4ea135e0-088f-47a1-9a90-a4e814a5e535', '00000000-0000-0000-0000-000000000002', '2026-04-20', '0', '0', '0', '0', '0', '0', '0', '0', '0', '0', '0', '0', '2026-04-21 02:19:57.327996+00', 'APPROVED', NULL, NULL) on conflict (id) do update set store_id = excluded.store_id, date = excluded.date, bills_100k = excluded.bills_100k, bills_50k = excluded.bills_50k, bills_20k = excluded.bills_20k, bills_10k = excluded.bills_10k, bills_5k = excluded.bills_5k, bills_2k = excluded.bills_2k, coins = excluded.coins, bank_total = excluded.bank_total, expected_total = excluded.expected_total, actual_total = excluded.actual_total, discrepancy = excluded.discrepancy, expenses = excluded.expenses, created_at = excluded.created_at, status = excluded.status, confirmed_by_worker_id = excluded.confirmed_by_worker_id, approved_by_worker_id = excluded.approved_by_worker_id;
insert into public.cash_closings (id, store_id, date, bills_100k, bills_50k, bills_20k, bills_10k, bills_5k, bills_2k, coins, bank_total, expected_total, actual_total, discrepancy, expenses, created_at, status, confirmed_by_worker_id, approved_by_worker_id) values ('a7ecb0d6-ecc3-479d-b876-3e4621899f00', '00000000-0000-0000-0000-000000000002', '2026-04-12', '5', '0', '0', '0', '0', '0', '0', '0', '138400', '500000', '361600', '0', '2026-04-12 14:54:55.543167+00', 'APPROVED', NULL, NULL) on conflict (id) do update set store_id = excluded.store_id, date = excluded.date, bills_100k = excluded.bills_100k, bills_50k = excluded.bills_50k, bills_20k = excluded.bills_20k, bills_10k = excluded.bills_10k, bills_5k = excluded.bills_5k, bills_2k = excluded.bills_2k, coins = excluded.coins, bank_total = excluded.bank_total, expected_total = excluded.expected_total, actual_total = excluded.actual_total, discrepancy = excluded.discrepancy, expenses = excluded.expenses, created_at = excluded.created_at, status = excluded.status, confirmed_by_worker_id = excluded.confirmed_by_worker_id, approved_by_worker_id = excluded.approved_by_worker_id;
insert into public.cash_closings (id, store_id, date, bills_100k, bills_50k, bills_20k, bills_10k, bills_5k, bills_2k, coins, bank_total, expected_total, actual_total, discrepancy, expenses, created_at, status, confirmed_by_worker_id, approved_by_worker_id) values ('bf5fc5a2-5082-40fa-8d97-f0dd39f0426a', '00000000-0000-0000-0000-000000000002', '2026-04-04', '1', '3', '5', '2', '0', '2', '700', '7900', '174700', '382600', '207900', '0', '2026-04-04 23:00:04.682196+00', 'APPROVED', NULL, NULL) on conflict (id) do update set store_id = excluded.store_id, date = excluded.date, bills_100k = excluded.bills_100k, bills_50k = excluded.bills_50k, bills_20k = excluded.bills_20k, bills_10k = excluded.bills_10k, bills_5k = excluded.bills_5k, bills_2k = excluded.bills_2k, coins = excluded.coins, bank_total = excluded.bank_total, expected_total = excluded.expected_total, actual_total = excluded.actual_total, discrepancy = excluded.discrepancy, expenses = excluded.expenses, created_at = excluded.created_at, status = excluded.status, confirmed_by_worker_id = excluded.confirmed_by_worker_id, approved_by_worker_id = excluded.approved_by_worker_id;
insert into public.cash_closings (id, store_id, date, bills_100k, bills_50k, bills_20k, bills_10k, bills_5k, bills_2k, coins, bank_total, expected_total, actual_total, discrepancy, expenses, created_at, status, confirmed_by_worker_id, approved_by_worker_id) values ('fffe7ba5-9ea9-4a94-bc49-e45e6cdbbe3c', '00000000-0000-0000-0000-000000000002', '2026-05-16', '0', '0', '0', '0', '0', '0', '0', '0', '53600', '0', '-53600', '0', '2026-05-16 22:40:03.852569+00', 'CONFIRMED', NULL, NULL) on conflict (id) do update set store_id = excluded.store_id, date = excluded.date, bills_100k = excluded.bills_100k, bills_50k = excluded.bills_50k, bills_20k = excluded.bills_20k, bills_10k = excluded.bills_10k, bills_5k = excluded.bills_5k, bills_2k = excluded.bills_2k, coins = excluded.coins, bank_total = excluded.bank_total, expected_total = excluded.expected_total, actual_total = excluded.actual_total, discrepancy = excluded.discrepancy, expenses = excluded.expenses, created_at = excluded.created_at, status = excluded.status, confirmed_by_worker_id = excluded.confirmed_by_worker_id, approved_by_worker_id = excluded.approved_by_worker_id;

-- public.closing_checklist_items (6 rows)
insert into public.closing_checklist_items (id, name, is_active, sort_order) values ('41140c42-044f-47e1-bc30-50f202225e9c', 'Jabon', 'true', '1') on conflict (id) do update set name = excluded.name, is_active = excluded.is_active, sort_order = excluded.sort_order;
insert into public.closing_checklist_items (id, name, is_active, sort_order) values ('5d40178c-d44e-4acd-874c-53b9ed53a194', 'Desinfectante', 'true', '3') on conflict (id) do update set name = excluded.name, is_active = excluded.is_active, sort_order = excluded.sort_order;
insert into public.closing_checklist_items (id, name, is_active, sort_order) values ('a8cfbd84-3b12-485c-94d6-d53ef20f9d30', 'Trapos de limpieza', 'true', '6') on conflict (id) do update set name = excluded.name, is_active = excluded.is_active, sort_order = excluded.sort_order;
insert into public.closing_checklist_items (id, name, is_active, sort_order) values ('b9b6ff60-863e-4353-891c-1ce1234f9324', 'Papel higienico', 'true', '2') on conflict (id) do update set name = excluded.name, is_active = excluded.is_active, sort_order = excluded.sort_order;
insert into public.closing_checklist_items (id, name, is_active, sort_order) values ('d94aae2d-ff11-4f02-9af1-ba3a3b1502e9', 'Bolsas de basura', 'true', '4') on conflict (id) do update set name = excluded.name, is_active = excluded.is_active, sort_order = excluded.sort_order;
insert into public.closing_checklist_items (id, name, is_active, sort_order) values ('e032d592-e156-4fae-8429-2add12ec913f', 'Servilletas', 'true', '5') on conflict (id) do update set name = excluded.name, is_active = excluded.is_active, sort_order = excluded.sort_order;

-- public.closing_checklist_entries (0 rows)

-- public.physical_counts (3 rows)
insert into public.physical_counts (id, store_id, created_at, worker_id) values ('048d2714-e981-4e44-b086-7dcae7b629b4', '00000000-0000-0000-0000-000000000002', '2026-05-16 22:38:51.520358+00', NULL) on conflict (id) do update set store_id = excluded.store_id, created_at = excluded.created_at, worker_id = excluded.worker_id;
insert into public.physical_counts (id, store_id, created_at, worker_id) values ('46e1f7a1-d885-4579-86cc-80e89ed2f196', '00000000-0000-0000-0000-000000000002', '2026-04-04 22:54:43.332069+00', '00000000-0000-0000-0004-000000000008') on conflict (id) do update set store_id = excluded.store_id, created_at = excluded.created_at, worker_id = excluded.worker_id;
insert into public.physical_counts (id, store_id, created_at, worker_id) values ('f450926c-a742-4862-b5c1-8ddedc26ab9e', '00000000-0000-0000-0000-000000000002', '2026-05-16 22:11:51.410656+00', NULL) on conflict (id) do update set store_id = excluded.store_id, created_at = excluded.created_at, worker_id = excluded.worker_id;

-- public.physical_count_items (111 rows)
insert into public.physical_count_items (id, physical_count_id, supply_id, bags, loose_grams, total_grams) values ('0050ba7d-3998-405b-ac97-8c1ee060f569', '46e1f7a1-d885-4579-86cc-80e89ed2f196', '1a3a180b-1984-4077-ab06-d80474f8aa48', '0', '0', '0') on conflict (id) do update set physical_count_id = excluded.physical_count_id, supply_id = excluded.supply_id, bags = excluded.bags, loose_grams = excluded.loose_grams, total_grams = excluded.total_grams;
insert into public.physical_count_items (id, physical_count_id, supply_id, bags, loose_grams, total_grams) values ('0052182f-bc3e-41d6-ae52-b4b21681faf1', '46e1f7a1-d885-4579-86cc-80e89ed2f196', '844b8dfd-9936-4f95-a301-055da75816aa', '0', '0', '0') on conflict (id) do update set physical_count_id = excluded.physical_count_id, supply_id = excluded.supply_id, bags = excluded.bags, loose_grams = excluded.loose_grams, total_grams = excluded.total_grams;
insert into public.physical_count_items (id, physical_count_id, supply_id, bags, loose_grams, total_grams) values ('03c03994-9431-4c8e-8ef7-ad7586389933', '46e1f7a1-d885-4579-86cc-80e89ed2f196', '00000000-0000-0000-0002-000000000010', '0', '0', '0') on conflict (id) do update set physical_count_id = excluded.physical_count_id, supply_id = excluded.supply_id, bags = excluded.bags, loose_grams = excluded.loose_grams, total_grams = excluded.total_grams;
insert into public.physical_count_items (id, physical_count_id, supply_id, bags, loose_grams, total_grams) values ('062f29c8-ab9a-4fc8-a7d1-f1b5b71570db', '048d2714-e981-4e44-b086-7dcae7b629b4', 'ba403d20-2f69-4f04-9fa6-ca8a240bf75b', '2', '140', '540') on conflict (id) do update set physical_count_id = excluded.physical_count_id, supply_id = excluded.supply_id, bags = excluded.bags, loose_grams = excluded.loose_grams, total_grams = excluded.total_grams;
insert into public.physical_count_items (id, physical_count_id, supply_id, bags, loose_grams, total_grams) values ('09fbbce8-9107-42bd-ae1e-56e85506ac92', '048d2714-e981-4e44-b086-7dcae7b629b4', '00000000-0000-0000-0002-000000000009', '5', '62.2', '687.2') on conflict (id) do update set physical_count_id = excluded.physical_count_id, supply_id = excluded.supply_id, bags = excluded.bags, loose_grams = excluded.loose_grams, total_grams = excluded.total_grams;
insert into public.physical_count_items (id, physical_count_id, supply_id, bags, loose_grams, total_grams) values ('0a42d821-8333-4a89-98e8-b8b8399ceef4', '46e1f7a1-d885-4579-86cc-80e89ed2f196', '0a0e65d1-0953-4d4c-8925-343aedf4344b', '0', '0', '0') on conflict (id) do update set physical_count_id = excluded.physical_count_id, supply_id = excluded.supply_id, bags = excluded.bags, loose_grams = excluded.loose_grams, total_grams = excluded.total_grams;
insert into public.physical_count_items (id, physical_count_id, supply_id, bags, loose_grams, total_grams) values ('0a8d78de-6f34-45cd-a351-485853e1b82a', '46e1f7a1-d885-4579-86cc-80e89ed2f196', 'a797a04d-235b-49cf-8787-d73e930f4026', '0', '0', '0') on conflict (id) do update set physical_count_id = excluded.physical_count_id, supply_id = excluded.supply_id, bags = excluded.bags, loose_grams = excluded.loose_grams, total_grams = excluded.total_grams;
insert into public.physical_count_items (id, physical_count_id, supply_id, bags, loose_grams, total_grams) values ('0c42405b-f543-4349-9d72-ced99c29db76', '048d2714-e981-4e44-b086-7dcae7b629b4', '00000000-0000-0000-0002-000000000013', '1', '174.9', '774.9') on conflict (id) do update set physical_count_id = excluded.physical_count_id, supply_id = excluded.supply_id, bags = excluded.bags, loose_grams = excluded.loose_grams, total_grams = excluded.total_grams;
insert into public.physical_count_items (id, physical_count_id, supply_id, bags, loose_grams, total_grams) values ('10d06dac-405d-4ff5-a224-976cfd62daa1', '46e1f7a1-d885-4579-86cc-80e89ed2f196', 'e30a1dd4-4358-4b9d-ab4c-7db3c3dbc1c7', '0', '0', '0') on conflict (id) do update set physical_count_id = excluded.physical_count_id, supply_id = excluded.supply_id, bags = excluded.bags, loose_grams = excluded.loose_grams, total_grams = excluded.total_grams;
insert into public.physical_count_items (id, physical_count_id, supply_id, bags, loose_grams, total_grams) values ('13026db9-44dd-414f-9ede-9d93aa29f5f3', 'f450926c-a742-4862-b5c1-8ddedc26ab9e', '00000000-0000-0000-0002-000000000001', '16', '400', '10000') on conflict (id) do update set physical_count_id = excluded.physical_count_id, supply_id = excluded.supply_id, bags = excluded.bags, loose_grams = excluded.loose_grams, total_grams = excluded.total_grams;
insert into public.physical_count_items (id, physical_count_id, supply_id, bags, loose_grams, total_grams) values ('17f66e54-ed29-4fc1-8e7b-a5137b2d47ee', '048d2714-e981-4e44-b086-7dcae7b629b4', 'a8d18486-d904-4045-89c0-fd90038c1fb9', '28', '16', '3768') on conflict (id) do update set physical_count_id = excluded.physical_count_id, supply_id = excluded.supply_id, bags = excluded.bags, loose_grams = excluded.loose_grams, total_grams = excluded.total_grams;
insert into public.physical_count_items (id, physical_count_id, supply_id, bags, loose_grams, total_grams) values ('18964384-8a4a-4c18-85ba-c6bd25fa460c', '048d2714-e981-4e44-b086-7dcae7b629b4', '00000000-0000-0000-0002-000000000101', '50', '0', '50') on conflict (id) do update set physical_count_id = excluded.physical_count_id, supply_id = excluded.supply_id, bags = excluded.bags, loose_grams = excluded.loose_grams, total_grams = excluded.total_grams;
insert into public.physical_count_items (id, physical_count_id, supply_id, bags, loose_grams, total_grams) values ('19cffa84-aa50-403d-891d-bea6b1810ef2', '46e1f7a1-d885-4579-86cc-80e89ed2f196', '948b46ad-3760-4dcb-9ecd-e87f05f5bba9', '0', '0', '0') on conflict (id) do update set physical_count_id = excluded.physical_count_id, supply_id = excluded.supply_id, bags = excluded.bags, loose_grams = excluded.loose_grams, total_grams = excluded.total_grams;
insert into public.physical_count_items (id, physical_count_id, supply_id, bags, loose_grams, total_grams) values ('1beca5e8-198e-44c8-a076-7c31b13dda68', '048d2714-e981-4e44-b086-7dcae7b629b4', '00000000-0000-0000-0002-000000000007', '8', '30.5', '1030.5') on conflict (id) do update set physical_count_id = excluded.physical_count_id, supply_id = excluded.supply_id, bags = excluded.bags, loose_grams = excluded.loose_grams, total_grams = excluded.total_grams;
insert into public.physical_count_items (id, physical_count_id, supply_id, bags, loose_grams, total_grams) values ('220fa1a2-ccc1-4d5b-96ce-a79999246de4', '46e1f7a1-d885-4579-86cc-80e89ed2f196', 'aced04f8-c5c9-404e-92ac-ad64f54d4e31', '0', '0', '0') on conflict (id) do update set physical_count_id = excluded.physical_count_id, supply_id = excluded.supply_id, bags = excluded.bags, loose_grams = excluded.loose_grams, total_grams = excluded.total_grams;
insert into public.physical_count_items (id, physical_count_id, supply_id, bags, loose_grams, total_grams) values ('224d16a5-7094-4747-a5ae-3d7cc71aed24', '46e1f7a1-d885-4579-86cc-80e89ed2f196', 'f2bed48f-6e14-4fab-b832-28c49a7ca083', '0', '0', '0') on conflict (id) do update set physical_count_id = excluded.physical_count_id, supply_id = excluded.supply_id, bags = excluded.bags, loose_grams = excluded.loose_grams, total_grams = excluded.total_grams;
insert into public.physical_count_items (id, physical_count_id, supply_id, bags, loose_grams, total_grams) values ('253efc81-b070-4160-a04e-7384800f63be', '46e1f7a1-d885-4579-86cc-80e89ed2f196', '00000000-0000-0000-0002-000000000016', '0', '300', '300') on conflict (id) do update set physical_count_id = excluded.physical_count_id, supply_id = excluded.supply_id, bags = excluded.bags, loose_grams = excluded.loose_grams, total_grams = excluded.total_grams;
insert into public.physical_count_items (id, physical_count_id, supply_id, bags, loose_grams, total_grams) values ('265dc269-138f-40e1-8412-f92617b1da20', '46e1f7a1-d885-4579-86cc-80e89ed2f196', '607b040e-f1a0-40da-ade8-396995b2d44b', '0', '0', '0') on conflict (id) do update set physical_count_id = excluded.physical_count_id, supply_id = excluded.supply_id, bags = excluded.bags, loose_grams = excluded.loose_grams, total_grams = excluded.total_grams;
insert into public.physical_count_items (id, physical_count_id, supply_id, bags, loose_grams, total_grams) values ('27a51399-017a-489e-80c0-470111eac987', '46e1f7a1-d885-4579-86cc-80e89ed2f196', 'cf7a5f14-c749-483c-8d12-009505d91ea0', '0', '0', '0') on conflict (id) do update set physical_count_id = excluded.physical_count_id, supply_id = excluded.supply_id, bags = excluded.bags, loose_grams = excluded.loose_grams, total_grams = excluded.total_grams;
insert into public.physical_count_items (id, physical_count_id, supply_id, bags, loose_grams, total_grams) values ('29037b64-2453-4209-9133-7f93d455cb73', '46e1f7a1-d885-4579-86cc-80e89ed2f196', '37864ca1-1f31-4c33-8476-3581ca1b36e2', '0', '0', '0') on conflict (id) do update set physical_count_id = excluded.physical_count_id, supply_id = excluded.supply_id, bags = excluded.bags, loose_grams = excluded.loose_grams, total_grams = excluded.total_grams;
insert into public.physical_count_items (id, physical_count_id, supply_id, bags, loose_grams, total_grams) values ('2904b798-f561-46bb-ba44-ca573b1d00be', '46e1f7a1-d885-4579-86cc-80e89ed2f196', 'fd9715d4-ff47-4487-b701-3bb364ea59b4', '0', '0', '0') on conflict (id) do update set physical_count_id = excluded.physical_count_id, supply_id = excluded.supply_id, bags = excluded.bags, loose_grams = excluded.loose_grams, total_grams = excluded.total_grams;
insert into public.physical_count_items (id, physical_count_id, supply_id, bags, loose_grams, total_grams) values ('2947ac53-d071-4e04-86ad-99c85361f842', '46e1f7a1-d885-4579-86cc-80e89ed2f196', '00000000-0000-0000-0002-000000000001', '15', '0', '9000') on conflict (id) do update set physical_count_id = excluded.physical_count_id, supply_id = excluded.supply_id, bags = excluded.bags, loose_grams = excluded.loose_grams, total_grams = excluded.total_grams;
insert into public.physical_count_items (id, physical_count_id, supply_id, bags, loose_grams, total_grams) values ('29c2dc42-c268-4c7f-9727-e5f97c40a30a', '048d2714-e981-4e44-b086-7dcae7b629b4', '00000000-0000-0000-0002-000000000019', '1', '185', '385') on conflict (id) do update set physical_count_id = excluded.physical_count_id, supply_id = excluded.supply_id, bags = excluded.bags, loose_grams = excluded.loose_grams, total_grams = excluded.total_grams;
insert into public.physical_count_items (id, physical_count_id, supply_id, bags, loose_grams, total_grams) values ('2a73728c-3618-4b8f-a82c-ea230927851c', '46e1f7a1-d885-4579-86cc-80e89ed2f196', '00000000-0000-0000-0002-000000000005', '2', '0', '250') on conflict (id) do update set physical_count_id = excluded.physical_count_id, supply_id = excluded.supply_id, bags = excluded.bags, loose_grams = excluded.loose_grams, total_grams = excluded.total_grams;
insert into public.physical_count_items (id, physical_count_id, supply_id, bags, loose_grams, total_grams) values ('2cfbfa4f-a426-47f2-83a5-e927ab73f982', 'f450926c-a742-4862-b5c1-8ddedc26ab9e', '00000000-0000-0000-0002-000000000103', '10', '0', '10') on conflict (id) do update set physical_count_id = excluded.physical_count_id, supply_id = excluded.supply_id, bags = excluded.bags, loose_grams = excluded.loose_grams, total_grams = excluded.total_grams;
insert into public.physical_count_items (id, physical_count_id, supply_id, bags, loose_grams, total_grams) values ('2d94a58a-aca0-42c9-a991-eef608723e1e', '46e1f7a1-d885-4579-86cc-80e89ed2f196', 'ba73793e-a989-4726-b2c7-f247d94caf9c', '0', '0', '0') on conflict (id) do update set physical_count_id = excluded.physical_count_id, supply_id = excluded.supply_id, bags = excluded.bags, loose_grams = excluded.loose_grams, total_grams = excluded.total_grams;
insert into public.physical_count_items (id, physical_count_id, supply_id, bags, loose_grams, total_grams) values ('2f61d74d-ebce-4cb3-a579-6394e974aab4', '048d2714-e981-4e44-b086-7dcae7b629b4', '00000000-0000-0000-0002-000000000017', '1', '150', '750') on conflict (id) do update set physical_count_id = excluded.physical_count_id, supply_id = excluded.supply_id, bags = excluded.bags, loose_grams = excluded.loose_grams, total_grams = excluded.total_grams;
insert into public.physical_count_items (id, physical_count_id, supply_id, bags, loose_grams, total_grams) values ('2f94bb8e-c065-49ad-bd6b-97517d321038', '46e1f7a1-d885-4579-86cc-80e89ed2f196', 'aefaa288-c5d0-41ef-a4dc-f9300a54880c', '0', '0', '0') on conflict (id) do update set physical_count_id = excluded.physical_count_id, supply_id = excluded.supply_id, bags = excluded.bags, loose_grams = excluded.loose_grams, total_grams = excluded.total_grams;
insert into public.physical_count_items (id, physical_count_id, supply_id, bags, loose_grams, total_grams) values ('311e6e2d-1d4b-4621-8843-0e5739512d11', '46e1f7a1-d885-4579-86cc-80e89ed2f196', '00000000-0000-0000-0002-000000000007', '0', '0', '0') on conflict (id) do update set physical_count_id = excluded.physical_count_id, supply_id = excluded.supply_id, bags = excluded.bags, loose_grams = excluded.loose_grams, total_grams = excluded.total_grams;
insert into public.physical_count_items (id, physical_count_id, supply_id, bags, loose_grams, total_grams) values ('3d610e32-3b20-44d1-83c6-7236d47be719', '048d2714-e981-4e44-b086-7dcae7b629b4', '00000000-0000-0000-0002-000000000016', '1', '150', '750') on conflict (id) do update set physical_count_id = excluded.physical_count_id, supply_id = excluded.supply_id, bags = excluded.bags, loose_grams = excluded.loose_grams, total_grams = excluded.total_grams;
insert into public.physical_count_items (id, physical_count_id, supply_id, bags, loose_grams, total_grams) values ('45023353-ea7b-4b48-95de-31e7afabe43f', '048d2714-e981-4e44-b086-7dcae7b629b4', '82fa538f-9a96-46ee-8272-553ab1158b15', '1', '970', '1970') on conflict (id) do update set physical_count_id = excluded.physical_count_id, supply_id = excluded.supply_id, bags = excluded.bags, loose_grams = excluded.loose_grams, total_grams = excluded.total_grams;
insert into public.physical_count_items (id, physical_count_id, supply_id, bags, loose_grams, total_grams) values ('47880d15-9f82-4275-a7d7-7492f594bf41', '46e1f7a1-d885-4579-86cc-80e89ed2f196', 'd800fd0e-8ff6-492a-b079-1653561402b1', '0', '0', '0') on conflict (id) do update set physical_count_id = excluded.physical_count_id, supply_id = excluded.supply_id, bags = excluded.bags, loose_grams = excluded.loose_grams, total_grams = excluded.total_grams;
insert into public.physical_count_items (id, physical_count_id, supply_id, bags, loose_grams, total_grams) values ('47c1933c-e0a1-42ba-a02b-288dc195db46', '46e1f7a1-d885-4579-86cc-80e89ed2f196', 'a594e8d0-67f2-481c-acc4-f093c74e28ad', '0', '0', '0') on conflict (id) do update set physical_count_id = excluded.physical_count_id, supply_id = excluded.supply_id, bags = excluded.bags, loose_grams = excluded.loose_grams, total_grams = excluded.total_grams;
insert into public.physical_count_items (id, physical_count_id, supply_id, bags, loose_grams, total_grams) values ('49a24125-0f0b-4387-9075-e494bba81f8c', '048d2714-e981-4e44-b086-7dcae7b629b4', '00000000-0000-0000-0002-000000000003', '3', '850', '9850') on conflict (id) do update set physical_count_id = excluded.physical_count_id, supply_id = excluded.supply_id, bags = excluded.bags, loose_grams = excluded.loose_grams, total_grams = excluded.total_grams;
insert into public.physical_count_items (id, physical_count_id, supply_id, bags, loose_grams, total_grams) values ('4d0a3146-2dad-4378-96c2-3d738d1197f1', '46e1f7a1-d885-4579-86cc-80e89ed2f196', 'ba403d20-2f69-4f04-9fa6-ca8a240bf75b', '0', '0', '0') on conflict (id) do update set physical_count_id = excluded.physical_count_id, supply_id = excluded.supply_id, bags = excluded.bags, loose_grams = excluded.loose_grams, total_grams = excluded.total_grams;
insert into public.physical_count_items (id, physical_count_id, supply_id, bags, loose_grams, total_grams) values ('52c2627f-344b-4a46-b20c-6e931c264035', '048d2714-e981-4e44-b086-7dcae7b629b4', 'a594e8d0-67f2-481c-acc4-f093c74e28ad', '4', '783.9', '4783.9') on conflict (id) do update set physical_count_id = excluded.physical_count_id, supply_id = excluded.supply_id, bags = excluded.bags, loose_grams = excluded.loose_grams, total_grams = excluded.total_grams;
insert into public.physical_count_items (id, physical_count_id, supply_id, bags, loose_grams, total_grams) values ('53334a45-5d72-4885-b0e3-0b8dc1f81986', '46e1f7a1-d885-4579-86cc-80e89ed2f196', '6d510cc1-92ea-46c7-a2b0-c88e2c0c20eb', '0', '0', '0') on conflict (id) do update set physical_count_id = excluded.physical_count_id, supply_id = excluded.supply_id, bags = excluded.bags, loose_grams = excluded.loose_grams, total_grams = excluded.total_grams;
insert into public.physical_count_items (id, physical_count_id, supply_id, bags, loose_grams, total_grams) values ('537867bb-4e67-4728-bca9-7da4bb23646b', '46e1f7a1-d885-4579-86cc-80e89ed2f196', '1cbaa319-c5a5-4192-ba1e-585cc2f0f063', '0', '0', '0') on conflict (id) do update set physical_count_id = excluded.physical_count_id, supply_id = excluded.supply_id, bags = excluded.bags, loose_grams = excluded.loose_grams, total_grams = excluded.total_grams;
insert into public.physical_count_items (id, physical_count_id, supply_id, bags, loose_grams, total_grams) values ('54a714be-b5f9-4103-ab65-f468056aa673', '46e1f7a1-d885-4579-86cc-80e89ed2f196', 'ba6346d9-a0df-463c-98d6-6ce04e347d3e', '0', '0', '0') on conflict (id) do update set physical_count_id = excluded.physical_count_id, supply_id = excluded.supply_id, bags = excluded.bags, loose_grams = excluded.loose_grams, total_grams = excluded.total_grams;
insert into public.physical_count_items (id, physical_count_id, supply_id, bags, loose_grams, total_grams) values ('5bc0b11c-ede3-4bf3-aa93-a627ab7499bc', '46e1f7a1-d885-4579-86cc-80e89ed2f196', 'c518c764-5bad-4191-9034-553ee6c1f94e', '0', '0', '0') on conflict (id) do update set physical_count_id = excluded.physical_count_id, supply_id = excluded.supply_id, bags = excluded.bags, loose_grams = excluded.loose_grams, total_grams = excluded.total_grams;
insert into public.physical_count_items (id, physical_count_id, supply_id, bags, loose_grams, total_grams) values ('5e8551c5-0e72-4243-95fe-09600960489f', '46e1f7a1-d885-4579-86cc-80e89ed2f196', '00000000-0000-0000-0002-000000000019', '0', '0', '0') on conflict (id) do update set physical_count_id = excluded.physical_count_id, supply_id = excluded.supply_id, bags = excluded.bags, loose_grams = excluded.loose_grams, total_grams = excluded.total_grams;
insert into public.physical_count_items (id, physical_count_id, supply_id, bags, loose_grams, total_grams) values ('63d1fa7c-18c4-4699-b499-7f8a430e22e4', '46e1f7a1-d885-4579-86cc-80e89ed2f196', '00000000-0000-0000-0002-000000000017', '0', '300', '300') on conflict (id) do update set physical_count_id = excluded.physical_count_id, supply_id = excluded.supply_id, bags = excluded.bags, loose_grams = excluded.loose_grams, total_grams = excluded.total_grams;
insert into public.physical_count_items (id, physical_count_id, supply_id, bags, loose_grams, total_grams) values ('63f6f55d-d278-4cfc-8dd7-02fc0a24f436', '46e1f7a1-d885-4579-86cc-80e89ed2f196', 'd763b5ad-0cfa-4f8f-9d69-0be8273c9827', '0', '0', '0') on conflict (id) do update set physical_count_id = excluded.physical_count_id, supply_id = excluded.supply_id, bags = excluded.bags, loose_grams = excluded.loose_grams, total_grams = excluded.total_grams;
insert into public.physical_count_items (id, physical_count_id, supply_id, bags, loose_grams, total_grams) values ('64d3528c-c975-422d-8448-c1d4205f9302', '46e1f7a1-d885-4579-86cc-80e89ed2f196', '5d2677b5-fe18-4aa3-acf1-5422f5b5df98', '0', '0', '0') on conflict (id) do update set physical_count_id = excluded.physical_count_id, supply_id = excluded.supply_id, bags = excluded.bags, loose_grams = excluded.loose_grams, total_grams = excluded.total_grams;
insert into public.physical_count_items (id, physical_count_id, supply_id, bags, loose_grams, total_grams) values ('6668cf3c-a783-49c1-a1c6-98f4e817a669', '46e1f7a1-d885-4579-86cc-80e89ed2f196', '00000000-0000-0000-0002-000000000003', '2', '0', '6000') on conflict (id) do update set physical_count_id = excluded.physical_count_id, supply_id = excluded.supply_id, bags = excluded.bags, loose_grams = excluded.loose_grams, total_grams = excluded.total_grams;
insert into public.physical_count_items (id, physical_count_id, supply_id, bags, loose_grams, total_grams) values ('685a71ca-f31f-4ad1-b93f-ee29eff5eb65', '46e1f7a1-d885-4579-86cc-80e89ed2f196', '3f4f56b3-0bc3-4665-bb4d-662d0416af1f', '0', '0', '0') on conflict (id) do update set physical_count_id = excluded.physical_count_id, supply_id = excluded.supply_id, bags = excluded.bags, loose_grams = excluded.loose_grams, total_grams = excluded.total_grams;
insert into public.physical_count_items (id, physical_count_id, supply_id, bags, loose_grams, total_grams) values ('699e9920-0913-44d3-900f-f4f6b6a6daca', '46e1f7a1-d885-4579-86cc-80e89ed2f196', 'b0270357-e459-46a0-9854-560b66336660', '0', '0', '0') on conflict (id) do update set physical_count_id = excluded.physical_count_id, supply_id = excluded.supply_id, bags = excluded.bags, loose_grams = excluded.loose_grams, total_grams = excluded.total_grams;
insert into public.physical_count_items (id, physical_count_id, supply_id, bags, loose_grams, total_grams) values ('6b7bc425-aef7-4061-ab1d-e25319e637ba', '46e1f7a1-d885-4579-86cc-80e89ed2f196', 'cbdf43be-ddd2-4a6f-9f4f-91dd454b976f', '0', '0', '0') on conflict (id) do update set physical_count_id = excluded.physical_count_id, supply_id = excluded.supply_id, bags = excluded.bags, loose_grams = excluded.loose_grams, total_grams = excluded.total_grams;
insert into public.physical_count_items (id, physical_count_id, supply_id, bags, loose_grams, total_grams) values ('6feca4af-2e26-4a2a-889c-0d78dc4cc1aa', '46e1f7a1-d885-4579-86cc-80e89ed2f196', '3b2d0cec-d1e9-40bf-a0eb-cd9321efbbf3', '0', '0', '0') on conflict (id) do update set physical_count_id = excluded.physical_count_id, supply_id = excluded.supply_id, bags = excluded.bags, loose_grams = excluded.loose_grams, total_grams = excluded.total_grams;
insert into public.physical_count_items (id, physical_count_id, supply_id, bags, loose_grams, total_grams) values ('72b20fba-537f-4faa-aa75-efe669bddd47', '048d2714-e981-4e44-b086-7dcae7b629b4', '00000000-0000-0000-0002-000000000002', '2', '298', '922') on conflict (id) do update set physical_count_id = excluded.physical_count_id, supply_id = excluded.supply_id, bags = excluded.bags, loose_grams = excluded.loose_grams, total_grams = excluded.total_grams;
insert into public.physical_count_items (id, physical_count_id, supply_id, bags, loose_grams, total_grams) values ('732b0245-08a8-41de-8f37-31a1a5946ea2', '46e1f7a1-d885-4579-86cc-80e89ed2f196', '00000000-0000-0000-0002-000000000014', '0', '0', '0') on conflict (id) do update set physical_count_id = excluded.physical_count_id, supply_id = excluded.supply_id, bags = excluded.bags, loose_grams = excluded.loose_grams, total_grams = excluded.total_grams;
insert into public.physical_count_items (id, physical_count_id, supply_id, bags, loose_grams, total_grams) values ('75debda7-e36e-44f1-99ba-aefaf04d0238', '46e1f7a1-d885-4579-86cc-80e89ed2f196', 'bab03300-b85a-4533-9484-b79c22013fe6', '0', '0', '0') on conflict (id) do update set physical_count_id = excluded.physical_count_id, supply_id = excluded.supply_id, bags = excluded.bags, loose_grams = excluded.loose_grams, total_grams = excluded.total_grams;
insert into public.physical_count_items (id, physical_count_id, supply_id, bags, loose_grams, total_grams) values ('7658b7e2-ce4f-4e7f-8d25-6ed2d77c55ab', '46e1f7a1-d885-4579-86cc-80e89ed2f196', '0802b030-623c-4b34-95ad-a33f6f31a8d0', '0', '0', '0') on conflict (id) do update set physical_count_id = excluded.physical_count_id, supply_id = excluded.supply_id, bags = excluded.bags, loose_grams = excluded.loose_grams, total_grams = excluded.total_grams;
insert into public.physical_count_items (id, physical_count_id, supply_id, bags, loose_grams, total_grams) values ('775e14e3-9087-4bd0-a05b-9b4351ded8cb', '46e1f7a1-d885-4579-86cc-80e89ed2f196', '00000000-0000-0000-0002-000000000018', '0', '0', '0') on conflict (id) do update set physical_count_id = excluded.physical_count_id, supply_id = excluded.supply_id, bags = excluded.bags, loose_grams = excluded.loose_grams, total_grams = excluded.total_grams;
insert into public.physical_count_items (id, physical_count_id, supply_id, bags, loose_grams, total_grams) values ('7d879ebf-7706-4bda-abf1-f76622819493', '46e1f7a1-d885-4579-86cc-80e89ed2f196', '00000000-0000-0000-0002-000000000009', '0', '0', '0') on conflict (id) do update set physical_count_id = excluded.physical_count_id, supply_id = excluded.supply_id, bags = excluded.bags, loose_grams = excluded.loose_grams, total_grams = excluded.total_grams;
insert into public.physical_count_items (id, physical_count_id, supply_id, bags, loose_grams, total_grams) values ('808695ed-19af-482d-9ba2-d67029fe48bf', '46e1f7a1-d885-4579-86cc-80e89ed2f196', '3133385d-e2db-4796-aabf-a37eb49222d4', '0', '0', '0') on conflict (id) do update set physical_count_id = excluded.physical_count_id, supply_id = excluded.supply_id, bags = excluded.bags, loose_grams = excluded.loose_grams, total_grams = excluded.total_grams;
insert into public.physical_count_items (id, physical_count_id, supply_id, bags, loose_grams, total_grams) values ('80c36543-aae0-4067-b8af-dc559b99a6bc', '46e1f7a1-d885-4579-86cc-80e89ed2f196', '00000000-0000-0000-0002-000000000002', '2', '0', '624') on conflict (id) do update set physical_count_id = excluded.physical_count_id, supply_id = excluded.supply_id, bags = excluded.bags, loose_grams = excluded.loose_grams, total_grams = excluded.total_grams;
insert into public.physical_count_items (id, physical_count_id, supply_id, bags, loose_grams, total_grams) values ('8371e335-5d3c-4ad5-b3e6-50690eeb2a3f', '46e1f7a1-d885-4579-86cc-80e89ed2f196', '8f2b4b07-49c3-4b81-b365-0884bf1195f7', '0', '0', '0') on conflict (id) do update set physical_count_id = excluded.physical_count_id, supply_id = excluded.supply_id, bags = excluded.bags, loose_grams = excluded.loose_grams, total_grams = excluded.total_grams;
insert into public.physical_count_items (id, physical_count_id, supply_id, bags, loose_grams, total_grams) values ('851c4cd7-ad84-47cf-abef-e3c9788a4c2a', '46e1f7a1-d885-4579-86cc-80e89ed2f196', 'b70d95f0-8ac8-4708-a9cf-b2ec39f52151', '0', '0', '0') on conflict (id) do update set physical_count_id = excluded.physical_count_id, supply_id = excluded.supply_id, bags = excluded.bags, loose_grams = excluded.loose_grams, total_grams = excluded.total_grams;
insert into public.physical_count_items (id, physical_count_id, supply_id, bags, loose_grams, total_grams) values ('85395ddd-3609-4736-82cc-3ac8ef242a2b', 'f450926c-a742-4862-b5c1-8ddedc26ab9e', '1a3a180b-1984-4077-ab06-d80474f8aa48', '10', '0', '10000') on conflict (id) do update set physical_count_id = excluded.physical_count_id, supply_id = excluded.supply_id, bags = excluded.bags, loose_grams = excluded.loose_grams, total_grams = excluded.total_grams;
insert into public.physical_count_items (id, physical_count_id, supply_id, bags, loose_grams, total_grams) values ('86eec392-7f2d-4ead-8c5e-7cb5c8b032e6', '46e1f7a1-d885-4579-86cc-80e89ed2f196', '00000000-0000-0000-0002-000000000015', '0', '0', '0') on conflict (id) do update set physical_count_id = excluded.physical_count_id, supply_id = excluded.supply_id, bags = excluded.bags, loose_grams = excluded.loose_grams, total_grams = excluded.total_grams;
insert into public.physical_count_items (id, physical_count_id, supply_id, bags, loose_grams, total_grams) values ('8a18b58f-8353-4d10-8b83-b77c421829d4', '46e1f7a1-d885-4579-86cc-80e89ed2f196', 'de09cabe-ccc0-4d82-898c-bb781215c6da', '0', '0', '0') on conflict (id) do update set physical_count_id = excluded.physical_count_id, supply_id = excluded.supply_id, bags = excluded.bags, loose_grams = excluded.loose_grams, total_grams = excluded.total_grams;
insert into public.physical_count_items (id, physical_count_id, supply_id, bags, loose_grams, total_grams) values ('8cfe5a78-08f0-4f21-9551-c290ce0357d1', '46e1f7a1-d885-4579-86cc-80e89ed2f196', '5981ba5f-bcd2-4bed-9261-945011ca1cce', '0', '0', '0') on conflict (id) do update set physical_count_id = excluded.physical_count_id, supply_id = excluded.supply_id, bags = excluded.bags, loose_grams = excluded.loose_grams, total_grams = excluded.total_grams;
insert into public.physical_count_items (id, physical_count_id, supply_id, bags, loose_grams, total_grams) values ('913c82ad-2e64-47b0-a869-9573c4397827', '048d2714-e981-4e44-b086-7dcae7b629b4', '00000000-0000-0000-0002-000000000102', '50', '0', '50') on conflict (id) do update set physical_count_id = excluded.physical_count_id, supply_id = excluded.supply_id, bags = excluded.bags, loose_grams = excluded.loose_grams, total_grams = excluded.total_grams;
insert into public.physical_count_items (id, physical_count_id, supply_id, bags, loose_grams, total_grams) values ('93958601-6850-4255-a75b-c6947490d9ba', '46e1f7a1-d885-4579-86cc-80e89ed2f196', 'cb5ce078-facc-41e6-b197-2e8bac8895e6', '0', '0', '0') on conflict (id) do update set physical_count_id = excluded.physical_count_id, supply_id = excluded.supply_id, bags = excluded.bags, loose_grams = excluded.loose_grams, total_grams = excluded.total_grams;
insert into public.physical_count_items (id, physical_count_id, supply_id, bags, loose_grams, total_grams) values ('93c1ebaa-5622-4246-b0c0-f8ac66c4d207', 'f450926c-a742-4862-b5c1-8ddedc26ab9e', '00000000-0000-0000-0002-000000000002', '3', '64', '1000') on conflict (id) do update set physical_count_id = excluded.physical_count_id, supply_id = excluded.supply_id, bags = excluded.bags, loose_grams = excluded.loose_grams, total_grams = excluded.total_grams;
insert into public.physical_count_items (id, physical_count_id, supply_id, bags, loose_grams, total_grams) values ('9cd75122-bf33-4824-abdb-e1c2449d2723', '46e1f7a1-d885-4579-86cc-80e89ed2f196', '00000000-0000-0000-0002-000000000013', '0', '300', '300') on conflict (id) do update set physical_count_id = excluded.physical_count_id, supply_id = excluded.supply_id, bags = excluded.bags, loose_grams = excluded.loose_grams, total_grams = excluded.total_grams;
insert into public.physical_count_items (id, physical_count_id, supply_id, bags, loose_grams, total_grams) values ('9d8bdc91-81b8-468a-976b-457ae5331baf', '46e1f7a1-d885-4579-86cc-80e89ed2f196', '6e48fd65-ebbd-478d-a040-e92a863426da', '0', '0', '0') on conflict (id) do update set physical_count_id = excluded.physical_count_id, supply_id = excluded.supply_id, bags = excluded.bags, loose_grams = excluded.loose_grams, total_grams = excluded.total_grams;
insert into public.physical_count_items (id, physical_count_id, supply_id, bags, loose_grams, total_grams) values ('9f84c201-1308-4ba0-a277-6fd6e61cdfe4', '46e1f7a1-d885-4579-86cc-80e89ed2f196', '11e5ddd8-74c7-4b88-b755-d46b52dcfb0f', '0', '0', '0') on conflict (id) do update set physical_count_id = excluded.physical_count_id, supply_id = excluded.supply_id, bags = excluded.bags, loose_grams = excluded.loose_grams, total_grams = excluded.total_grams;
insert into public.physical_count_items (id, physical_count_id, supply_id, bags, loose_grams, total_grams) values ('a15cf1d5-3c5d-4576-a452-ddae5b21c61a', '048d2714-e981-4e44-b086-7dcae7b629b4', '00000000-0000-0000-0002-000000000103', '9', '0', '9') on conflict (id) do update set physical_count_id = excluded.physical_count_id, supply_id = excluded.supply_id, bags = excluded.bags, loose_grams = excluded.loose_grams, total_grams = excluded.total_grams;
insert into public.physical_count_items (id, physical_count_id, supply_id, bags, loose_grams, total_grams) values ('a2df4c54-d257-449d-88f0-056b502443f4', '46e1f7a1-d885-4579-86cc-80e89ed2f196', '7e113087-539f-441b-9d35-b003facb45cd', '0', '0', '0') on conflict (id) do update set physical_count_id = excluded.physical_count_id, supply_id = excluded.supply_id, bags = excluded.bags, loose_grams = excluded.loose_grams, total_grams = excluded.total_grams;
insert into public.physical_count_items (id, physical_count_id, supply_id, bags, loose_grams, total_grams) values ('a88e846b-4e6c-44c1-b609-0a654628c3df', '46e1f7a1-d885-4579-86cc-80e89ed2f196', 'b3bd4c74-552a-4125-a9d0-e69768d3c78d', '0', '0', '0') on conflict (id) do update set physical_count_id = excluded.physical_count_id, supply_id = excluded.supply_id, bags = excluded.bags, loose_grams = excluded.loose_grams, total_grams = excluded.total_grams;
insert into public.physical_count_items (id, physical_count_id, supply_id, bags, loose_grams, total_grams) values ('a89ba09f-b559-40d2-9653-283c9129f0bd', '46e1f7a1-d885-4579-86cc-80e89ed2f196', 'aaa44032-dc38-49e4-ae5d-df2a4b570349', '0', '0', '0') on conflict (id) do update set physical_count_id = excluded.physical_count_id, supply_id = excluded.supply_id, bags = excluded.bags, loose_grams = excluded.loose_grams, total_grams = excluded.total_grams;
insert into public.physical_count_items (id, physical_count_id, supply_id, bags, loose_grams, total_grams) values ('aac0de65-c1a2-4d94-8355-ef4efb33ecda', '46e1f7a1-d885-4579-86cc-80e89ed2f196', '4d856dfd-08e9-4647-96fd-7f0feabc1d2c', '0', '0', '0') on conflict (id) do update set physical_count_id = excluded.physical_count_id, supply_id = excluded.supply_id, bags = excluded.bags, loose_grams = excluded.loose_grams, total_grams = excluded.total_grams;
insert into public.physical_count_items (id, physical_count_id, supply_id, bags, loose_grams, total_grams) values ('aba7256d-9583-4312-b33d-7be3a720059f', '46e1f7a1-d885-4579-86cc-80e89ed2f196', '0008e1ee-d810-434a-ae5c-2d3564532189', '0', '0', '0') on conflict (id) do update set physical_count_id = excluded.physical_count_id, supply_id = excluded.supply_id, bags = excluded.bags, loose_grams = excluded.loose_grams, total_grams = excluded.total_grams;
insert into public.physical_count_items (id, physical_count_id, supply_id, bags, loose_grams, total_grams) values ('b3840d89-4e95-46ff-90e5-1e2e02308be0', '048d2714-e981-4e44-b086-7dcae7b629b4', '00000000-0000-0000-0002-000000000005', '8', '48', '1048') on conflict (id) do update set physical_count_id = excluded.physical_count_id, supply_id = excluded.supply_id, bags = excluded.bags, loose_grams = excluded.loose_grams, total_grams = excluded.total_grams;
insert into public.physical_count_items (id, physical_count_id, supply_id, bags, loose_grams, total_grams) values ('b6ef38da-b00d-46d0-b943-9c64e5c803df', '46e1f7a1-d885-4579-86cc-80e89ed2f196', '00000000-0000-0000-0002-000000000011', '0', '0', '0') on conflict (id) do update set physical_count_id = excluded.physical_count_id, supply_id = excluded.supply_id, bags = excluded.bags, loose_grams = excluded.loose_grams, total_grams = excluded.total_grams;
insert into public.physical_count_items (id, physical_count_id, supply_id, bags, loose_grams, total_grams) values ('b863af1b-acb7-44a0-beca-0de01cbaf056', '46e1f7a1-d885-4579-86cc-80e89ed2f196', 'a8d18486-d904-4045-89c0-fd90038c1fb9', '0', '0', '0') on conflict (id) do update set physical_count_id = excluded.physical_count_id, supply_id = excluded.supply_id, bags = excluded.bags, loose_grams = excluded.loose_grams, total_grams = excluded.total_grams;
insert into public.physical_count_items (id, physical_count_id, supply_id, bags, loose_grams, total_grams) values ('bac46e07-35bf-4657-b97c-a5ce76b61a26', '46e1f7a1-d885-4579-86cc-80e89ed2f196', '1a6b3b17-f236-41e5-a68b-04723b128707', '0', '0', '0') on conflict (id) do update set physical_count_id = excluded.physical_count_id, supply_id = excluded.supply_id, bags = excluded.bags, loose_grams = excluded.loose_grams, total_grams = excluded.total_grams;
insert into public.physical_count_items (id, physical_count_id, supply_id, bags, loose_grams, total_grams) values ('baf4918e-8995-4592-a5df-f219a4884d20', 'f450926c-a742-4862-b5c1-8ddedc26ab9e', 'e30a1dd4-4358-4b9d-ab4c-7db3c3dbc1c7', '0', '0', '0') on conflict (id) do update set physical_count_id = excluded.physical_count_id, supply_id = excluded.supply_id, bags = excluded.bags, loose_grams = excluded.loose_grams, total_grams = excluded.total_grams;
insert into public.physical_count_items (id, physical_count_id, supply_id, bags, loose_grams, total_grams) values ('c28b4217-af31-4a57-bc79-ab719726eb8a', '46e1f7a1-d885-4579-86cc-80e89ed2f196', 'ad40382d-dd1a-41be-9f44-f3c4e8fafbe4', '0', '0', '0') on conflict (id) do update set physical_count_id = excluded.physical_count_id, supply_id = excluded.supply_id, bags = excluded.bags, loose_grams = excluded.loose_grams, total_grams = excluded.total_grams;
insert into public.physical_count_items (id, physical_count_id, supply_id, bags, loose_grams, total_grams) values ('c3b87953-f8b7-420d-aa3b-ecc469c597b3', '048d2714-e981-4e44-b086-7dcae7b629b4', '37850381-d932-4188-9f63-fad110bd8628', '5', '25', '275') on conflict (id) do update set physical_count_id = excluded.physical_count_id, supply_id = excluded.supply_id, bags = excluded.bags, loose_grams = excluded.loose_grams, total_grams = excluded.total_grams;
insert into public.physical_count_items (id, physical_count_id, supply_id, bags, loose_grams, total_grams) values ('c9467311-9b06-4af8-9cba-5d471d48d630', '048d2714-e981-4e44-b086-7dcae7b629b4', 'd68a18c3-79d6-48e1-b06b-81f6b2743cab', '2', '600', '2600') on conflict (id) do update set physical_count_id = excluded.physical_count_id, supply_id = excluded.supply_id, bags = excluded.bags, loose_grams = excluded.loose_grams, total_grams = excluded.total_grams;
insert into public.physical_count_items (id, physical_count_id, supply_id, bags, loose_grams, total_grams) values ('cecf286c-3122-4ad6-8034-62e77eff5770', '46e1f7a1-d885-4579-86cc-80e89ed2f196', '0d020e82-2d96-4c69-8b63-edd9caae28f3', '0', '0', '0') on conflict (id) do update set physical_count_id = excluded.physical_count_id, supply_id = excluded.supply_id, bags = excluded.bags, loose_grams = excluded.loose_grams, total_grams = excluded.total_grams;
insert into public.physical_count_items (id, physical_count_id, supply_id, bags, loose_grams, total_grams) values ('d09c6566-e8e0-445d-b345-1b7bcabf91f5', '048d2714-e981-4e44-b086-7dcae7b629b4', 'e30a1dd4-4358-4b9d-ab4c-7db3c3dbc1c7', '2', '10', '210') on conflict (id) do update set physical_count_id = excluded.physical_count_id, supply_id = excluded.supply_id, bags = excluded.bags, loose_grams = excluded.loose_grams, total_grams = excluded.total_grams;
insert into public.physical_count_items (id, physical_count_id, supply_id, bags, loose_grams, total_grams) values ('d4911cfa-179a-4cb3-971f-6a4974a18913', '46e1f7a1-d885-4579-86cc-80e89ed2f196', '9092059c-47b9-4b51-a021-eba70036620c', '0', '0', '0') on conflict (id) do update set physical_count_id = excluded.physical_count_id, supply_id = excluded.supply_id, bags = excluded.bags, loose_grams = excluded.loose_grams, total_grams = excluded.total_grams;
insert into public.physical_count_items (id, physical_count_id, supply_id, bags, loose_grams, total_grams) values ('d865623c-f431-4ca8-bf80-d6e2eefd026e', '46e1f7a1-d885-4579-86cc-80e89ed2f196', '00000000-0000-0000-0002-000000000012', '0', '0', '0') on conflict (id) do update set physical_count_id = excluded.physical_count_id, supply_id = excluded.supply_id, bags = excluded.bags, loose_grams = excluded.loose_grams, total_grams = excluded.total_grams;
insert into public.physical_count_items (id, physical_count_id, supply_id, bags, loose_grams, total_grams) values ('d8efea1d-6fab-4dac-8d61-defa769d10f6', '46e1f7a1-d885-4579-86cc-80e89ed2f196', '0ec624a8-64c1-4a85-8bf7-cf09e51cd575', '0', '0', '0') on conflict (id) do update set physical_count_id = excluded.physical_count_id, supply_id = excluded.supply_id, bags = excluded.bags, loose_grams = excluded.loose_grams, total_grams = excluded.total_grams;
insert into public.physical_count_items (id, physical_count_id, supply_id, bags, loose_grams, total_grams) values ('d9987c36-3c6a-4ec5-9809-10dd69e0fcde', '46e1f7a1-d885-4579-86cc-80e89ed2f196', 'a5e0af4d-36cd-4cb8-99c9-fc0115e48bc4', '0', '0', '0') on conflict (id) do update set physical_count_id = excluded.physical_count_id, supply_id = excluded.supply_id, bags = excluded.bags, loose_grams = excluded.loose_grams, total_grams = excluded.total_grams;
insert into public.physical_count_items (id, physical_count_id, supply_id, bags, loose_grams, total_grams) values ('dc5d0d93-1834-4f7b-aa93-be1d315d16cb', '46e1f7a1-d885-4579-86cc-80e89ed2f196', '3132ee77-f449-411d-acc4-d77627819af9', '0', '0', '0') on conflict (id) do update set physical_count_id = excluded.physical_count_id, supply_id = excluded.supply_id, bags = excluded.bags, loose_grams = excluded.loose_grams, total_grams = excluded.total_grams;
insert into public.physical_count_items (id, physical_count_id, supply_id, bags, loose_grams, total_grams) values ('ddecd315-4e8c-4ca7-a8b2-bdf1502ab728', '46e1f7a1-d885-4579-86cc-80e89ed2f196', '58c76ada-92f6-4f7c-aa3c-25b62e5fa1f7', '0', '0', '0') on conflict (id) do update set physical_count_id = excluded.physical_count_id, supply_id = excluded.supply_id, bags = excluded.bags, loose_grams = excluded.loose_grams, total_grams = excluded.total_grams;
insert into public.physical_count_items (id, physical_count_id, supply_id, bags, loose_grams, total_grams) values ('e05915d0-2237-4214-91a8-dacfd0c3f6a3', 'f450926c-a742-4862-b5c1-8ddedc26ab9e', '00000000-0000-0000-0002-000000000003', '3', '1000', '10000') on conflict (id) do update set physical_count_id = excluded.physical_count_id, supply_id = excluded.supply_id, bags = excluded.bags, loose_grams = excluded.loose_grams, total_grams = excluded.total_grams;
insert into public.physical_count_items (id, physical_count_id, supply_id, bags, loose_grams, total_grams) values ('e13643fa-3120-4238-a0dc-56b8fb831510', '46e1f7a1-d885-4579-86cc-80e89ed2f196', 'b27b16d1-9980-4c04-8a52-d2194c016f10', '0', '0', '0') on conflict (id) do update set physical_count_id = excluded.physical_count_id, supply_id = excluded.supply_id, bags = excluded.bags, loose_grams = excluded.loose_grams, total_grams = excluded.total_grams;
insert into public.physical_count_items (id, physical_count_id, supply_id, bags, loose_grams, total_grams) values ('e2504e83-08fd-4ac4-a4a9-9cee224dc89e', '048d2714-e981-4e44-b086-7dcae7b629b4', '00000000-0000-0000-0002-000000000001', '16', '174.4', '9774.4') on conflict (id) do update set physical_count_id = excluded.physical_count_id, supply_id = excluded.supply_id, bags = excluded.bags, loose_grams = excluded.loose_grams, total_grams = excluded.total_grams;
insert into public.physical_count_items (id, physical_count_id, supply_id, bags, loose_grams, total_grams) values ('e2fe58cb-6dde-4b1f-9ee5-066611d0b64f', '46e1f7a1-d885-4579-86cc-80e89ed2f196', 'd3f2fea7-0329-451f-8a8c-afad0ddc589f', '0', '0', '0') on conflict (id) do update set physical_count_id = excluded.physical_count_id, supply_id = excluded.supply_id, bags = excluded.bags, loose_grams = excluded.loose_grams, total_grams = excluded.total_grams;
insert into public.physical_count_items (id, physical_count_id, supply_id, bags, loose_grams, total_grams) values ('e301fe31-81fe-4369-bbe2-129a4e27b623', '46e1f7a1-d885-4579-86cc-80e89ed2f196', '412b4d45-da60-43b5-8ce3-b70d2553bac8', '0', '0', '0') on conflict (id) do update set physical_count_id = excluded.physical_count_id, supply_id = excluded.supply_id, bags = excluded.bags, loose_grams = excluded.loose_grams, total_grams = excluded.total_grams;
insert into public.physical_count_items (id, physical_count_id, supply_id, bags, loose_grams, total_grams) values ('e490adf6-08c2-4c51-834a-6d37245a5618', '46e1f7a1-d885-4579-86cc-80e89ed2f196', 'f00ab94c-e64c-45bd-94bb-2a30194f4420', '0', '0', '0') on conflict (id) do update set physical_count_id = excluded.physical_count_id, supply_id = excluded.supply_id, bags = excluded.bags, loose_grams = excluded.loose_grams, total_grams = excluded.total_grams;
insert into public.physical_count_items (id, physical_count_id, supply_id, bags, loose_grams, total_grams) values ('e62d2c2b-d1dd-4fa3-96b8-cbf14949c22b', '46e1f7a1-d885-4579-86cc-80e89ed2f196', '00000000-0000-0000-0002-000000000004', '0', '0', '0') on conflict (id) do update set physical_count_id = excluded.physical_count_id, supply_id = excluded.supply_id, bags = excluded.bags, loose_grams = excluded.loose_grams, total_grams = excluded.total_grams;
insert into public.physical_count_items (id, physical_count_id, supply_id, bags, loose_grams, total_grams) values ('e72c60be-419c-422e-945d-45d761b7801b', '46e1f7a1-d885-4579-86cc-80e89ed2f196', '00000000-0000-0000-0002-000000000020', '0', '0', '0') on conflict (id) do update set physical_count_id = excluded.physical_count_id, supply_id = excluded.supply_id, bags = excluded.bags, loose_grams = excluded.loose_grams, total_grams = excluded.total_grams;
insert into public.physical_count_items (id, physical_count_id, supply_id, bags, loose_grams, total_grams) values ('e91847e2-1904-4417-9593-20d032ac522c', '048d2714-e981-4e44-b086-7dcae7b629b4', '00000000-0000-0000-0002-000000000012', '2', '125', '525') on conflict (id) do update set physical_count_id = excluded.physical_count_id, supply_id = excluded.supply_id, bags = excluded.bags, loose_grams = excluded.loose_grams, total_grams = excluded.total_grams;
insert into public.physical_count_items (id, physical_count_id, supply_id, bags, loose_grams, total_grams) values ('e9c22a80-a938-4526-8d49-e59d9203354b', '46e1f7a1-d885-4579-86cc-80e89ed2f196', '00000000-0000-0000-0002-000000000008', '0', '0', '0') on conflict (id) do update set physical_count_id = excluded.physical_count_id, supply_id = excluded.supply_id, bags = excluded.bags, loose_grams = excluded.loose_grams, total_grams = excluded.total_grams;
insert into public.physical_count_items (id, physical_count_id, supply_id, bags, loose_grams, total_grams) values ('edc668c1-f74b-4625-86e2-8ff53ad18a87', '46e1f7a1-d885-4579-86cc-80e89ed2f196', 'b8a87b5f-349f-45d6-84fd-2e690c1c5d0a', '0', '0', '0') on conflict (id) do update set physical_count_id = excluded.physical_count_id, supply_id = excluded.supply_id, bags = excluded.bags, loose_grams = excluded.loose_grams, total_grams = excluded.total_grams;
insert into public.physical_count_items (id, physical_count_id, supply_id, bags, loose_grams, total_grams) values ('ee04a5fd-3821-42a4-8e15-4769a2e7ba50', '048d2714-e981-4e44-b086-7dcae7b629b4', '359d23ef-0eeb-4f2f-a4b6-7190de90728a', '1', '910', '1910') on conflict (id) do update set physical_count_id = excluded.physical_count_id, supply_id = excluded.supply_id, bags = excluded.bags, loose_grams = excluded.loose_grams, total_grams = excluded.total_grams;
insert into public.physical_count_items (id, physical_count_id, supply_id, bags, loose_grams, total_grams) values ('f252622a-41cc-408b-915c-ca92cfc1ffdc', '46e1f7a1-d885-4579-86cc-80e89ed2f196', 'b475ffe0-b349-4406-a725-a9beac7ea744', '0', '0', '0') on conflict (id) do update set physical_count_id = excluded.physical_count_id, supply_id = excluded.supply_id, bags = excluded.bags, loose_grams = excluded.loose_grams, total_grams = excluded.total_grams;
insert into public.physical_count_items (id, physical_count_id, supply_id, bags, loose_grams, total_grams) values ('f69fec5a-df1b-4f5c-bba8-4cfca8caa91b', '048d2714-e981-4e44-b086-7dcae7b629b4', '1a3a180b-1984-4077-ab06-d80474f8aa48', '9', '882.7', '9882.7') on conflict (id) do update set physical_count_id = excluded.physical_count_id, supply_id = excluded.supply_id, bags = excluded.bags, loose_grams = excluded.loose_grams, total_grams = excluded.total_grams;
insert into public.physical_count_items (id, physical_count_id, supply_id, bags, loose_grams, total_grams) values ('f6b9187f-5c56-407d-8654-b3e93391809d', '46e1f7a1-d885-4579-86cc-80e89ed2f196', '82fa538f-9a96-46ee-8272-553ab1158b15', '0', '0', '0') on conflict (id) do update set physical_count_id = excluded.physical_count_id, supply_id = excluded.supply_id, bags = excluded.bags, loose_grams = excluded.loose_grams, total_grams = excluded.total_grams;
insert into public.physical_count_items (id, physical_count_id, supply_id, bags, loose_grams, total_grams) values ('f7b1fbb8-5abd-4991-9289-73ccc95f3ca3', '46e1f7a1-d885-4579-86cc-80e89ed2f196', 'd68a18c3-79d6-48e1-b06b-81f6b2743cab', '0', '0', '0') on conflict (id) do update set physical_count_id = excluded.physical_count_id, supply_id = excluded.supply_id, bags = excluded.bags, loose_grams = excluded.loose_grams, total_grams = excluded.total_grams;
insert into public.physical_count_items (id, physical_count_id, supply_id, bags, loose_grams, total_grams) values ('f7f90038-b4aa-4343-8612-73d5bcfefc1d', '46e1f7a1-d885-4579-86cc-80e89ed2f196', '359d23ef-0eeb-4f2f-a4b6-7190de90728a', '0', '0', '0') on conflict (id) do update set physical_count_id = excluded.physical_count_id, supply_id = excluded.supply_id, bags = excluded.bags, loose_grams = excluded.loose_grams, total_grams = excluded.total_grams;
insert into public.physical_count_items (id, physical_count_id, supply_id, bags, loose_grams, total_grams) values ('fa266b5e-ae2e-452a-8086-78bca6f479cc', '46e1f7a1-d885-4579-86cc-80e89ed2f196', '00000000-0000-0000-0002-000000000006', '0', '0', '0') on conflict (id) do update set physical_count_id = excluded.physical_count_id, supply_id = excluded.supply_id, bags = excluded.bags, loose_grams = excluded.loose_grams, total_grams = excluded.total_grams;
insert into public.physical_count_items (id, physical_count_id, supply_id, bags, loose_grams, total_grams) values ('fd4df2b7-7e46-4716-8a89-19f3f65adb7b', '46e1f7a1-d885-4579-86cc-80e89ed2f196', '525551ba-b9ba-48c5-938c-8c64bb8f741c', '0', '0', '0') on conflict (id) do update set physical_count_id = excluded.physical_count_id, supply_id = excluded.supply_id, bags = excluded.bags, loose_grams = excluded.loose_grams, total_grams = excluded.total_grams;
insert into public.physical_count_items (id, physical_count_id, supply_id, bags, loose_grams, total_grams) values ('fe48f8ff-c2fa-44f9-a6d2-e68201be0f0d', '46e1f7a1-d885-4579-86cc-80e89ed2f196', '37850381-d932-4188-9f63-fad110bd8628', '0', '0', '0') on conflict (id) do update set physical_count_id = excluded.physical_count_id, supply_id = excluded.supply_id, bags = excluded.bags, loose_grams = excluded.loose_grams, total_grams = excluded.total_grams;

-- public.validations (0 rows)

-- public.production_recipes (22 rows)
insert into public.production_recipes (id, supply_id, name, output_grams, output_bags, is_active, created_at) values ('0154b44a-c13c-4f61-b4f9-9f4885e75182', 'a8d18486-d904-4045-89c0-fd90038c1fb9', 'Jamon', '12500', '93', 'false', '2026-04-04 17:50:24.911579+00') on conflict (id) do update set supply_id = excluded.supply_id, name = excluded.name, output_grams = excluded.output_grams, output_bags = excluded.output_bags, is_active = excluded.is_active, created_at = excluded.created_at;
insert into public.production_recipes (id, supply_id, name, output_grams, output_bags, is_active, created_at) values ('0888db7e-a5da-4d6c-b63f-b282f19f0c48', '0d020e82-2d96-4c69-8b63-edd9caae28f3', 'Pico de gallo', '1200', '3', 'true', '2026-04-04 19:08:39.976392+00') on conflict (id) do update set supply_id = excluded.supply_id, name = excluded.name, output_grams = excluded.output_grams, output_bags = excluded.output_bags, is_active = excluded.is_active, created_at = excluded.created_at;
insert into public.production_recipes (id, supply_id, name, output_grams, output_bags, is_active, created_at) values ('12f3f638-dac6-484f-9961-4828d4bac44a', '00000000-0000-0000-0002-000000000019', 'Cilantro producido', '500', '1', 'true', '2026-04-04 20:29:57.859321+00') on conflict (id) do update set supply_id = excluded.supply_id, name = excluded.name, output_grams = excluded.output_grams, output_bags = excluded.output_bags, is_active = excluded.is_active, created_at = excluded.created_at;
insert into public.production_recipes (id, supply_id, name, output_grams, output_bags, is_active, created_at) values ('1c87b323-6177-4cf1-a0b2-7f97c8a04331', '00000000-0000-0000-0002-000000000016', 'Salsa Albahaca', '1500', '3', 'true', '2026-04-04 17:19:46.830826+00') on conflict (id) do update set supply_id = excluded.supply_id, name = excluded.name, output_grams = excluded.output_grams, output_bags = excluded.output_bags, is_active = excluded.is_active, created_at = excluded.created_at;
insert into public.production_recipes (id, supply_id, name, output_grams, output_bags, is_active, created_at) values ('1cb01ba3-4a75-47b7-b04b-f3612c556a50', 'a8d18486-d904-4045-89c0-fd90038c1fb9', 'Jamon Bolsa', '12500', '93', 'true', '2026-04-04 17:38:51.609438+00') on conflict (id) do update set supply_id = excluded.supply_id, name = excluded.name, output_grams = excluded.output_grams, output_bags = excluded.output_bags, is_active = excluded.is_active, created_at = excluded.created_at;
insert into public.production_recipes (id, supply_id, name, output_grams, output_bags, is_active, created_at) values ('23867fa6-43b6-4a96-a020-de1e773928c0', '00000000-0000-0000-0002-000000000001', 'Masa 40 Libras', '35200', '58', 'true', '2026-04-03 18:00:33.430175+00') on conflict (id) do update set supply_id = excluded.supply_id, name = excluded.name, output_grams = excluded.output_grams, output_bags = excluded.output_bags, is_active = excluded.is_active, created_at = excluded.created_at;
insert into public.production_recipes (id, supply_id, name, output_grams, output_bags, is_active, created_at) values ('288208da-d41e-4e07-a413-dcec4919ecbb', '82fa538f-9a96-46ee-8272-553ab1158b15', 'Cebolla producida', '1000', '1', 'true', '2026-04-04 20:30:10.256331+00') on conflict (id) do update set supply_id = excluded.supply_id, name = excluded.name, output_grams = excluded.output_grams, output_bags = excluded.output_bags, is_active = excluded.is_active, created_at = excluded.created_at;
insert into public.production_recipes (id, supply_id, name, output_grams, output_bags, is_active, created_at) values ('3c659e94-d533-46b4-954f-f21ead5d0d50', '00000000-0000-0000-0002-000000000013', 'Guacamole', '1200', '2', 'true', '2026-04-04 17:23:39.014882+00') on conflict (id) do update set supply_id = excluded.supply_id, name = excluded.name, output_grams = excluded.output_grams, output_bags = excluded.output_bags, is_active = excluded.is_active, created_at = excluded.created_at;
insert into public.production_recipes (id, supply_id, name, output_grams, output_bags, is_active, created_at) values ('4bfee544-9f7c-4b24-ba6b-4cc2e46e0832', '359d23ef-0eeb-4f2f-a4b6-7190de90728a', 'Limon producido', '1000', '1', 'true', '2026-04-04 20:30:10.256331+00') on conflict (id) do update set supply_id = excluded.supply_id, name = excluded.name, output_grams = excluded.output_grams, output_bags = excluded.output_bags, is_active = excluded.is_active, created_at = excluded.created_at;
insert into public.production_recipes (id, supply_id, name, output_grams, output_bags, is_active, created_at) values ('62996d4b-b34b-455e-b0bc-4a3c5a9afd10', '1a3a180b-1984-4077-ab06-d80474f8aa48', 'Queso', '25000', '80', 'true', '2026-04-04 17:49:23.96875+00') on conflict (id) do update set supply_id = excluded.supply_id, name = excluded.name, output_grams = excluded.output_grams, output_bags = excluded.output_bags, is_active = excluded.is_active, created_at = excluded.created_at;
insert into public.production_recipes (id, supply_id, name, output_grams, output_bags, is_active, created_at) values ('63c0a86d-d5b1-4fd9-9d50-ee89c860a016', '37850381-d932-4188-9f63-fad110bd8628', 'Pollo', '1000', '20', 'true', '2026-04-04 17:51:27.054396+00') on conflict (id) do update set supply_id = excluded.supply_id, name = excluded.name, output_grams = excluded.output_grams, output_bags = excluded.output_bags, is_active = excluded.is_active, created_at = excluded.created_at;
insert into public.production_recipes (id, supply_id, name, output_grams, output_bags, is_active, created_at) values ('7edbeb55-832f-4e20-a1ae-84fe9dfd90d6', '00000000-0000-0000-0002-000000000017', 'Salsa Jalapeño', '1200', '2', 'true', '2026-04-04 17:14:41.714417+00') on conflict (id) do update set supply_id = excluded.supply_id, name = excluded.name, output_grams = excluded.output_grams, output_bags = excluded.output_bags, is_active = excluded.is_active, created_at = excluded.created_at;
insert into public.production_recipes (id, supply_id, name, output_grams, output_bags, is_active, created_at) values ('864774e5-d60f-4fab-9913-67a9ee556687', '00000000-0000-0000-0002-000000000019', 'Cilantro Producido', '200', '1', 'true', '2026-04-04 20:20:21.01735+00') on conflict (id) do update set supply_id = excluded.supply_id, name = excluded.name, output_grams = excluded.output_grams, output_bags = excluded.output_bags, is_active = excluded.is_active, created_at = excluded.created_at;
insert into public.production_recipes (id, supply_id, name, output_grams, output_bags, is_active, created_at) values ('8b2c51a3-6b84-46b6-b0dc-eaa2206990f2', 'ba403d20-2f69-4f04-9fa6-ca8a240bf75b', 'Albahaca producida', '200', '1', 'true', '2026-04-04 20:29:57.859321+00') on conflict (id) do update set supply_id = excluded.supply_id, name = excluded.name, output_grams = excluded.output_grams, output_bags = excluded.output_bags, is_active = excluded.is_active, created_at = excluded.created_at;
insert into public.production_recipes (id, supply_id, name, output_grams, output_bags, is_active, created_at) values ('8d6992a2-991e-4663-b3ba-97cbcbf92793', 'a594e8d0-67f2-481c-acc4-f093c74e28ad', 'Piña Calada', '954', '9', 'true', '2026-04-04 17:36:38.89301+00') on conflict (id) do update set supply_id = excluded.supply_id, name = excluded.name, output_grams = excluded.output_grams, output_bags = excluded.output_bags, is_active = excluded.is_active, created_at = excluded.created_at;
insert into public.production_recipes (id, supply_id, name, output_grams, output_bags, is_active, created_at) values ('92dd7f04-256f-4106-a6c6-c981ba2e4903', '00000000-0000-0000-0002-000000000007', 'Peperoni', '2500', '20', 'true', '2026-04-04 17:54:41.609153+00') on conflict (id) do update set supply_id = excluded.supply_id, name = excluded.name, output_grams = excluded.output_grams, output_bags = excluded.output_bags, is_active = excluded.is_active, created_at = excluded.created_at;
insert into public.production_recipes (id, supply_id, name, output_grams, output_bags, is_active, created_at) values ('9a2b2c50-50e9-4de5-b677-57611f7f809d', 'e30a1dd4-4358-4b9d-ab4c-7db3c3dbc1c7', 'Maicitos bolsa', '1000', '10', 'true', '2026-04-04 17:56:02.324636+00') on conflict (id) do update set supply_id = excluded.supply_id, name = excluded.name, output_grams = excluded.output_grams, output_bags = excluded.output_bags, is_active = excluded.is_active, created_at = excluded.created_at;
insert into public.production_recipes (id, supply_id, name, output_grams, output_bags, is_active, created_at) values ('a9eb109a-062e-4bd8-b279-c064be673024', '00000000-0000-0000-0002-000000000005', 'Tocineta', '9500', '76', 'true', '2026-04-04 17:39:56.131955+00') on conflict (id) do update set supply_id = excluded.supply_id, name = excluded.name, output_grams = excluded.output_grams, output_bags = excluded.output_bags, is_active = excluded.is_active, created_at = excluded.created_at;
insert into public.production_recipes (id, supply_id, name, output_grams, output_bags, is_active, created_at) values ('cd968362-9e2d-4158-8eca-82d528d879e5', 'd68a18c3-79d6-48e1-b06b-81f6b2743cab', 'Tomate producido', '1000', '1', 'true', '2026-04-04 20:29:57.859321+00') on conflict (id) do update set supply_id = excluded.supply_id, name = excluded.name, output_grams = excluded.output_grams, output_bags = excluded.output_bags, is_active = excluded.is_active, created_at = excluded.created_at;
insert into public.production_recipes (id, supply_id, name, output_grams, output_bags, is_active, created_at) values ('eac76c95-0ff7-4d08-8b5d-ac815affea5c', '00000000-0000-0000-0002-000000000009', 'Champiñones', '2600', '19', 'true', '2026-04-04 17:52:31.210119+00') on conflict (id) do update set supply_id = excluded.supply_id, name = excluded.name, output_grams = excluded.output_grams, output_bags = excluded.output_bags, is_active = excluded.is_active, created_at = excluded.created_at;
insert into public.production_recipes (id, supply_id, name, output_grams, output_bags, is_active, created_at) values ('f01fbbb6-114e-4ec7-b130-f342491df269', '00000000-0000-0000-0002-000000000012', 'Carne Mexicana', '3400', '17', 'true', '2026-04-04 17:30:38.990874+00') on conflict (id) do update set supply_id = excluded.supply_id, name = excluded.name, output_grams = excluded.output_grams, output_bags = excluded.output_bags, is_active = excluded.is_active, created_at = excluded.created_at;
insert into public.production_recipes (id, supply_id, name, output_grams, output_bags, is_active, created_at) values ('f8ebfa63-857e-433f-9e6c-90a4c52aba64', '00000000-0000-0000-0002-000000000003', 'Salsa Napolitana', '60000', '2', 'true', '2026-04-04 17:11:23.256021+00') on conflict (id) do update set supply_id = excluded.supply_id, name = excluded.name, output_grams = excluded.output_grams, output_bags = excluded.output_bags, is_active = excluded.is_active, created_at = excluded.created_at;

-- public.production_recipe_inputs (68 rows)
insert into public.production_recipe_inputs (id, production_recipe_id, supply_id, grams_required) values ('00a7ee74-f2de-4013-bf5e-2bcf3e9465b7', '3c659e94-d533-46b4-954f-f21ead5d0d50', 'ad40382d-dd1a-41be-9f44-f3c4e8fafbe4', '20') on conflict (id) do update set production_recipe_id = excluded.production_recipe_id, supply_id = excluded.supply_id, grams_required = excluded.grams_required;
insert into public.production_recipe_inputs (id, production_recipe_id, supply_id, grams_required) values ('03fc5780-d0ca-4a54-90f6-0fbe98f35a0c', '8d6992a2-991e-4663-b3ba-97cbcbf92793', 'f2bed48f-6e14-4fab-b832-28c49a7ca083', '45') on conflict (id) do update set production_recipe_id = excluded.production_recipe_id, supply_id = excluded.supply_id, grams_required = excluded.grams_required;
insert into public.production_recipe_inputs (id, production_recipe_id, supply_id, grams_required) values ('0455da63-2574-4975-badb-79715e84708b', '0154b44a-c13c-4f61-b4f9-9f4885e75182', '00000000-0000-0000-0002-000000000004', '12500') on conflict (id) do update set production_recipe_id = excluded.production_recipe_id, supply_id = excluded.supply_id, grams_required = excluded.grams_required;
insert into public.production_recipe_inputs (id, production_recipe_id, supply_id, grams_required) values ('09d31179-507a-40e0-8b64-c216ea9a7201', 'f01fbbb6-114e-4ec7-b130-f342491df269', '00000000-0000-0000-0002-000000000014', '520') on conflict (id) do update set production_recipe_id = excluded.production_recipe_id, supply_id = excluded.supply_id, grams_required = excluded.grams_required;
insert into public.production_recipe_inputs (id, production_recipe_id, supply_id, grams_required) values ('0df71b75-00e8-4eef-96ba-55be06a68c15', '23867fa6-43b6-4a96-a020-de1e773928c0', '58c76ada-92f6-4f7c-aa3c-25b62e5fa1f7', '300') on conflict (id) do update set production_recipe_id = excluded.production_recipe_id, supply_id = excluded.supply_id, grams_required = excluded.grams_required;
insert into public.production_recipe_inputs (id, production_recipe_id, supply_id, grams_required) values ('146b544d-6f14-4d55-9268-43963cdbbb0a', '23867fa6-43b6-4a96-a020-de1e773928c0', '525551ba-b9ba-48c5-938c-8c64bb8f741c', '500') on conflict (id) do update set production_recipe_id = excluded.production_recipe_id, supply_id = excluded.supply_id, grams_required = excluded.grams_required;
insert into public.production_recipe_inputs (id, production_recipe_id, supply_id, grams_required) values ('19904f38-9637-4ed0-945e-9a7064bd9d62', '3c659e94-d533-46b4-954f-f21ead5d0d50', '00000000-0000-0000-0002-000000000014', '100') on conflict (id) do update set production_recipe_id = excluded.production_recipe_id, supply_id = excluded.supply_id, grams_required = excluded.grams_required;
insert into public.production_recipe_inputs (id, production_recipe_id, supply_id, grams_required) values ('1c7a1cde-14a8-44a3-98c9-59c1f2eabc58', '23867fa6-43b6-4a96-a020-de1e773928c0', '1a6b3b17-f236-41e5-a68b-04723b128707', '12500') on conflict (id) do update set production_recipe_id = excluded.production_recipe_id, supply_id = excluded.supply_id, grams_required = excluded.grams_required;
insert into public.production_recipe_inputs (id, production_recipe_id, supply_id, grams_required) values ('21ab0e7c-7a25-481e-864a-68908af33950', 'f01fbbb6-114e-4ec7-b130-f342491df269', 'd763b5ad-0cfa-4f8f-9d69-0be8273c9827', '10') on conflict (id) do update set production_recipe_id = excluded.production_recipe_id, supply_id = excluded.supply_id, grams_required = excluded.grams_required;
insert into public.production_recipe_inputs (id, production_recipe_id, supply_id, grams_required) values ('25a34bf5-5956-4f36-ab73-ba19e9be1d10', '7edbeb55-832f-4e20-a1ae-84fe9dfd90d6', '0a0e65d1-0953-4d4c-8925-343aedf4344b', '469') on conflict (id) do update set production_recipe_id = excluded.production_recipe_id, supply_id = excluded.supply_id, grams_required = excluded.grams_required;
insert into public.production_recipe_inputs (id, production_recipe_id, supply_id, grams_required) values ('27e694f5-b07b-4a84-8588-82567d850af5', 'f01fbbb6-114e-4ec7-b130-f342491df269', 'c518c764-5bad-4191-9034-553ee6c1f94e', '240') on conflict (id) do update set production_recipe_id = excluded.production_recipe_id, supply_id = excluded.supply_id, grams_required = excluded.grams_required;
insert into public.production_recipe_inputs (id, production_recipe_id, supply_id, grams_required) values ('2d8a97bf-1f22-4442-beaa-46f732f6acfe', '3c659e94-d533-46b4-954f-f21ead5d0d50', 'c518c764-5bad-4191-9034-553ee6c1f94e', '100') on conflict (id) do update set production_recipe_id = excluded.production_recipe_id, supply_id = excluded.supply_id, grams_required = excluded.grams_required;
insert into public.production_recipe_inputs (id, production_recipe_id, supply_id, grams_required) values ('3019d028-f53a-4e1d-8bc7-a1069f0d474d', 'f8ebfa63-857e-433f-9e6c-90a4c52aba64', 'cf7a5f14-c749-483c-8d12-009505d91ea0', '12') on conflict (id) do update set production_recipe_id = excluded.production_recipe_id, supply_id = excluded.supply_id, grams_required = excluded.grams_required;
insert into public.production_recipe_inputs (id, production_recipe_id, supply_id, grams_required) values ('3122d1d5-8e1b-41f4-8403-f9c19e6870fb', 'f01fbbb6-114e-4ec7-b130-f342491df269', 'cf7a5f14-c749-483c-8d12-009505d91ea0', '10') on conflict (id) do update set production_recipe_id = excluded.production_recipe_id, supply_id = excluded.supply_id, grams_required = excluded.grams_required;
insert into public.production_recipe_inputs (id, production_recipe_id, supply_id, grams_required) values ('31eeea38-5b96-47c0-a28e-0015915b3b79', '0888db7e-a5da-4d6c-b63f-b282f19f0c48', '00000000-0000-0000-0002-000000000018', '210') on conflict (id) do update set production_recipe_id = excluded.production_recipe_id, supply_id = excluded.supply_id, grams_required = excluded.grams_required;
insert into public.production_recipe_inputs (id, production_recipe_id, supply_id, grams_required) values ('3212181b-1912-4f67-b111-cde0dc12aeb1', '7edbeb55-832f-4e20-a1ae-84fe9dfd90d6', 'fd9715d4-ff47-4487-b701-3bb364ea59b4', '100') on conflict (id) do update set production_recipe_id = excluded.production_recipe_id, supply_id = excluded.supply_id, grams_required = excluded.grams_required;
insert into public.production_recipe_inputs (id, production_recipe_id, supply_id, grams_required) values ('3343e075-7401-4512-9b6e-5ccf165bed38', '23867fa6-43b6-4a96-a020-de1e773928c0', '1cbaa319-c5a5-4192-ba1e-585cc2f0f063', '20000') on conflict (id) do update set production_recipe_id = excluded.production_recipe_id, supply_id = excluded.supply_id, grams_required = excluded.grams_required;
insert into public.production_recipe_inputs (id, production_recipe_id, supply_id, grams_required) values ('34a92dca-5949-46c1-bb36-11f859fd605a', '1c87b323-6177-4cf1-a0b2-7f97c8a04331', '0a0e65d1-0953-4d4c-8925-343aedf4344b', '1000') on conflict (id) do update set production_recipe_id = excluded.production_recipe_id, supply_id = excluded.supply_id, grams_required = excluded.grams_required;
insert into public.production_recipe_inputs (id, production_recipe_id, supply_id, grams_required) values ('3507e687-d5ce-49b6-88db-60f2826ff4ba', '23867fa6-43b6-4a96-a020-de1e773928c0', 'd3f2fea7-0329-451f-8a8c-afad0ddc589f', '200') on conflict (id) do update set production_recipe_id = excluded.production_recipe_id, supply_id = excluded.supply_id, grams_required = excluded.grams_required;
insert into public.production_recipe_inputs (id, production_recipe_id, supply_id, grams_required) values ('37d8a6f1-fe0c-4206-86cb-6b0a04c069a6', '62996d4b-b34b-455e-b0bc-4a3c5a9afd10', '00000000-0000-0000-0002-000000000002', '25000') on conflict (id) do update set production_recipe_id = excluded.production_recipe_id, supply_id = excluded.supply_id, grams_required = excluded.grams_required;
insert into public.production_recipe_inputs (id, production_recipe_id, supply_id, grams_required) values ('38bc355c-0722-4e65-a8ff-e409f9678054', 'f01fbbb6-114e-4ec7-b130-f342491df269', '0ec624a8-64c1-4a85-8bf7-cf09e51cd575', '2000') on conflict (id) do update set production_recipe_id = excluded.production_recipe_id, supply_id = excluded.supply_id, grams_required = excluded.grams_required;
insert into public.production_recipe_inputs (id, production_recipe_id, supply_id, grams_required) values ('3f57397e-e4a2-4219-b029-afb8c05f7c11', 'a9eb109a-062e-4bd8-b279-c064be673024', '11e5ddd8-74c7-4b88-b755-d46b52dcfb0f', '9500') on conflict (id) do update set production_recipe_id = excluded.production_recipe_id, supply_id = excluded.supply_id, grams_required = excluded.grams_required;
insert into public.production_recipe_inputs (id, production_recipe_id, supply_id, grams_required) values ('409785d8-9372-40b1-80af-944f97ec631d', '3c659e94-d533-46b4-954f-f21ead5d0d50', '525551ba-b9ba-48c5-938c-8c64bb8f741c', '16') on conflict (id) do update set production_recipe_id = excluded.production_recipe_id, supply_id = excluded.supply_id, grams_required = excluded.grams_required;
insert into public.production_recipe_inputs (id, production_recipe_id, supply_id, grams_required) values ('4198cfcc-595c-4cfb-846a-0a39789a5cd5', 'f01fbbb6-114e-4ec7-b130-f342491df269', 'd800fd0e-8ff6-492a-b079-1653561402b1', '60') on conflict (id) do update set production_recipe_id = excluded.production_recipe_id, supply_id = excluded.supply_id, grams_required = excluded.grams_required;
insert into public.production_recipe_inputs (id, production_recipe_id, supply_id, grams_required) values ('4d243049-f051-4a1d-afd2-775347d8b933', '8b2c51a3-6b84-46b6-b0dc-eaa2206990f2', '00000000-0000-0000-0002-000000000011', '200') on conflict (id) do update set production_recipe_id = excluded.production_recipe_id, supply_id = excluded.supply_id, grams_required = excluded.grams_required;
insert into public.production_recipe_inputs (id, production_recipe_id, supply_id, grams_required) values ('4ea2c586-71bb-4125-b704-d1fbe0b010ad', 'cd968362-9e2d-4158-8eca-82d528d879e5', '00000000-0000-0000-0002-000000000010', '1000') on conflict (id) do update set production_recipe_id = excluded.production_recipe_id, supply_id = excluded.supply_id, grams_required = excluded.grams_required;
insert into public.production_recipe_inputs (id, production_recipe_id, supply_id, grams_required) values ('5822bf6e-29e5-449d-951f-8889752978be', '12f3f638-dac6-484f-9961-4828d4bac44a', 'aced04f8-c5c9-404e-92ac-ad64f54d4e31', '500') on conflict (id) do update set production_recipe_id = excluded.production_recipe_id, supply_id = excluded.supply_id, grams_required = excluded.grams_required;
insert into public.production_recipe_inputs (id, production_recipe_id, supply_id, grams_required) values ('593536bd-cd34-49fd-8d49-ea4c19216663', '63c0a86d-d5b1-4fd9-9d50-ee89c860a016', '00000000-0000-0000-0002-000000000008', '1200') on conflict (id) do update set production_recipe_id = excluded.production_recipe_id, supply_id = excluded.supply_id, grams_required = excluded.grams_required;
insert into public.production_recipe_inputs (id, production_recipe_id, supply_id, grams_required) values ('5a76c59b-9b54-464f-bc40-836db02f5b7b', '1c87b323-6177-4cf1-a0b2-7f97c8a04331', '00000000-0000-0000-0002-000000000011', '400') on conflict (id) do update set production_recipe_id = excluded.production_recipe_id, supply_id = excluded.supply_id, grams_required = excluded.grams_required;
insert into public.production_recipe_inputs (id, production_recipe_id, supply_id, grams_required) values ('608be962-f3df-4a08-83f6-ed90b6daf674', 'f01fbbb6-114e-4ec7-b130-f342491df269', '4d856dfd-08e9-4647-96fd-7f0feabc1d2c', '40') on conflict (id) do update set production_recipe_id = excluded.production_recipe_id, supply_id = excluded.supply_id, grams_required = excluded.grams_required;
insert into public.production_recipe_inputs (id, production_recipe_id, supply_id, grams_required) values ('61f1f1f6-254b-4df1-9116-f89a376e7fdf', '0888db7e-a5da-4d6c-b63f-b282f19f0c48', '00000000-0000-0000-0002-000000000014', '400') on conflict (id) do update set production_recipe_id = excluded.production_recipe_id, supply_id = excluded.supply_id, grams_required = excluded.grams_required;
insert into public.production_recipe_inputs (id, production_recipe_id, supply_id, grams_required) values ('686ede3e-a19d-43e7-875d-afd13dcb4847', 'f8ebfa63-857e-433f-9e6c-90a4c52aba64', '4d856dfd-08e9-4647-96fd-7f0feabc1d2c', '193') on conflict (id) do update set production_recipe_id = excluded.production_recipe_id, supply_id = excluded.supply_id, grams_required = excluded.grams_required;
insert into public.production_recipe_inputs (id, production_recipe_id, supply_id, grams_required) values ('692b884f-6045-44c4-8327-e96fec7fd78f', '3c659e94-d533-46b4-954f-f21ead5d0d50', '00000000-0000-0000-0002-000000000018', '100') on conflict (id) do update set production_recipe_id = excluded.production_recipe_id, supply_id = excluded.supply_id, grams_required = excluded.grams_required;
insert into public.production_recipe_inputs (id, production_recipe_id, supply_id, grams_required) values ('6adb7276-e152-4b07-b67a-5fc9ce475c5d', '0888db7e-a5da-4d6c-b63f-b282f19f0c48', '525551ba-b9ba-48c5-938c-8c64bb8f741c', '10') on conflict (id) do update set production_recipe_id = excluded.production_recipe_id, supply_id = excluded.supply_id, grams_required = excluded.grams_required;
insert into public.production_recipe_inputs (id, production_recipe_id, supply_id, grams_required) values ('6d872cf7-6de6-47ad-8b46-5e9376b039ad', '7edbeb55-832f-4e20-a1ae-84fe9dfd90d6', 'ad40382d-dd1a-41be-9f44-f3c4e8fafbe4', '47') on conflict (id) do update set production_recipe_id = excluded.production_recipe_id, supply_id = excluded.supply_id, grams_required = excluded.grams_required;
insert into public.production_recipe_inputs (id, production_recipe_id, supply_id, grams_required) values ('6fdecd2f-4d09-4323-8062-5a856748d879', 'f01fbbb6-114e-4ec7-b130-f342491df269', 'cbdf43be-ddd2-4a6f-9f4f-91dd454b976f', '32') on conflict (id) do update set production_recipe_id = excluded.production_recipe_id, supply_id = excluded.supply_id, grams_required = excluded.grams_required;
insert into public.production_recipe_inputs (id, production_recipe_id, supply_id, grams_required) values ('7591787c-3caf-4a72-b3dc-284c0cd81db4', 'f01fbbb6-114e-4ec7-b130-f342491df269', 'b3bd4c74-552a-4125-a9d0-e69768d3c78d', '40') on conflict (id) do update set production_recipe_id = excluded.production_recipe_id, supply_id = excluded.supply_id, grams_required = excluded.grams_required;
insert into public.production_recipe_inputs (id, production_recipe_id, supply_id, grams_required) values ('7b646a13-e5bf-4177-9b6c-e87bc78e1d67', '1cb01ba3-4a75-47b7-b04b-f3612c556a50', '00000000-0000-0000-0002-000000000004', '12500') on conflict (id) do update set production_recipe_id = excluded.production_recipe_id, supply_id = excluded.supply_id, grams_required = excluded.grams_required;
insert into public.production_recipe_inputs (id, production_recipe_id, supply_id, grams_required) values ('7bfae575-183f-4c96-aab6-0fdbf9c4889c', '3c659e94-d533-46b4-954f-f21ead5d0d50', 'aced04f8-c5c9-404e-92ac-ad64f54d4e31', '88') on conflict (id) do update set production_recipe_id = excluded.production_recipe_id, supply_id = excluded.supply_id, grams_required = excluded.grams_required;
insert into public.production_recipe_inputs (id, production_recipe_id, supply_id, grams_required) values ('7bfc036e-cc87-439a-a114-e756034051dc', '92dd7f04-256f-4106-a6c6-c981ba2e4903', 'cb5ce078-facc-41e6-b197-2e8bac8895e6', '2500') on conflict (id) do update set production_recipe_id = excluded.production_recipe_id, supply_id = excluded.supply_id, grams_required = excluded.grams_required;
insert into public.production_recipe_inputs (id, production_recipe_id, supply_id, grams_required) values ('7f65efbd-8e2a-44a0-a344-882d65a106e1', 'f8ebfa63-857e-433f-9e6c-90a4c52aba64', '525551ba-b9ba-48c5-938c-8c64bb8f741c', '73') on conflict (id) do update set production_recipe_id = excluded.production_recipe_id, supply_id = excluded.supply_id, grams_required = excluded.grams_required;
insert into public.production_recipe_inputs (id, production_recipe_id, supply_id, grams_required) values ('85c2d3cf-7ae4-43eb-9834-a43cc4b79eee', 'f01fbbb6-114e-4ec7-b130-f342491df269', '00000000-0000-0000-0002-000000000005', '500') on conflict (id) do update set production_recipe_id = excluded.production_recipe_id, supply_id = excluded.supply_id, grams_required = excluded.grams_required;
insert into public.production_recipe_inputs (id, production_recipe_id, supply_id, grams_required) values ('85cb8b00-d263-4a78-9a52-24e03fdd1cb0', '0888db7e-a5da-4d6c-b63f-b282f19f0c48', '00000000-0000-0000-0002-000000000010', '700') on conflict (id) do update set production_recipe_id = excluded.production_recipe_id, supply_id = excluded.supply_id, grams_required = excluded.grams_required;
insert into public.production_recipe_inputs (id, production_recipe_id, supply_id, grams_required) values ('895bae9a-2602-43ae-a767-7df3766c0e9d', '1c87b323-6177-4cf1-a0b2-7f97c8a04331', '4d856dfd-08e9-4647-96fd-7f0feabc1d2c', '67') on conflict (id) do update set production_recipe_id = excluded.production_recipe_id, supply_id = excluded.supply_id, grams_required = excluded.grams_required;
insert into public.production_recipe_inputs (id, production_recipe_id, supply_id, grams_required) values ('92f8ad42-7b1a-414b-92a2-e2e1fd917399', 'eac76c95-0ff7-4d08-8b5d-ac815affea5c', '607b040e-f1a0-40da-ade8-396995b2d44b', '2600') on conflict (id) do update set production_recipe_id = excluded.production_recipe_id, supply_id = excluded.supply_id, grams_required = excluded.grams_required;
insert into public.production_recipe_inputs (id, production_recipe_id, supply_id, grams_required) values ('9f127249-eda3-4656-8a35-28971b36bdab', '3c659e94-d533-46b4-954f-f21ead5d0d50', '5d2677b5-fe18-4aa3-acf1-5422f5b5df98', '1000') on conflict (id) do update set production_recipe_id = excluded.production_recipe_id, supply_id = excluded.supply_id, grams_required = excluded.grams_required;
insert into public.production_recipe_inputs (id, production_recipe_id, supply_id, grams_required) values ('a49bee96-afa9-4cba-98ce-803f1a6b0466', '8d6992a2-991e-4663-b3ba-97cbcbf92793', '4d856dfd-08e9-4647-96fd-7f0feabc1d2c', '150') on conflict (id) do update set production_recipe_id = excluded.production_recipe_id, supply_id = excluded.supply_id, grams_required = excluded.grams_required;
insert into public.production_recipe_inputs (id, production_recipe_id, supply_id, grams_required) values ('a4b30b03-8709-43d3-8f55-0685fa33007d', '7edbeb55-832f-4e20-a1ae-84fe9dfd90d6', '4d856dfd-08e9-4647-96fd-7f0feabc1d2c', '31') on conflict (id) do update set production_recipe_id = excluded.production_recipe_id, supply_id = excluded.supply_id, grams_required = excluded.grams_required;
insert into public.production_recipe_inputs (id, production_recipe_id, supply_id, grams_required) values ('aa05ef55-e5bf-4d0c-8edf-572094ad1525', 'f01fbbb6-114e-4ec7-b130-f342491df269', '00000000-0000-0000-0002-000000000020', '400') on conflict (id) do update set production_recipe_id = excluded.production_recipe_id, supply_id = excluded.supply_id, grams_required = excluded.grams_required;
insert into public.production_recipe_inputs (id, production_recipe_id, supply_id, grams_required) values ('ae6b516b-3937-43f4-8cae-e36f8b922096', '7edbeb55-832f-4e20-a1ae-84fe9dfd90d6', '0802b030-623c-4b34-95ad-a33f6f31a8d0', '400') on conflict (id) do update set production_recipe_id = excluded.production_recipe_id, supply_id = excluded.supply_id, grams_required = excluded.grams_required;
insert into public.production_recipe_inputs (id, production_recipe_id, supply_id, grams_required) values ('b0056139-d858-4732-b6ad-b0518e11c0b2', 'f01fbbb6-114e-4ec7-b130-f342491df269', '525551ba-b9ba-48c5-938c-8c64bb8f741c', '32') on conflict (id) do update set production_recipe_id = excluded.production_recipe_id, supply_id = excluded.supply_id, grams_required = excluded.grams_required;
insert into public.production_recipe_inputs (id, production_recipe_id, supply_id, grams_required) values ('b0889c60-2999-40d4-abff-dc20879ed7e9', '8d6992a2-991e-4663-b3ba-97cbcbf92793', '412b4d45-da60-43b5-8ce3-b70d2553bac8', '1000') on conflict (id) do update set production_recipe_id = excluded.production_recipe_id, supply_id = excluded.supply_id, grams_required = excluded.grams_required;
insert into public.production_recipe_inputs (id, production_recipe_id, supply_id, grams_required) values ('b38c4f0e-2537-4997-9d39-7e96be4f1e73', 'f8ebfa63-857e-433f-9e6c-90a4c52aba64', 'b475ffe0-b349-4406-a725-a9beac7ea744', '48') on conflict (id) do update set production_recipe_id = excluded.production_recipe_id, supply_id = excluded.supply_id, grams_required = excluded.grams_required;
insert into public.production_recipe_inputs (id, production_recipe_id, supply_id, grams_required) values ('b40f97c9-a040-43b3-b916-5f90a056f7bc', '1c87b323-6177-4cf1-a0b2-7f97c8a04331', 'fd9715d4-ff47-4487-b701-3bb364ea59b4', '200') on conflict (id) do update set production_recipe_id = excluded.production_recipe_id, supply_id = excluded.supply_id, grams_required = excluded.grams_required;
insert into public.production_recipe_inputs (id, production_recipe_id, supply_id, grams_required) values ('ba6fb617-7bdd-4922-932d-70257336cd77', '1c87b323-6177-4cf1-a0b2-7f97c8a04331', '525551ba-b9ba-48c5-938c-8c64bb8f741c', '34') on conflict (id) do update set production_recipe_id = excluded.production_recipe_id, supply_id = excluded.supply_id, grams_required = excluded.grams_required;
insert into public.production_recipe_inputs (id, production_recipe_id, supply_id, grams_required) values ('bfeaab7c-d68f-41a7-aae7-c37e1c9beb02', 'f8ebfa63-857e-433f-9e6c-90a4c52aba64', 'cbdf43be-ddd2-4a6f-9f4f-91dd454b976f', '12') on conflict (id) do update set production_recipe_id = excluded.production_recipe_id, supply_id = excluded.supply_id, grams_required = excluded.grams_required;
insert into public.production_recipe_inputs (id, production_recipe_id, supply_id, grams_required) values ('c1d8da81-82b1-4c60-83d7-f85bc2fff85b', '0888db7e-a5da-4d6c-b63f-b282f19f0c48', 'ad40382d-dd1a-41be-9f44-f3c4e8fafbe4', '15') on conflict (id) do update set production_recipe_id = excluded.production_recipe_id, supply_id = excluded.supply_id, grams_required = excluded.grams_required;
insert into public.production_recipe_inputs (id, production_recipe_id, supply_id, grams_required) values ('c77096c9-8003-40be-82a4-acd6e8015239', '1c87b323-6177-4cf1-a0b2-7f97c8a04331', 'ad40382d-dd1a-41be-9f44-f3c4e8fafbe4', '100') on conflict (id) do update set production_recipe_id = excluded.production_recipe_id, supply_id = excluded.supply_id, grams_required = excluded.grams_required;
insert into public.production_recipe_inputs (id, production_recipe_id, supply_id, grams_required) values ('c8fb1f25-e321-4d97-8421-1be064422e41', '864774e5-d60f-4fab-9913-67a9ee556687', 'aced04f8-c5c9-404e-92ac-ad64f54d4e31', '200') on conflict (id) do update set production_recipe_id = excluded.production_recipe_id, supply_id = excluded.supply_id, grams_required = excluded.grams_required;
insert into public.production_recipe_inputs (id, production_recipe_id, supply_id, grams_required) values ('cf81dfee-5106-42b2-b664-cce14be06cee', '288208da-d41e-4e07-a413-dcec4919ecbb', '00000000-0000-0000-0002-000000000014', '1000') on conflict (id) do update set production_recipe_id = excluded.production_recipe_id, supply_id = excluded.supply_id, grams_required = excluded.grams_required;
insert into public.production_recipe_inputs (id, production_recipe_id, supply_id, grams_required) values ('dc7bf0a5-b976-46f5-b840-a2df7a018fd6', '0888db7e-a5da-4d6c-b63f-b282f19f0c48', 'aced04f8-c5c9-404e-92ac-ad64f54d4e31', '100') on conflict (id) do update set production_recipe_id = excluded.production_recipe_id, supply_id = excluded.supply_id, grams_required = excluded.grams_required;
insert into public.production_recipe_inputs (id, production_recipe_id, supply_id, grams_required) values ('e46f87b1-3d2b-474c-ab27-f9a7ab320139', 'f01fbbb6-114e-4ec7-b130-f342491df269', 'b475ffe0-b349-4406-a725-a9beac7ea744', '32') on conflict (id) do update set production_recipe_id = excluded.production_recipe_id, supply_id = excluded.supply_id, grams_required = excluded.grams_required;
insert into public.production_recipe_inputs (id, production_recipe_id, supply_id, grams_required) values ('e5a6c047-edef-40f8-aefd-9b3a87f9cc2b', '9a2b2c50-50e9-4de5-b677-57611f7f809d', '00000000-0000-0000-0002-000000000020', '1000') on conflict (id) do update set production_recipe_id = excluded.production_recipe_id, supply_id = excluded.supply_id, grams_required = excluded.grams_required;
insert into public.production_recipe_inputs (id, production_recipe_id, supply_id, grams_required) values ('f387b85f-87aa-422c-a4bc-51f7b857c4f5', '7edbeb55-832f-4e20-a1ae-84fe9dfd90d6', '525551ba-b9ba-48c5-938c-8c64bb8f741c', '16') on conflict (id) do update set production_recipe_id = excluded.production_recipe_id, supply_id = excluded.supply_id, grams_required = excluded.grams_required;
insert into public.production_recipe_inputs (id, production_recipe_id, supply_id, grams_required) values ('f5b23ca3-0b6a-425f-bdea-a73be6b82a28', '23867fa6-43b6-4a96-a020-de1e773928c0', '0a0e65d1-0953-4d4c-8925-343aedf4344b', '700') on conflict (id) do update set production_recipe_id = excluded.production_recipe_id, supply_id = excluded.supply_id, grams_required = excluded.grams_required;
insert into public.production_recipe_inputs (id, production_recipe_id, supply_id, grams_required) values ('f602e5ff-fb70-4d13-9d31-3495964579b5', 'f8ebfa63-857e-433f-9e6c-90a4c52aba64', '00000000-0000-0000-0002-000000000010', '10000') on conflict (id) do update set production_recipe_id = excluded.production_recipe_id, supply_id = excluded.supply_id, grams_required = excluded.grams_required;
insert into public.production_recipe_inputs (id, production_recipe_id, supply_id, grams_required) values ('f666ca14-ba09-4206-85e7-7a80b6adc9aa', '4bfee544-9f7c-4b24-ba6b-4cc2e46e0832', '00000000-0000-0000-0002-000000000018', '1000') on conflict (id) do update set production_recipe_id = excluded.production_recipe_id, supply_id = excluded.supply_id, grams_required = excluded.grams_required;
insert into public.production_recipe_inputs (id, production_recipe_id, supply_id, grams_required) values ('fd0d4f52-7f99-473f-b746-ba364497368b', '8d6992a2-991e-4663-b3ba-97cbcbf92793', '3b2d0cec-d1e9-40bf-a0eb-cd9321efbbf3', '30') on conflict (id) do update set production_recipe_id = excluded.production_recipe_id, supply_id = excluded.supply_id, grams_required = excluded.grams_required;

-- public.production_records (17 rows)
insert into public.production_records (id, store_id, worker_id, production_recipe_id, batches, total_grams_produced, notes, created_at) values ('017f5a15-7172-4c53-923c-8811e4fc062d', '00000000-0000-0000-0000-000000000001', '00000000-0000-0000-0004-000000000002', '7edbeb55-832f-4e20-a1ae-84fe9dfd90d6', '1', '1200', '', '2026-04-04 19:10:14.829592+00') on conflict (id) do update set store_id = excluded.store_id, worker_id = excluded.worker_id, production_recipe_id = excluded.production_recipe_id, batches = excluded.batches, total_grams_produced = excluded.total_grams_produced, notes = excluded.notes, created_at = excluded.created_at;
insert into public.production_records (id, store_id, worker_id, production_recipe_id, batches, total_grams_produced, notes, created_at) values ('48104168-0dfe-4732-ba42-b080226418c7', '00000000-0000-0000-0000-000000000001', '00000000-0000-0000-0004-000000000002', '62996d4b-b34b-455e-b0bc-4a3c5a9afd10', '1', '25000', '', '2026-04-04 19:10:09.111097+00') on conflict (id) do update set store_id = excluded.store_id, worker_id = excluded.worker_id, production_recipe_id = excluded.production_recipe_id, batches = excluded.batches, total_grams_produced = excluded.total_grams_produced, notes = excluded.notes, created_at = excluded.created_at;
insert into public.production_records (id, store_id, worker_id, production_recipe_id, batches, total_grams_produced, notes, created_at) values ('5eeccaeb-7e4a-4dc8-8bb9-3459742d0fe4', '00000000-0000-0000-0000-000000000001', '00000000-0000-0000-0004-000000000002', '1cb01ba3-4a75-47b7-b04b-f3612c556a50', '1', '12500', '', '2026-04-04 19:09:56.307954+00') on conflict (id) do update set store_id = excluded.store_id, worker_id = excluded.worker_id, production_recipe_id = excluded.production_recipe_id, batches = excluded.batches, total_grams_produced = excluded.total_grams_produced, notes = excluded.notes, created_at = excluded.created_at;
insert into public.production_records (id, store_id, worker_id, production_recipe_id, batches, total_grams_produced, notes, created_at) values ('71b9b6da-23d8-48fb-a468-3c1daaaca5bc', '00000000-0000-0000-0000-000000000001', '00000000-0000-0000-0004-000000000002', '1c87b323-6177-4cf1-a0b2-7f97c8a04331', '1', '1500', '', '2026-04-04 19:10:11.773136+00') on conflict (id) do update set store_id = excluded.store_id, worker_id = excluded.worker_id, production_recipe_id = excluded.production_recipe_id, batches = excluded.batches, total_grams_produced = excluded.total_grams_produced, notes = excluded.notes, created_at = excluded.created_at;
insert into public.production_records (id, store_id, worker_id, production_recipe_id, batches, total_grams_produced, notes, created_at) values ('7456f237-09ae-49ec-aed7-4a930c8aa9cb', '00000000-0000-0000-0000-000000000001', '00000000-0000-0000-0004-000000000010', '9a2b2c50-50e9-4de5-b677-57611f7f809d', '1', '1000', '', '2026-05-16 22:19:30.757451+00') on conflict (id) do update set store_id = excluded.store_id, worker_id = excluded.worker_id, production_recipe_id = excluded.production_recipe_id, batches = excluded.batches, total_grams_produced = excluded.total_grams_produced, notes = excluded.notes, created_at = excluded.created_at;
insert into public.production_records (id, store_id, worker_id, production_recipe_id, batches, total_grams_produced, notes, created_at) values ('7595e5e3-309b-4e59-b0d0-da5089776058', '00000000-0000-0000-0000-000000000001', '00000000-0000-0000-0004-000000000002', '0154b44a-c13c-4f61-b4f9-9f4885e75182', '1', '12500', '', '2026-04-04 19:09:55.069845+00') on conflict (id) do update set store_id = excluded.store_id, worker_id = excluded.worker_id, production_recipe_id = excluded.production_recipe_id, batches = excluded.batches, total_grams_produced = excluded.total_grams_produced, notes = excluded.notes, created_at = excluded.created_at;
insert into public.production_records (id, store_id, worker_id, production_recipe_id, batches, total_grams_produced, notes, created_at) values ('794c4d80-e732-49d8-b845-90ed1b624527', '00000000-0000-0000-0000-000000000001', '00000000-0000-0000-0004-000000000002', 'f01fbbb6-114e-4ec7-b130-f342491df269', '1', '3400', '', '2026-04-04 19:09:49.284776+00') on conflict (id) do update set store_id = excluded.store_id, worker_id = excluded.worker_id, production_recipe_id = excluded.production_recipe_id, batches = excluded.batches, total_grams_produced = excluded.total_grams_produced, notes = excluded.notes, created_at = excluded.created_at;
insert into public.production_records (id, store_id, worker_id, production_recipe_id, batches, total_grams_produced, notes, created_at) values ('7d852902-3fa8-47cf-83dc-eed0467b6f7c', '00000000-0000-0000-0000-000000000001', '00000000-0000-0000-0004-000000000002', '8d6992a2-991e-4663-b3ba-97cbcbf92793', '1', '954', '', '2026-04-04 19:10:06.63025+00') on conflict (id) do update set store_id = excluded.store_id, worker_id = excluded.worker_id, production_recipe_id = excluded.production_recipe_id, batches = excluded.batches, total_grams_produced = excluded.total_grams_produced, notes = excluded.notes, created_at = excluded.created_at;
insert into public.production_records (id, store_id, worker_id, production_recipe_id, batches, total_grams_produced, notes, created_at) values ('84c491e2-a17a-406f-af6d-fdebce31c642', '00000000-0000-0000-0000-000000000001', '00000000-0000-0000-0004-000000000002', 'f8ebfa63-857e-433f-9e6c-90a4c52aba64', '1', '60000', '', '2026-04-04 19:10:17.502702+00') on conflict (id) do update set store_id = excluded.store_id, worker_id = excluded.worker_id, production_recipe_id = excluded.production_recipe_id, batches = excluded.batches, total_grams_produced = excluded.total_grams_produced, notes = excluded.notes, created_at = excluded.created_at;
insert into public.production_records (id, store_id, worker_id, production_recipe_id, batches, total_grams_produced, notes, created_at) values ('87b1d3be-9157-44ea-a110-656607f35983', '00000000-0000-0000-0000-000000000001', '00000000-0000-0000-0004-000000000002', '63c0a86d-d5b1-4fd9-9d50-ee89c860a016', '1', '1000', '', '2026-04-04 19:10:07.894417+00') on conflict (id) do update set store_id = excluded.store_id, worker_id = excluded.worker_id, production_recipe_id = excluded.production_recipe_id, batches = excluded.batches, total_grams_produced = excluded.total_grams_produced, notes = excluded.notes, created_at = excluded.created_at;
insert into public.production_records (id, store_id, worker_id, production_recipe_id, batches, total_grams_produced, notes, created_at) values ('8d56b9e0-f3c1-481e-9e32-ad4a96fbabaf', '00000000-0000-0000-0000-000000000001', '00000000-0000-0000-0004-000000000002', 'eac76c95-0ff7-4d08-8b5d-ac815affea5c', '1', '2600', '', '2026-04-04 19:09:50.585571+00') on conflict (id) do update set store_id = excluded.store_id, worker_id = excluded.worker_id, production_recipe_id = excluded.production_recipe_id, batches = excluded.batches, total_grams_produced = excluded.total_grams_produced, notes = excluded.notes, created_at = excluded.created_at;
insert into public.production_records (id, store_id, worker_id, production_recipe_id, batches, total_grams_produced, notes, created_at) values ('ad375a51-13a2-4352-a1a4-e2c842051b5d', '00000000-0000-0000-0000-000000000001', '00000000-0000-0000-0004-000000000002', '3c659e94-d533-46b4-954f-f21ead5d0d50', '1', '1200', '', '2026-04-04 19:09:53.859437+00') on conflict (id) do update set store_id = excluded.store_id, worker_id = excluded.worker_id, production_recipe_id = excluded.production_recipe_id, batches = excluded.batches, total_grams_produced = excluded.total_grams_produced, notes = excluded.notes, created_at = excluded.created_at;
insert into public.production_records (id, store_id, worker_id, production_recipe_id, batches, total_grams_produced, notes, created_at) values ('b70db0f5-ba88-402e-adba-4ba60676a1cc', '00000000-0000-0000-0000-000000000001', '00000000-0000-0000-0004-000000000002', '92dd7f04-256f-4106-a6c6-c981ba2e4903', '1', '2500', '', '2026-04-04 19:10:01.63292+00') on conflict (id) do update set store_id = excluded.store_id, worker_id = excluded.worker_id, production_recipe_id = excluded.production_recipe_id, batches = excluded.batches, total_grams_produced = excluded.total_grams_produced, notes = excluded.notes, created_at = excluded.created_at;
insert into public.production_records (id, store_id, worker_id, production_recipe_id, batches, total_grams_produced, notes, created_at) values ('c0fe149e-f9a7-472e-bce5-2d5aca7de930', '00000000-0000-0000-0000-000000000001', '00000000-0000-0000-0004-000000000002', '23867fa6-43b6-4a96-a020-de1e773928c0', '1', '35200', '', '2026-04-04 19:10:00.409121+00') on conflict (id) do update set store_id = excluded.store_id, worker_id = excluded.worker_id, production_recipe_id = excluded.production_recipe_id, batches = excluded.batches, total_grams_produced = excluded.total_grams_produced, notes = excluded.notes, created_at = excluded.created_at;
insert into public.production_records (id, store_id, worker_id, production_recipe_id, batches, total_grams_produced, notes, created_at) values ('cd5c0abe-0f04-4483-a1a3-55575cc0b341', '00000000-0000-0000-0000-000000000001', '00000000-0000-0000-0004-000000000002', '9a2b2c50-50e9-4de5-b677-57611f7f809d', '1', '1000', '', '2026-04-04 19:09:57.490483+00') on conflict (id) do update set store_id = excluded.store_id, worker_id = excluded.worker_id, production_recipe_id = excluded.production_recipe_id, batches = excluded.batches, total_grams_produced = excluded.total_grams_produced, notes = excluded.notes, created_at = excluded.created_at;
insert into public.production_records (id, store_id, worker_id, production_recipe_id, batches, total_grams_produced, notes, created_at) values ('d6a3bbee-beca-4cdc-a55d-eda00a6432eb', '00000000-0000-0000-0000-000000000001', '00000000-0000-0000-0004-000000000002', '0888db7e-a5da-4d6c-b63f-b282f19f0c48', '1', '1200', '', '2026-04-04 19:10:04.32533+00') on conflict (id) do update set store_id = excluded.store_id, worker_id = excluded.worker_id, production_recipe_id = excluded.production_recipe_id, batches = excluded.batches, total_grams_produced = excluded.total_grams_produced, notes = excluded.notes, created_at = excluded.created_at;
insert into public.production_records (id, store_id, worker_id, production_recipe_id, batches, total_grams_produced, notes, created_at) values ('e495f824-923d-4d47-b826-6f0bf03cd2e4', '00000000-0000-0000-0000-000000000001', '00000000-0000-0000-0004-000000000002', 'a9eb109a-062e-4bd8-b279-c064be673024', '1', '9500', '', '2026-04-04 19:10:18.738518+00') on conflict (id) do update set store_id = excluded.store_id, worker_id = excluded.worker_id, production_recipe_id = excluded.production_recipe_id, batches = excluded.batches, total_grams_produced = excluded.total_grams_produced, notes = excluded.notes, created_at = excluded.created_at;

-- public.production_record_items (63 rows)
insert into public.production_record_items (id, production_record_id, supply_id, grams_consumed) values ('00af97ac-bde8-4e7e-a27e-b0d7feb0aa6c', '794c4d80-e732-49d8-b845-90ed1b624527', '0ec624a8-64c1-4a85-8bf7-cf09e51cd575', '2000') on conflict (id) do update set production_record_id = excluded.production_record_id, supply_id = excluded.supply_id, grams_consumed = excluded.grams_consumed;
insert into public.production_record_items (id, production_record_id, supply_id, grams_consumed) values ('00bdaa17-b07b-4aa5-a67d-81a08fd9ba7e', 'd6a3bbee-beca-4cdc-a55d-eda00a6432eb', 'aced04f8-c5c9-404e-92ac-ad64f54d4e31', '100') on conflict (id) do update set production_record_id = excluded.production_record_id, supply_id = excluded.supply_id, grams_consumed = excluded.grams_consumed;
insert into public.production_record_items (id, production_record_id, supply_id, grams_consumed) values ('02902c9a-efcb-4afa-969f-7751e87a7b2d', '017f5a15-7172-4c53-923c-8811e4fc062d', '0802b030-623c-4b34-95ad-a33f6f31a8d0', '400') on conflict (id) do update set production_record_id = excluded.production_record_id, supply_id = excluded.supply_id, grams_consumed = excluded.grams_consumed;
insert into public.production_record_items (id, production_record_id, supply_id, grams_consumed) values ('05740f09-5265-45fa-8d0d-1067d03a95e6', 'e495f824-923d-4d47-b826-6f0bf03cd2e4', '11e5ddd8-74c7-4b88-b755-d46b52dcfb0f', '9500') on conflict (id) do update set production_record_id = excluded.production_record_id, supply_id = excluded.supply_id, grams_consumed = excluded.grams_consumed;
insert into public.production_record_items (id, production_record_id, supply_id, grams_consumed) values ('0cd49b76-c3eb-4704-8994-47b7cc73c740', '7595e5e3-309b-4e59-b0d0-da5089776058', '00000000-0000-0000-0002-000000000004', '12500') on conflict (id) do update set production_record_id = excluded.production_record_id, supply_id = excluded.supply_id, grams_consumed = excluded.grams_consumed;
insert into public.production_record_items (id, production_record_id, supply_id, grams_consumed) values ('0e42f953-617e-41b0-ad2f-bce892b6b424', 'ad375a51-13a2-4352-a1a4-e2c842051b5d', 'ad40382d-dd1a-41be-9f44-f3c4e8fafbe4', '20') on conflict (id) do update set production_record_id = excluded.production_record_id, supply_id = excluded.supply_id, grams_consumed = excluded.grams_consumed;
insert into public.production_record_items (id, production_record_id, supply_id, grams_consumed) values ('1077f7e3-4d28-469b-8040-4c59cbb3b962', '794c4d80-e732-49d8-b845-90ed1b624527', '00000000-0000-0000-0002-000000000020', '400') on conflict (id) do update set production_record_id = excluded.production_record_id, supply_id = excluded.supply_id, grams_consumed = excluded.grams_consumed;
insert into public.production_record_items (id, production_record_id, supply_id, grams_consumed) values ('11219bab-1e60-4980-b8af-f1d7dcbc6599', '794c4d80-e732-49d8-b845-90ed1b624527', 'd800fd0e-8ff6-492a-b079-1653561402b1', '60') on conflict (id) do update set production_record_id = excluded.production_record_id, supply_id = excluded.supply_id, grams_consumed = excluded.grams_consumed;
insert into public.production_record_items (id, production_record_id, supply_id, grams_consumed) values ('11755117-0668-4abe-aac5-a971d0854546', 'd6a3bbee-beca-4cdc-a55d-eda00a6432eb', '00000000-0000-0000-0002-000000000018', '210') on conflict (id) do update set production_record_id = excluded.production_record_id, supply_id = excluded.supply_id, grams_consumed = excluded.grams_consumed;
insert into public.production_record_items (id, production_record_id, supply_id, grams_consumed) values ('179a54fa-5487-461d-9fb8-0f1d60991e6e', '71b9b6da-23d8-48fb-a468-3c1daaaca5bc', 'fd9715d4-ff47-4487-b701-3bb364ea59b4', '200') on conflict (id) do update set production_record_id = excluded.production_record_id, supply_id = excluded.supply_id, grams_consumed = excluded.grams_consumed;
insert into public.production_record_items (id, production_record_id, supply_id, grams_consumed) values ('1bc55750-0439-4095-b95e-e23ca6bf335b', 'ad375a51-13a2-4352-a1a4-e2c842051b5d', 'c518c764-5bad-4191-9034-553ee6c1f94e', '100') on conflict (id) do update set production_record_id = excluded.production_record_id, supply_id = excluded.supply_id, grams_consumed = excluded.grams_consumed;
insert into public.production_record_items (id, production_record_id, supply_id, grams_consumed) values ('2636d059-fbc3-4feb-9f50-b353bd8822be', '794c4d80-e732-49d8-b845-90ed1b624527', 'b475ffe0-b349-4406-a725-a9beac7ea744', '32') on conflict (id) do update set production_record_id = excluded.production_record_id, supply_id = excluded.supply_id, grams_consumed = excluded.grams_consumed;
insert into public.production_record_items (id, production_record_id, supply_id, grams_consumed) values ('3116f431-d224-4fab-97cd-f95626d22cd5', '017f5a15-7172-4c53-923c-8811e4fc062d', '4d856dfd-08e9-4647-96fd-7f0feabc1d2c', '31') on conflict (id) do update set production_record_id = excluded.production_record_id, supply_id = excluded.supply_id, grams_consumed = excluded.grams_consumed;
insert into public.production_record_items (id, production_record_id, supply_id, grams_consumed) values ('31655718-6ceb-4c53-8bf3-8133cc13a869', '5eeccaeb-7e4a-4dc8-8bb9-3459742d0fe4', '00000000-0000-0000-0002-000000000004', '12500') on conflict (id) do update set production_record_id = excluded.production_record_id, supply_id = excluded.supply_id, grams_consumed = excluded.grams_consumed;
insert into public.production_record_items (id, production_record_id, supply_id, grams_consumed) values ('39153d29-0ba3-4541-abba-837d96c7746c', '017f5a15-7172-4c53-923c-8811e4fc062d', '0a0e65d1-0953-4d4c-8925-343aedf4344b', '469') on conflict (id) do update set production_record_id = excluded.production_record_id, supply_id = excluded.supply_id, grams_consumed = excluded.grams_consumed;
insert into public.production_record_items (id, production_record_id, supply_id, grams_consumed) values ('3a3db087-9503-4dc5-8119-7aa8514bd435', '71b9b6da-23d8-48fb-a468-3c1daaaca5bc', '525551ba-b9ba-48c5-938c-8c64bb8f741c', '34') on conflict (id) do update set production_record_id = excluded.production_record_id, supply_id = excluded.supply_id, grams_consumed = excluded.grams_consumed;
insert into public.production_record_items (id, production_record_id, supply_id, grams_consumed) values ('3f75b4c3-d8ce-4466-b61d-aa745bf4c3da', 'ad375a51-13a2-4352-a1a4-e2c842051b5d', '5d2677b5-fe18-4aa3-acf1-5422f5b5df98', '1000') on conflict (id) do update set production_record_id = excluded.production_record_id, supply_id = excluded.supply_id, grams_consumed = excluded.grams_consumed;
insert into public.production_record_items (id, production_record_id, supply_id, grams_consumed) values ('40602930-4d4c-478a-a22c-0a3410fe695b', '84c491e2-a17a-406f-af6d-fdebce31c642', '525551ba-b9ba-48c5-938c-8c64bb8f741c', '73') on conflict (id) do update set production_record_id = excluded.production_record_id, supply_id = excluded.supply_id, grams_consumed = excluded.grams_consumed;
insert into public.production_record_items (id, production_record_id, supply_id, grams_consumed) values ('42a4981b-08f9-4c27-ae44-f8ba84ba0139', '71b9b6da-23d8-48fb-a468-3c1daaaca5bc', '4d856dfd-08e9-4647-96fd-7f0feabc1d2c', '67') on conflict (id) do update set production_record_id = excluded.production_record_id, supply_id = excluded.supply_id, grams_consumed = excluded.grams_consumed;
insert into public.production_record_items (id, production_record_id, supply_id, grams_consumed) values ('492b4b82-99f9-4bb6-ac66-0332d63566b5', '794c4d80-e732-49d8-b845-90ed1b624527', 'cbdf43be-ddd2-4a6f-9f4f-91dd454b976f', '32') on conflict (id) do update set production_record_id = excluded.production_record_id, supply_id = excluded.supply_id, grams_consumed = excluded.grams_consumed;
insert into public.production_record_items (id, production_record_id, supply_id, grams_consumed) values ('51a67591-6e35-46d7-ab87-26f1c1b2f5d3', '7d852902-3fa8-47cf-83dc-eed0467b6f7c', '4d856dfd-08e9-4647-96fd-7f0feabc1d2c', '150') on conflict (id) do update set production_record_id = excluded.production_record_id, supply_id = excluded.supply_id, grams_consumed = excluded.grams_consumed;
insert into public.production_record_items (id, production_record_id, supply_id, grams_consumed) values ('5476a240-73f8-4cef-9132-fc015ea0bf94', '7456f237-09ae-49ec-aed7-4a930c8aa9cb', '00000000-0000-0000-0002-000000000020', '1000') on conflict (id) do update set production_record_id = excluded.production_record_id, supply_id = excluded.supply_id, grams_consumed = excluded.grams_consumed;
insert into public.production_record_items (id, production_record_id, supply_id, grams_consumed) values ('607317fd-a34e-416e-8d29-5150d37b9af6', 'b70db0f5-ba88-402e-adba-4ba60676a1cc', 'cb5ce078-facc-41e6-b197-2e8bac8895e6', '2500') on conflict (id) do update set production_record_id = excluded.production_record_id, supply_id = excluded.supply_id, grams_consumed = excluded.grams_consumed;
insert into public.production_record_items (id, production_record_id, supply_id, grams_consumed) values ('64efce4b-d6a4-4270-a254-fc155e7e7988', '84c491e2-a17a-406f-af6d-fdebce31c642', 'cf7a5f14-c749-483c-8d12-009505d91ea0', '12') on conflict (id) do update set production_record_id = excluded.production_record_id, supply_id = excluded.supply_id, grams_consumed = excluded.grams_consumed;
insert into public.production_record_items (id, production_record_id, supply_id, grams_consumed) values ('6bf3bbca-dd2c-4b6a-9092-f43de6c91b3e', '8d56b9e0-f3c1-481e-9e32-ad4a96fbabaf', '607b040e-f1a0-40da-ade8-396995b2d44b', '2600') on conflict (id) do update set production_record_id = excluded.production_record_id, supply_id = excluded.supply_id, grams_consumed = excluded.grams_consumed;
insert into public.production_record_items (id, production_record_id, supply_id, grams_consumed) values ('6cd3487a-7c17-4ba2-815d-7928eab3408f', 'c0fe149e-f9a7-472e-bce5-2d5aca7de930', '58c76ada-92f6-4f7c-aa3c-25b62e5fa1f7', '300') on conflict (id) do update set production_record_id = excluded.production_record_id, supply_id = excluded.supply_id, grams_consumed = excluded.grams_consumed;
insert into public.production_record_items (id, production_record_id, supply_id, grams_consumed) values ('74d41d8f-7ff5-4f56-9c44-bf68872c386d', '84c491e2-a17a-406f-af6d-fdebce31c642', '4d856dfd-08e9-4647-96fd-7f0feabc1d2c', '193') on conflict (id) do update set production_record_id = excluded.production_record_id, supply_id = excluded.supply_id, grams_consumed = excluded.grams_consumed;
insert into public.production_record_items (id, production_record_id, supply_id, grams_consumed) values ('76701933-c052-4b1d-91c1-4d30032ce4cd', 'd6a3bbee-beca-4cdc-a55d-eda00a6432eb', 'ad40382d-dd1a-41be-9f44-f3c4e8fafbe4', '15') on conflict (id) do update set production_record_id = excluded.production_record_id, supply_id = excluded.supply_id, grams_consumed = excluded.grams_consumed;
insert into public.production_record_items (id, production_record_id, supply_id, grams_consumed) values ('7b3b232b-f218-4017-9313-44acb869003e', 'ad375a51-13a2-4352-a1a4-e2c842051b5d', '525551ba-b9ba-48c5-938c-8c64bb8f741c', '16') on conflict (id) do update set production_record_id = excluded.production_record_id, supply_id = excluded.supply_id, grams_consumed = excluded.grams_consumed;
insert into public.production_record_items (id, production_record_id, supply_id, grams_consumed) values ('82babfae-9c7b-42b3-9b22-108bb7183249', '71b9b6da-23d8-48fb-a468-3c1daaaca5bc', '0a0e65d1-0953-4d4c-8925-343aedf4344b', '1000') on conflict (id) do update set production_record_id = excluded.production_record_id, supply_id = excluded.supply_id, grams_consumed = excluded.grams_consumed;
insert into public.production_record_items (id, production_record_id, supply_id, grams_consumed) values ('8452ac7c-8bf3-4b18-914e-42f5d5b09f51', '794c4d80-e732-49d8-b845-90ed1b624527', 'b3bd4c74-552a-4125-a9d0-e69768d3c78d', '40') on conflict (id) do update set production_record_id = excluded.production_record_id, supply_id = excluded.supply_id, grams_consumed = excluded.grams_consumed;
insert into public.production_record_items (id, production_record_id, supply_id, grams_consumed) values ('87a05638-c051-46a9-8038-0f47823bff2a', '794c4d80-e732-49d8-b845-90ed1b624527', '525551ba-b9ba-48c5-938c-8c64bb8f741c', '32') on conflict (id) do update set production_record_id = excluded.production_record_id, supply_id = excluded.supply_id, grams_consumed = excluded.grams_consumed;
insert into public.production_record_items (id, production_record_id, supply_id, grams_consumed) values ('8acb7bab-bf35-4454-b877-7ec539d8fe14', 'ad375a51-13a2-4352-a1a4-e2c842051b5d', '00000000-0000-0000-0002-000000000014', '100') on conflict (id) do update set production_record_id = excluded.production_record_id, supply_id = excluded.supply_id, grams_consumed = excluded.grams_consumed;
insert into public.production_record_items (id, production_record_id, supply_id, grams_consumed) values ('905520cf-ec49-410a-b25f-57ec554951c4', '7d852902-3fa8-47cf-83dc-eed0467b6f7c', 'f2bed48f-6e14-4fab-b832-28c49a7ca083', '45') on conflict (id) do update set production_record_id = excluded.production_record_id, supply_id = excluded.supply_id, grams_consumed = excluded.grams_consumed;
insert into public.production_record_items (id, production_record_id, supply_id, grams_consumed) values ('92b8a496-a369-4204-8a55-f3641d26242d', '794c4d80-e732-49d8-b845-90ed1b624527', '00000000-0000-0000-0002-000000000014', '520') on conflict (id) do update set production_record_id = excluded.production_record_id, supply_id = excluded.supply_id, grams_consumed = excluded.grams_consumed;
insert into public.production_record_items (id, production_record_id, supply_id, grams_consumed) values ('9463e8bf-7d6e-4feb-b8d9-24772b828bde', 'c0fe149e-f9a7-472e-bce5-2d5aca7de930', '1cbaa319-c5a5-4192-ba1e-585cc2f0f063', '20000') on conflict (id) do update set production_record_id = excluded.production_record_id, supply_id = excluded.supply_id, grams_consumed = excluded.grams_consumed;
insert into public.production_record_items (id, production_record_id, supply_id, grams_consumed) values ('99c037e5-89e8-4935-b82d-fbaf383949c9', '794c4d80-e732-49d8-b845-90ed1b624527', '00000000-0000-0000-0002-000000000005', '500') on conflict (id) do update set production_record_id = excluded.production_record_id, supply_id = excluded.supply_id, grams_consumed = excluded.grams_consumed;
insert into public.production_record_items (id, production_record_id, supply_id, grams_consumed) values ('ac10b68a-a8ba-43aa-b6d4-910cee35eab5', 'c0fe149e-f9a7-472e-bce5-2d5aca7de930', 'd3f2fea7-0329-451f-8a8c-afad0ddc589f', '200') on conflict (id) do update set production_record_id = excluded.production_record_id, supply_id = excluded.supply_id, grams_consumed = excluded.grams_consumed;
insert into public.production_record_items (id, production_record_id, supply_id, grams_consumed) values ('b2d307b4-7b09-449f-be1e-f55dc892c29f', '794c4d80-e732-49d8-b845-90ed1b624527', 'd763b5ad-0cfa-4f8f-9d69-0be8273c9827', '10') on conflict (id) do update set production_record_id = excluded.production_record_id, supply_id = excluded.supply_id, grams_consumed = excluded.grams_consumed;
insert into public.production_record_items (id, production_record_id, supply_id, grams_consumed) values ('b3044967-3ff8-4925-b1a4-365c748477d7', '48104168-0dfe-4732-ba42-b080226418c7', '00000000-0000-0000-0002-000000000002', '25000') on conflict (id) do update set production_record_id = excluded.production_record_id, supply_id = excluded.supply_id, grams_consumed = excluded.grams_consumed;
insert into public.production_record_items (id, production_record_id, supply_id, grams_consumed) values ('b694b4be-1c68-49cc-a3c8-54ec17ca5262', '7d852902-3fa8-47cf-83dc-eed0467b6f7c', '3b2d0cec-d1e9-40bf-a0eb-cd9321efbbf3', '30') on conflict (id) do update set production_record_id = excluded.production_record_id, supply_id = excluded.supply_id, grams_consumed = excluded.grams_consumed;
insert into public.production_record_items (id, production_record_id, supply_id, grams_consumed) values ('bc172ee2-1177-44e5-b972-b66bafb486dd', '017f5a15-7172-4c53-923c-8811e4fc062d', 'ad40382d-dd1a-41be-9f44-f3c4e8fafbe4', '47') on conflict (id) do update set production_record_id = excluded.production_record_id, supply_id = excluded.supply_id, grams_consumed = excluded.grams_consumed;
insert into public.production_record_items (id, production_record_id, supply_id, grams_consumed) values ('bf92e019-38b6-4031-81a5-756125b8278d', 'c0fe149e-f9a7-472e-bce5-2d5aca7de930', '1a6b3b17-f236-41e5-a68b-04723b128707', '12500') on conflict (id) do update set production_record_id = excluded.production_record_id, supply_id = excluded.supply_id, grams_consumed = excluded.grams_consumed;
insert into public.production_record_items (id, production_record_id, supply_id, grams_consumed) values ('c5b14889-b012-46c7-aee6-90bcc8d351ee', '017f5a15-7172-4c53-923c-8811e4fc062d', '525551ba-b9ba-48c5-938c-8c64bb8f741c', '16') on conflict (id) do update set production_record_id = excluded.production_record_id, supply_id = excluded.supply_id, grams_consumed = excluded.grams_consumed;
insert into public.production_record_items (id, production_record_id, supply_id, grams_consumed) values ('c65d47a5-5be7-4118-949c-f7e87c9304ae', 'd6a3bbee-beca-4cdc-a55d-eda00a6432eb', '525551ba-b9ba-48c5-938c-8c64bb8f741c', '10') on conflict (id) do update set production_record_id = excluded.production_record_id, supply_id = excluded.supply_id, grams_consumed = excluded.grams_consumed;
insert into public.production_record_items (id, production_record_id, supply_id, grams_consumed) values ('c71a2ce0-93b2-466b-a46c-bfb53f6bde1e', 'ad375a51-13a2-4352-a1a4-e2c842051b5d', '00000000-0000-0000-0002-000000000018', '100') on conflict (id) do update set production_record_id = excluded.production_record_id, supply_id = excluded.supply_id, grams_consumed = excluded.grams_consumed;
insert into public.production_record_items (id, production_record_id, supply_id, grams_consumed) values ('c75097b0-ffba-4284-b0dc-1f67eea6ad1f', 'd6a3bbee-beca-4cdc-a55d-eda00a6432eb', '00000000-0000-0000-0002-000000000010', '700') on conflict (id) do update set production_record_id = excluded.production_record_id, supply_id = excluded.supply_id, grams_consumed = excluded.grams_consumed;
insert into public.production_record_items (id, production_record_id, supply_id, grams_consumed) values ('c8e8cf22-ba42-4a70-82da-43d919989954', '7d852902-3fa8-47cf-83dc-eed0467b6f7c', '412b4d45-da60-43b5-8ce3-b70d2553bac8', '1000') on conflict (id) do update set production_record_id = excluded.production_record_id, supply_id = excluded.supply_id, grams_consumed = excluded.grams_consumed;
insert into public.production_record_items (id, production_record_id, supply_id, grams_consumed) values ('d905eb0e-83da-46fa-b21a-c2941a70f03c', '794c4d80-e732-49d8-b845-90ed1b624527', 'cf7a5f14-c749-483c-8d12-009505d91ea0', '10') on conflict (id) do update set production_record_id = excluded.production_record_id, supply_id = excluded.supply_id, grams_consumed = excluded.grams_consumed;
insert into public.production_record_items (id, production_record_id, supply_id, grams_consumed) values ('da7d753c-d5e8-4175-844f-9c36dff33db5', 'ad375a51-13a2-4352-a1a4-e2c842051b5d', 'aced04f8-c5c9-404e-92ac-ad64f54d4e31', '88') on conflict (id) do update set production_record_id = excluded.production_record_id, supply_id = excluded.supply_id, grams_consumed = excluded.grams_consumed;
insert into public.production_record_items (id, production_record_id, supply_id, grams_consumed) values ('dd494455-35ab-42bb-a57e-e27fb2b51eee', '84c491e2-a17a-406f-af6d-fdebce31c642', 'b475ffe0-b349-4406-a725-a9beac7ea744', '48') on conflict (id) do update set production_record_id = excluded.production_record_id, supply_id = excluded.supply_id, grams_consumed = excluded.grams_consumed;
insert into public.production_record_items (id, production_record_id, supply_id, grams_consumed) values ('dd89062c-6801-4e1e-bb73-c5833c522389', '794c4d80-e732-49d8-b845-90ed1b624527', 'c518c764-5bad-4191-9034-553ee6c1f94e', '240') on conflict (id) do update set production_record_id = excluded.production_record_id, supply_id = excluded.supply_id, grams_consumed = excluded.grams_consumed;
insert into public.production_record_items (id, production_record_id, supply_id, grams_consumed) values ('e227a699-0926-4950-8703-666b193c6663', '84c491e2-a17a-406f-af6d-fdebce31c642', 'cbdf43be-ddd2-4a6f-9f4f-91dd454b976f', '12') on conflict (id) do update set production_record_id = excluded.production_record_id, supply_id = excluded.supply_id, grams_consumed = excluded.grams_consumed;
insert into public.production_record_items (id, production_record_id, supply_id, grams_consumed) values ('ea3c9942-d58f-4b64-b2a8-46d93030a55a', '794c4d80-e732-49d8-b845-90ed1b624527', '4d856dfd-08e9-4647-96fd-7f0feabc1d2c', '40') on conflict (id) do update set production_record_id = excluded.production_record_id, supply_id = excluded.supply_id, grams_consumed = excluded.grams_consumed;
insert into public.production_record_items (id, production_record_id, supply_id, grams_consumed) values ('eb6b06eb-e687-446d-9d79-ed3a603d9992', '71b9b6da-23d8-48fb-a468-3c1daaaca5bc', 'ad40382d-dd1a-41be-9f44-f3c4e8fafbe4', '100') on conflict (id) do update set production_record_id = excluded.production_record_id, supply_id = excluded.supply_id, grams_consumed = excluded.grams_consumed;
insert into public.production_record_items (id, production_record_id, supply_id, grams_consumed) values ('ebcb1c9d-28a3-494e-83b4-1d11f7cd48c5', 'cd5c0abe-0f04-4483-a1a3-55575cc0b341', '00000000-0000-0000-0002-000000000020', '1000') on conflict (id) do update set production_record_id = excluded.production_record_id, supply_id = excluded.supply_id, grams_consumed = excluded.grams_consumed;
insert into public.production_record_items (id, production_record_id, supply_id, grams_consumed) values ('f015700c-e18b-4af2-901c-00fd54ac888e', '017f5a15-7172-4c53-923c-8811e4fc062d', 'fd9715d4-ff47-4487-b701-3bb364ea59b4', '100') on conflict (id) do update set production_record_id = excluded.production_record_id, supply_id = excluded.supply_id, grams_consumed = excluded.grams_consumed;
insert into public.production_record_items (id, production_record_id, supply_id, grams_consumed) values ('f429642a-e519-4f74-bd51-282d7a14441a', 'c0fe149e-f9a7-472e-bce5-2d5aca7de930', '525551ba-b9ba-48c5-938c-8c64bb8f741c', '500') on conflict (id) do update set production_record_id = excluded.production_record_id, supply_id = excluded.supply_id, grams_consumed = excluded.grams_consumed;
insert into public.production_record_items (id, production_record_id, supply_id, grams_consumed) values ('f854406c-7c0b-4b27-9b3d-78aaf2b39e41', '84c491e2-a17a-406f-af6d-fdebce31c642', '00000000-0000-0000-0002-000000000010', '10000') on conflict (id) do update set production_record_id = excluded.production_record_id, supply_id = excluded.supply_id, grams_consumed = excluded.grams_consumed;
insert into public.production_record_items (id, production_record_id, supply_id, grams_consumed) values ('fbeb6eaf-45ce-490f-a8ee-32355c946f97', '71b9b6da-23d8-48fb-a468-3c1daaaca5bc', '00000000-0000-0000-0002-000000000011', '400') on conflict (id) do update set production_record_id = excluded.production_record_id, supply_id = excluded.supply_id, grams_consumed = excluded.grams_consumed;
insert into public.production_record_items (id, production_record_id, supply_id, grams_consumed) values ('fc765b35-cf49-4395-a677-5f9ca9a4940b', '87b1d3be-9157-44ea-a110-656607f35983', '00000000-0000-0000-0002-000000000008', '1200') on conflict (id) do update set production_record_id = excluded.production_record_id, supply_id = excluded.supply_id, grams_consumed = excluded.grams_consumed;
insert into public.production_record_items (id, production_record_id, supply_id, grams_consumed) values ('fe329080-2174-4332-b0b9-a7a98ab8322a', 'd6a3bbee-beca-4cdc-a55d-eda00a6432eb', '00000000-0000-0000-0002-000000000014', '400') on conflict (id) do update set production_record_id = excluded.production_record_id, supply_id = excluded.supply_id, grams_consumed = excluded.grams_consumed;
insert into public.production_record_items (id, production_record_id, supply_id, grams_consumed) values ('fed0bb6c-f37f-4d0e-9495-4f459e77a5cb', 'c0fe149e-f9a7-472e-bce5-2d5aca7de930', '0a0e65d1-0953-4d4c-8925-343aedf4344b', '700') on conflict (id) do update set production_record_id = excluded.production_record_id, supply_id = excluded.supply_id, grams_consumed = excluded.grams_consumed;

-- public.demand_estimates (50 rows)
insert into public.demand_estimates (id, store_id, product_id, day_of_week, estimated_portions) values ('02d71c5c-44da-4b5c-b567-b92a5acab9dc', '00000000-0000-0000-0000-000000000002', '00000000-0000-0000-0001-000000000007', '5', '7') on conflict (id) do update set store_id = excluded.store_id, product_id = excluded.product_id, day_of_week = excluded.day_of_week, estimated_portions = excluded.estimated_portions;
insert into public.demand_estimates (id, store_id, product_id, day_of_week, estimated_portions) values ('0a0697ad-6043-444e-aa2d-c19d1e69a88e', '00000000-0000-0000-0000-000000000002', '00000000-0000-0000-0001-000000000005', '4', '8') on conflict (id) do update set store_id = excluded.store_id, product_id = excluded.product_id, day_of_week = excluded.day_of_week, estimated_portions = excluded.estimated_portions;
insert into public.demand_estimates (id, store_id, product_id, day_of_week, estimated_portions) values ('0bf8abe4-e02e-40f8-b467-ac31db550ace', '00000000-0000-0000-0000-000000000002', '00000000-0000-0000-0001-000000000007', '4', '6') on conflict (id) do update set store_id = excluded.store_id, product_id = excluded.product_id, day_of_week = excluded.day_of_week, estimated_portions = excluded.estimated_portions;
insert into public.demand_estimates (id, store_id, product_id, day_of_week, estimated_portions) values ('2f970316-f943-4189-a0e9-50b0d855c8be', '00000000-0000-0000-0000-000000000002', '00000000-0000-0000-0001-000000000003', '1', '9') on conflict (id) do update set store_id = excluded.store_id, product_id = excluded.product_id, day_of_week = excluded.day_of_week, estimated_portions = excluded.estimated_portions;
insert into public.demand_estimates (id, store_id, product_id, day_of_week, estimated_portions) values ('31d70129-5568-452c-8743-9b9ec140af24', '00000000-0000-0000-0000-000000000002', '00000000-0000-0000-0001-000000000005', '0', '10') on conflict (id) do update set store_id = excluded.store_id, product_id = excluded.product_id, day_of_week = excluded.day_of_week, estimated_portions = excluded.estimated_portions;
insert into public.demand_estimates (id, store_id, product_id, day_of_week, estimated_portions) values ('341fcaa8-e1cd-4c9e-abeb-1490db89a7cc', '00000000-0000-0000-0000-000000000002', '00000000-0000-0000-0001-000000000001', '4', '31') on conflict (id) do update set store_id = excluded.store_id, product_id = excluded.product_id, day_of_week = excluded.day_of_week, estimated_portions = excluded.estimated_portions;
insert into public.demand_estimates (id, store_id, product_id, day_of_week, estimated_portions) values ('360b0608-5df3-4a8a-be5c-cdba058e80cc', '00000000-0000-0000-0000-000000000002', '00000000-0000-0000-0001-000000000004', '0', '16') on conflict (id) do update set store_id = excluded.store_id, product_id = excluded.product_id, day_of_week = excluded.day_of_week, estimated_portions = excluded.estimated_portions;
insert into public.demand_estimates (id, store_id, product_id, day_of_week, estimated_portions) values ('38a31e5d-2afe-4a6e-8fa7-be40359c017d', '00000000-0000-0000-0000-000000000002', '00000000-0000-0000-0001-000000000006', '2', '7') on conflict (id) do update set store_id = excluded.store_id, product_id = excluded.product_id, day_of_week = excluded.day_of_week, estimated_portions = excluded.estimated_portions;
insert into public.demand_estimates (id, store_id, product_id, day_of_week, estimated_portions) values ('3be5d3c9-d9f8-49b2-aedd-f6079d363f42', '00000000-0000-0000-0000-000000000002', '00000000-0000-0000-0001-000000000004', '3', '10') on conflict (id) do update set store_id = excluded.store_id, product_id = excluded.product_id, day_of_week = excluded.day_of_week, estimated_portions = excluded.estimated_portions;
insert into public.demand_estimates (id, store_id, product_id, day_of_week, estimated_portions) values ('4420512c-3a2e-4a7c-b20c-85bdcb2e23b2', '00000000-0000-0000-0000-000000000002', '00000000-0000-0000-0001-000000000005', '3', '6') on conflict (id) do update set store_id = excluded.store_id, product_id = excluded.product_id, day_of_week = excluded.day_of_week, estimated_portions = excluded.estimated_portions;
insert into public.demand_estimates (id, store_id, product_id, day_of_week, estimated_portions) values ('49611f94-4f91-4d4b-94f0-d8ebec64b30e', '00000000-0000-0000-0000-000000000002', '00000000-0000-0000-0001-000000000004', '4', '12') on conflict (id) do update set store_id = excluded.store_id, product_id = excluded.product_id, day_of_week = excluded.day_of_week, estimated_portions = excluded.estimated_portions;
insert into public.demand_estimates (id, store_id, product_id, day_of_week, estimated_portions) values ('4bf68148-8617-4cbe-ae68-7938b12e2e7f', '00000000-0000-0000-0000-000000000002', '00000000-0000-0000-0001-000000000001', '1', '25') on conflict (id) do update set store_id = excluded.store_id, product_id = excluded.product_id, day_of_week = excluded.day_of_week, estimated_portions = excluded.estimated_portions;
insert into public.demand_estimates (id, store_id, product_id, day_of_week, estimated_portions) values ('517d7722-ee2f-43e6-895b-d67f0de4cef9', '00000000-0000-0000-0000-000000000002', '00000000-0000-0000-0001-000000000007', '1', '4') on conflict (id) do update set store_id = excluded.store_id, product_id = excluded.product_id, day_of_week = excluded.day_of_week, estimated_portions = excluded.estimated_portions;
insert into public.demand_estimates (id, store_id, product_id, day_of_week, estimated_portions) values ('51fb73c6-1ea2-4f3d-a776-a9be94a0ecd6', '00000000-0000-0000-0000-000000000002', '00000000-0000-0000-0001-000000000003', '5', '15') on conflict (id) do update set store_id = excluded.store_id, product_id = excluded.product_id, day_of_week = excluded.day_of_week, estimated_portions = excluded.estimated_portions;
insert into public.demand_estimates (id, store_id, product_id, day_of_week, estimated_portions) values ('5c34fe6f-f6e9-49ac-9595-5947af013041', '00000000-0000-0000-0000-000000000002', '00000000-0000-0000-0001-000000000003', '0', '15') on conflict (id) do update set store_id = excluded.store_id, product_id = excluded.product_id, day_of_week = excluded.day_of_week, estimated_portions = excluded.estimated_portions;
insert into public.demand_estimates (id, store_id, product_id, day_of_week, estimated_portions) values ('61c18a40-9de3-4134-8e6e-7dc879d19397', '00000000-0000-0000-0000-000000000002', '00000000-0000-0000-0001-000000000002', '5', '31') on conflict (id) do update set store_id = excluded.store_id, product_id = excluded.product_id, day_of_week = excluded.day_of_week, estimated_portions = excluded.estimated_portions;
insert into public.demand_estimates (id, store_id, product_id, day_of_week, estimated_portions) values ('640cfd3b-ed36-4614-b396-1ab37ce6e87d', '00000000-0000-0000-0000-000000000002', '00000000-0000-0000-0001-000000000005', '2', '6') on conflict (id) do update set store_id = excluded.store_id, product_id = excluded.product_id, day_of_week = excluded.day_of_week, estimated_portions = excluded.estimated_portions;
insert into public.demand_estimates (id, store_id, product_id, day_of_week, estimated_portions) values ('648d822c-8b16-4de4-81b3-00334b704cb6', '00000000-0000-0000-0000-000000000002', '00000000-0000-0000-0001-000000000014', '0', '10') on conflict (id) do update set store_id = excluded.store_id, product_id = excluded.product_id, day_of_week = excluded.day_of_week, estimated_portions = excluded.estimated_portions;
insert into public.demand_estimates (id, store_id, product_id, day_of_week, estimated_portions) values ('69f5cd3a-7994-49d5-8e2e-470fafa5b2d3', '00000000-0000-0000-0000-000000000002', '00000000-0000-0000-0001-000000000001', '6', '49') on conflict (id) do update set store_id = excluded.store_id, product_id = excluded.product_id, day_of_week = excluded.day_of_week, estimated_portions = excluded.estimated_portions;
insert into public.demand_estimates (id, store_id, product_id, day_of_week, estimated_portions) values ('78e75782-ea79-45ab-b9f5-f8778624f8d4', '00000000-0000-0000-0000-000000000002', '00000000-0000-0000-0001-000000000004', '2', '10') on conflict (id) do update set store_id = excluded.store_id, product_id = excluded.product_id, day_of_week = excluded.day_of_week, estimated_portions = excluded.estimated_portions;
insert into public.demand_estimates (id, store_id, product_id, day_of_week, estimated_portions) values ('7a57e158-77ee-4142-9239-65920ccc2bd6', '00000000-0000-0000-0000-000000000002', '00000000-0000-0000-0001-000000000006', '0', '11') on conflict (id) do update set store_id = excluded.store_id, product_id = excluded.product_id, day_of_week = excluded.day_of_week, estimated_portions = excluded.estimated_portions;
insert into public.demand_estimates (id, store_id, product_id, day_of_week, estimated_portions) values ('7d9f72f6-420b-4d4a-ad1a-5bf770608603', '00000000-0000-0000-0000-000000000002', '00000000-0000-0000-0001-000000000003', '2', '9') on conflict (id) do update set store_id = excluded.store_id, product_id = excluded.product_id, day_of_week = excluded.day_of_week, estimated_portions = excluded.estimated_portions;
insert into public.demand_estimates (id, store_id, product_id, day_of_week, estimated_portions) values ('89272a02-d927-412d-9a30-421f3ed4e042', '00000000-0000-0000-0000-000000000002', '00000000-0000-0000-0001-000000000002', '6', '38') on conflict (id) do update set store_id = excluded.store_id, product_id = excluded.product_id, day_of_week = excluded.day_of_week, estimated_portions = excluded.estimated_portions;
insert into public.demand_estimates (id, store_id, product_id, day_of_week, estimated_portions) values ('893311de-8ce2-4873-8735-7d2cb1ae8b08', '00000000-0000-0000-0000-000000000002', '00000000-0000-0000-0001-000000000004', '6', '19') on conflict (id) do update set store_id = excluded.store_id, product_id = excluded.product_id, day_of_week = excluded.day_of_week, estimated_portions = excluded.estimated_portions;
insert into public.demand_estimates (id, store_id, product_id, day_of_week, estimated_portions) values ('8a29cea4-8c5a-4b38-85ee-0fceddb96bb0', '00000000-0000-0000-0000-000000000002', '00000000-0000-0000-0001-000000000005', '1', '6') on conflict (id) do update set store_id = excluded.store_id, product_id = excluded.product_id, day_of_week = excluded.day_of_week, estimated_portions = excluded.estimated_portions;
insert into public.demand_estimates (id, store_id, product_id, day_of_week, estimated_portions) values ('8c64c9a1-8469-4d7e-9434-388f882c68a2', '00000000-0000-0000-0000-000000000002', '00000000-0000-0000-0001-000000000001', '0', '40') on conflict (id) do update set store_id = excluded.store_id, product_id = excluded.product_id, day_of_week = excluded.day_of_week, estimated_portions = excluded.estimated_portions;
insert into public.demand_estimates (id, store_id, product_id, day_of_week, estimated_portions) values ('938685af-ca2a-4857-ae66-494ea202ebb6', '00000000-0000-0000-0000-000000000002', '00000000-0000-0000-0001-000000000004', '1', '10') on conflict (id) do update set store_id = excluded.store_id, product_id = excluded.product_id, day_of_week = excluded.day_of_week, estimated_portions = excluded.estimated_portions;
insert into public.demand_estimates (id, store_id, product_id, day_of_week, estimated_portions) values ('93939a21-15c8-4059-8c9e-a1fcc8dca70e', '00000000-0000-0000-0000-000000000002', '00000000-0000-0000-0001-000000000007', '3', '4') on conflict (id) do update set store_id = excluded.store_id, product_id = excluded.product_id, day_of_week = excluded.day_of_week, estimated_portions = excluded.estimated_portions;
insert into public.demand_estimates (id, store_id, product_id, day_of_week, estimated_portions) values ('9d8cd0a2-43c8-4920-912e-904d48bca8dd', '00000000-0000-0000-0000-000000000002', '00000000-0000-0000-0001-000000000003', '6', '19') on conflict (id) do update set store_id = excluded.store_id, product_id = excluded.product_id, day_of_week = excluded.day_of_week, estimated_portions = excluded.estimated_portions;
insert into public.demand_estimates (id, store_id, product_id, day_of_week, estimated_portions) values ('abf75f2d-2b2c-4f80-a3d2-01db0792ecdc', '00000000-0000-0000-0000-000000000002', '00000000-0000-0000-0001-000000000005', '5', '10') on conflict (id) do update set store_id = excluded.store_id, product_id = excluded.product_id, day_of_week = excluded.day_of_week, estimated_portions = excluded.estimated_portions;
insert into public.demand_estimates (id, store_id, product_id, day_of_week, estimated_portions) values ('ae18645b-1fa1-4e59-b82a-ffc1b16370bb', '00000000-0000-0000-0000-000000000002', '00000000-0000-0000-0001-000000000002', '4', '24') on conflict (id) do update set store_id = excluded.store_id, product_id = excluded.product_id, day_of_week = excluded.day_of_week, estimated_portions = excluded.estimated_portions;
insert into public.demand_estimates (id, store_id, product_id, day_of_week, estimated_portions) values ('ae6be06e-51ce-4bce-b6ab-0639fbd8ac9f', '00000000-0000-0000-0000-000000000002', '00000000-0000-0000-0001-000000000006', '4', '9') on conflict (id) do update set store_id = excluded.store_id, product_id = excluded.product_id, day_of_week = excluded.day_of_week, estimated_portions = excluded.estimated_portions;
insert into public.demand_estimates (id, store_id, product_id, day_of_week, estimated_portions) values ('b5e34691-15ba-417e-95ba-611ee017df31', '00000000-0000-0000-0000-000000000002', '00000000-0000-0000-0001-000000000007', '6', '9') on conflict (id) do update set store_id = excluded.store_id, product_id = excluded.product_id, day_of_week = excluded.day_of_week, estimated_portions = excluded.estimated_portions;
insert into public.demand_estimates (id, store_id, product_id, day_of_week, estimated_portions) values ('b67b7bd3-5f45-4942-8433-57a3db6daf60', '00000000-0000-0000-0000-000000000002', '00000000-0000-0000-0001-000000000003', '3', '9') on conflict (id) do update set store_id = excluded.store_id, product_id = excluded.product_id, day_of_week = excluded.day_of_week, estimated_portions = excluded.estimated_portions;
insert into public.demand_estimates (id, store_id, product_id, day_of_week, estimated_portions) values ('bf261025-0fa7-42ac-85ba-6d085c80f978', '00000000-0000-0000-0000-000000000002', '00000000-0000-0000-0001-000000000007', '2', '4') on conflict (id) do update set store_id = excluded.store_id, product_id = excluded.product_id, day_of_week = excluded.day_of_week, estimated_portions = excluded.estimated_portions;
insert into public.demand_estimates (id, store_id, product_id, day_of_week, estimated_portions) values ('c08ba67f-52f2-42bc-84f5-9becc34cd67b', '00000000-0000-0000-0000-000000000002', '00000000-0000-0000-0001-000000000006', '6', '14') on conflict (id) do update set store_id = excluded.store_id, product_id = excluded.product_id, day_of_week = excluded.day_of_week, estimated_portions = excluded.estimated_portions;
insert into public.demand_estimates (id, store_id, product_id, day_of_week, estimated_portions) values ('c2446f20-d3a9-43ca-940e-3e3b8fd85388', '00000000-0000-0000-0000-000000000002', '00000000-0000-0000-0001-000000000006', '1', '7') on conflict (id) do update set store_id = excluded.store_id, product_id = excluded.product_id, day_of_week = excluded.day_of_week, estimated_portions = excluded.estimated_portions;
insert into public.demand_estimates (id, store_id, product_id, day_of_week, estimated_portions) values ('c283e9d5-989b-4494-bd0c-1006e6143d55', '00000000-0000-0000-0000-000000000002', '00000000-0000-0000-0001-000000000003', '4', '12') on conflict (id) do update set store_id = excluded.store_id, product_id = excluded.product_id, day_of_week = excluded.day_of_week, estimated_portions = excluded.estimated_portions;
insert into public.demand_estimates (id, store_id, product_id, day_of_week, estimated_portions) values ('d07bb6be-1666-4ea0-8eed-74138ae53fa6', '00000000-0000-0000-0000-000000000002', '00000000-0000-0000-0001-000000000002', '1', '19') on conflict (id) do update set store_id = excluded.store_id, product_id = excluded.product_id, day_of_week = excluded.day_of_week, estimated_portions = excluded.estimated_portions;
insert into public.demand_estimates (id, store_id, product_id, day_of_week, estimated_portions) values ('d3afb053-9347-4dfd-a1dd-b81b79e249b8', '00000000-0000-0000-0000-000000000002', '00000000-0000-0000-0001-000000000002', '3', '19') on conflict (id) do update set store_id = excluded.store_id, product_id = excluded.product_id, day_of_week = excluded.day_of_week, estimated_portions = excluded.estimated_portions;
insert into public.demand_estimates (id, store_id, product_id, day_of_week, estimated_portions) values ('d3eb23e1-b261-4c2e-9f0d-950a217bae6b', '00000000-0000-0000-0000-000000000002', '00000000-0000-0000-0001-000000000002', '2', '19') on conflict (id) do update set store_id = excluded.store_id, product_id = excluded.product_id, day_of_week = excluded.day_of_week, estimated_portions = excluded.estimated_portions;
insert into public.demand_estimates (id, store_id, product_id, day_of_week, estimated_portions) values ('d54a0d50-007b-4a0e-aed9-2bcd797d12a6', '00000000-0000-0000-0000-000000000002', '00000000-0000-0000-0001-000000000005', '6', '12') on conflict (id) do update set store_id = excluded.store_id, product_id = excluded.product_id, day_of_week = excluded.day_of_week, estimated_portions = excluded.estimated_portions;
insert into public.demand_estimates (id, store_id, product_id, day_of_week, estimated_portions) values ('dbc34a9d-d15e-4efa-9eba-33727de4be1a', '00000000-0000-0000-0000-000000000002', '00000000-0000-0000-0001-000000000001', '3', '25') on conflict (id) do update set store_id = excluded.store_id, product_id = excluded.product_id, day_of_week = excluded.day_of_week, estimated_portions = excluded.estimated_portions;
insert into public.demand_estimates (id, store_id, product_id, day_of_week, estimated_portions) values ('df5f2adf-47ab-474a-b19b-2451fe293021', '00000000-0000-0000-0000-000000000002', '00000000-0000-0000-0001-000000000001', '5', '40') on conflict (id) do update set store_id = excluded.store_id, product_id = excluded.product_id, day_of_week = excluded.day_of_week, estimated_portions = excluded.estimated_portions;
insert into public.demand_estimates (id, store_id, product_id, day_of_week, estimated_portions) values ('e8270702-efca-40f0-9a2d-c0098d13c9f1', '00000000-0000-0000-0000-000000000002', '00000000-0000-0000-0001-000000000006', '3', '7') on conflict (id) do update set store_id = excluded.store_id, product_id = excluded.product_id, day_of_week = excluded.day_of_week, estimated_portions = excluded.estimated_portions;
insert into public.demand_estimates (id, store_id, product_id, day_of_week, estimated_portions) values ('f3a689fb-1257-454d-99fc-4a835d5efb23', '00000000-0000-0000-0000-000000000002', '00000000-0000-0000-0001-000000000001', '2', '25') on conflict (id) do update set store_id = excluded.store_id, product_id = excluded.product_id, day_of_week = excluded.day_of_week, estimated_portions = excluded.estimated_portions;
insert into public.demand_estimates (id, store_id, product_id, day_of_week, estimated_portions) values ('f3d8aaa2-d9a9-4c36-978d-0327287cfa53', '00000000-0000-0000-0000-000000000002', '00000000-0000-0000-0001-000000000007', '0', '7') on conflict (id) do update set store_id = excluded.store_id, product_id = excluded.product_id, day_of_week = excluded.day_of_week, estimated_portions = excluded.estimated_portions;
insert into public.demand_estimates (id, store_id, product_id, day_of_week, estimated_portions) values ('f41ff86b-4b34-4376-b6b1-6816a7ca8561', '00000000-0000-0000-0000-000000000002', '00000000-0000-0000-0001-000000000004', '5', '16') on conflict (id) do update set store_id = excluded.store_id, product_id = excluded.product_id, day_of_week = excluded.day_of_week, estimated_portions = excluded.estimated_portions;
insert into public.demand_estimates (id, store_id, product_id, day_of_week, estimated_portions) values ('f5692f28-9721-4ae8-8dad-1530da5e03bf', '00000000-0000-0000-0000-000000000002', '00000000-0000-0000-0001-000000000006', '5', '11') on conflict (id) do update set store_id = excluded.store_id, product_id = excluded.product_id, day_of_week = excluded.day_of_week, estimated_portions = excluded.estimated_portions;
insert into public.demand_estimates (id, store_id, product_id, day_of_week, estimated_portions) values ('f7a18352-b1d9-4f0b-82b0-984e09fef867', '00000000-0000-0000-0000-000000000002', '00000000-0000-0000-0001-000000000002', '0', '31') on conflict (id) do update set store_id = excluded.store_id, product_id = excluded.product_id, day_of_week = excluded.day_of_week, estimated_portions = excluded.estimated_portions;

-- public.daily_alerts (62 rows)
insert into public.daily_alerts (id, store_id, date, physical_count_id, closing_worker_id, count_worker_id, supply_id, theoretical_grams, real_grams, difference_grams, difference_percent, alert_type, created_at) values ('098af7d9-cf9a-4703-b749-d397af1d5386', '00000000-0000-0000-0000-000000000002', '2026-04-04', '46e1f7a1-d885-4579-86cc-80e89ed2f196', NULL, '00000000-0000-0000-0004-000000000008', '00000000-0000-0000-0002-000000000016', '550', '300', '-250', '-500', 'LOSS', '2026-04-05 00:07:38.037307+00') on conflict (id) do update set store_id = excluded.store_id, date = excluded.date, physical_count_id = excluded.physical_count_id, closing_worker_id = excluded.closing_worker_id, count_worker_id = excluded.count_worker_id, supply_id = excluded.supply_id, theoretical_grams = excluded.theoretical_grams, real_grams = excluded.real_grams, difference_grams = excluded.difference_grams, difference_percent = excluded.difference_percent, alert_type = excluded.alert_type, created_at = excluded.created_at;
insert into public.daily_alerts (id, store_id, date, physical_count_id, closing_worker_id, count_worker_id, supply_id, theoretical_grams, real_grams, difference_grams, difference_percent, alert_type, created_at) values ('0a44947f-083a-4b35-bd1b-f82b178fa46a', '00000000-0000-0000-0000-000000000002', '2026-04-12', '46e1f7a1-d885-4579-86cc-80e89ed2f196', NULL, '00000000-0000-0000-0004-000000000008', '00000000-0000-0000-0002-000000000001', '-1353.6', '9000', '10353.6', '764.89', 'SURPLUS', '2026-04-12 14:55:02.62889+00') on conflict (id) do update set store_id = excluded.store_id, date = excluded.date, physical_count_id = excluded.physical_count_id, closing_worker_id = excluded.closing_worker_id, count_worker_id = excluded.count_worker_id, supply_id = excluded.supply_id, theoretical_grams = excluded.theoretical_grams, real_grams = excluded.real_grams, difference_grams = excluded.difference_grams, difference_percent = excluded.difference_percent, alert_type = excluded.alert_type, created_at = excluded.created_at;
insert into public.daily_alerts (id, store_id, date, physical_count_id, closing_worker_id, count_worker_id, supply_id, theoretical_grams, real_grams, difference_grams, difference_percent, alert_type, created_at) values ('0d06a659-a555-45d5-b361-4a38fc3410d7', '00000000-0000-0000-0000-000000000002', '2026-05-16', '048d2714-e981-4e44-b086-7dcae7b629b4', NULL, NULL, '00000000-0000-0000-0002-000000000001', '9473.6', '9774.4', '300.8', '57.14', 'SURPLUS', '2026-05-16 22:40:09.057399+00') on conflict (id) do update set store_id = excluded.store_id, date = excluded.date, physical_count_id = excluded.physical_count_id, closing_worker_id = excluded.closing_worker_id, count_worker_id = excluded.count_worker_id, supply_id = excluded.supply_id, theoretical_grams = excluded.theoretical_grams, real_grams = excluded.real_grams, difference_grams = excluded.difference_grams, difference_percent = excluded.difference_percent, alert_type = excluded.alert_type, created_at = excluded.created_at;
insert into public.daily_alerts (id, store_id, date, physical_count_id, closing_worker_id, count_worker_id, supply_id, theoretical_grams, real_grams, difference_grams, difference_percent, alert_type, created_at) values ('1133d468-d906-475e-bb61-a1d87ebef221', '00000000-0000-0000-0000-000000000002', '2026-05-16', '048d2714-e981-4e44-b086-7dcae7b629b4', NULL, NULL, '82fa538f-9a96-46ee-8272-553ab1158b15', '2000', '1970', '-30', '-1.5', 'OK', '2026-05-16 22:40:09.057399+00') on conflict (id) do update set store_id = excluded.store_id, date = excluded.date, physical_count_id = excluded.physical_count_id, closing_worker_id = excluded.closing_worker_id, count_worker_id = excluded.count_worker_id, supply_id = excluded.supply_id, theoretical_grams = excluded.theoretical_grams, real_grams = excluded.real_grams, difference_grams = excluded.difference_grams, difference_percent = excluded.difference_percent, alert_type = excluded.alert_type, created_at = excluded.created_at;
insert into public.daily_alerts (id, store_id, date, physical_count_id, closing_worker_id, count_worker_id, supply_id, theoretical_grams, real_grams, difference_grams, difference_percent, alert_type, created_at) values ('13d0cc4e-de8c-47e3-99a2-c7881cb392a0', '00000000-0000-0000-0000-000000000002', '2026-05-16', '048d2714-e981-4e44-b086-7dcae7b629b4', NULL, NULL, '37850381-d932-4188-9f63-fad110bd8628', '300', '275', '-25', '-8.33', 'LOSS', '2026-05-16 22:40:09.057399+00') on conflict (id) do update set store_id = excluded.store_id, date = excluded.date, physical_count_id = excluded.physical_count_id, closing_worker_id = excluded.closing_worker_id, count_worker_id = excluded.count_worker_id, supply_id = excluded.supply_id, theoretical_grams = excluded.theoretical_grams, real_grams = excluded.real_grams, difference_grams = excluded.difference_grams, difference_percent = excluded.difference_percent, alert_type = excluded.alert_type, created_at = excluded.created_at;
insert into public.daily_alerts (id, store_id, date, physical_count_id, closing_worker_id, count_worker_id, supply_id, theoretical_grams, real_grams, difference_grams, difference_percent, alert_type, created_at) values ('17f7fe71-b576-4c5b-a0cb-54265aa2c182', '00000000-0000-0000-0000-000000000002', '2026-05-16', '048d2714-e981-4e44-b086-7dcae7b629b4', NULL, NULL, '00000000-0000-0000-0002-000000000007', '1468.7', '1030.5', '-438.2', '-1400', 'LOSS', '2026-05-16 22:40:09.057399+00') on conflict (id) do update set store_id = excluded.store_id, date = excluded.date, physical_count_id = excluded.physical_count_id, closing_worker_id = excluded.closing_worker_id, count_worker_id = excluded.count_worker_id, supply_id = excluded.supply_id, theoretical_grams = excluded.theoretical_grams, real_grams = excluded.real_grams, difference_grams = excluded.difference_grams, difference_percent = excluded.difference_percent, alert_type = excluded.alert_type, created_at = excluded.created_at;
insert into public.daily_alerts (id, store_id, date, physical_count_id, closing_worker_id, count_worker_id, supply_id, theoretical_grams, real_grams, difference_grams, difference_percent, alert_type, created_at) values ('1a9d9b47-353c-4b3d-bbcf-4ca7d54743d3', '00000000-0000-0000-0000-000000000002', '2026-04-04', '46e1f7a1-d885-4579-86cc-80e89ed2f196', NULL, '00000000-0000-0000-0004-000000000008', '00000000-0000-0000-0002-000000000003', '7850', '6000', '-1850', '-160.87', 'LOSS', '2026-04-05 00:07:38.037307+00') on conflict (id) do update set store_id = excluded.store_id, date = excluded.date, physical_count_id = excluded.physical_count_id, closing_worker_id = excluded.closing_worker_id, count_worker_id = excluded.count_worker_id, supply_id = excluded.supply_id, theoretical_grams = excluded.theoretical_grams, real_grams = excluded.real_grams, difference_grams = excluded.difference_grams, difference_percent = excluded.difference_percent, alert_type = excluded.alert_type, created_at = excluded.created_at;
insert into public.daily_alerts (id, store_id, date, physical_count_id, closing_worker_id, count_worker_id, supply_id, theoretical_grams, real_grams, difference_grams, difference_percent, alert_type, created_at) values ('1d4c2203-c6a0-4bb5-9a6e-9cfb168645ee', '00000000-0000-0000-0000-000000000002', '2026-05-16', '048d2714-e981-4e44-b086-7dcae7b629b4', NULL, NULL, '359d23ef-0eeb-4f2f-a4b6-7190de90728a', '2000', '1910', '-90', '-4.5', 'OK', '2026-05-16 22:40:09.057399+00') on conflict (id) do update set store_id = excluded.store_id, date = excluded.date, physical_count_id = excluded.physical_count_id, closing_worker_id = excluded.closing_worker_id, count_worker_id = excluded.count_worker_id, supply_id = excluded.supply_id, theoretical_grams = excluded.theoretical_grams, real_grams = excluded.real_grams, difference_grams = excluded.difference_grams, difference_percent = excluded.difference_percent, alert_type = excluded.alert_type, created_at = excluded.created_at;
insert into public.daily_alerts (id, store_id, date, physical_count_id, closing_worker_id, count_worker_id, supply_id, theoretical_grams, real_grams, difference_grams, difference_percent, alert_type, created_at) values ('1d503a71-fe80-46fb-9925-a85e55222285', '00000000-0000-0000-0000-000000000002', '2026-04-12', '46e1f7a1-d885-4579-86cc-80e89ed2f196', NULL, '00000000-0000-0000-0004-000000000008', 'a594e8d0-67f2-481c-acc4-f093c74e28ad', '-347.1', '0', '347.1', '100', 'SURPLUS', '2026-04-12 14:55:02.62889+00') on conflict (id) do update set store_id = excluded.store_id, date = excluded.date, physical_count_id = excluded.physical_count_id, closing_worker_id = excluded.closing_worker_id, count_worker_id = excluded.count_worker_id, supply_id = excluded.supply_id, theoretical_grams = excluded.theoretical_grams, real_grams = excluded.real_grams, difference_grams = excluded.difference_grams, difference_percent = excluded.difference_percent, alert_type = excluded.alert_type, created_at = excluded.created_at;
insert into public.daily_alerts (id, store_id, date, physical_count_id, closing_worker_id, count_worker_id, supply_id, theoretical_grams, real_grams, difference_grams, difference_percent, alert_type, created_at) values ('25de4c91-6e55-49d4-9ad9-31803362df70', '00000000-0000-0000-0000-000000000002', '2026-04-04', '46e1f7a1-d885-4579-86cc-80e89ed2f196', NULL, '00000000-0000-0000-0004-000000000008', 'a594e8d0-67f2-481c-acc4-f093c74e28ad', '1786.4', '0', '-1786.4', '-836.33', 'LOSS', '2026-04-05 00:07:38.037307+00') on conflict (id) do update set store_id = excluded.store_id, date = excluded.date, physical_count_id = excluded.physical_count_id, closing_worker_id = excluded.closing_worker_id, count_worker_id = excluded.count_worker_id, supply_id = excluded.supply_id, theoretical_grams = excluded.theoretical_grams, real_grams = excluded.real_grams, difference_grams = excluded.difference_grams, difference_percent = excluded.difference_percent, alert_type = excluded.alert_type, created_at = excluded.created_at;
insert into public.daily_alerts (id, store_id, date, physical_count_id, closing_worker_id, count_worker_id, supply_id, theoretical_grams, real_grams, difference_grams, difference_percent, alert_type, created_at) values ('290cd2f6-c781-4bbc-93b7-30fbe27ed226', '00000000-0000-0000-0000-000000000002', '2026-04-04', '46e1f7a1-d885-4579-86cc-80e89ed2f196', NULL, '00000000-0000-0000-0004-000000000008', '00000000-0000-0000-0002-000000000001', '8470.4', '9000', '529.6', '30.62', 'SURPLUS', '2026-04-05 00:07:38.037307+00') on conflict (id) do update set store_id = excluded.store_id, date = excluded.date, physical_count_id = excluded.physical_count_id, closing_worker_id = excluded.closing_worker_id, count_worker_id = excluded.count_worker_id, supply_id = excluded.supply_id, theoretical_grams = excluded.theoretical_grams, real_grams = excluded.real_grams, difference_grams = excluded.difference_grams, difference_percent = excluded.difference_percent, alert_type = excluded.alert_type, created_at = excluded.created_at;
insert into public.daily_alerts (id, store_id, date, physical_count_id, closing_worker_id, count_worker_id, supply_id, theoretical_grams, real_grams, difference_grams, difference_percent, alert_type, created_at) values ('331c627e-bb4d-44ca-ae87-9899e581e7b1', '00000000-0000-0000-0000-000000000002', '2026-05-16', '048d2714-e981-4e44-b086-7dcae7b629b4', NULL, NULL, '00000000-0000-0000-0002-000000000003', '9650', '9850', '200', '57.14', 'SURPLUS', '2026-05-16 22:40:09.057399+00') on conflict (id) do update set store_id = excluded.store_id, date = excluded.date, physical_count_id = excluded.physical_count_id, closing_worker_id = excluded.closing_worker_id, count_worker_id = excluded.count_worker_id, supply_id = excluded.supply_id, theoretical_grams = excluded.theoretical_grams, real_grams = excluded.real_grams, difference_grams = excluded.difference_grams, difference_percent = excluded.difference_percent, alert_type = excluded.alert_type, created_at = excluded.created_at;
insert into public.daily_alerts (id, store_id, date, physical_count_id, closing_worker_id, count_worker_id, supply_id, theoretical_grams, real_grams, difference_grams, difference_percent, alert_type, created_at) values ('3409ad98-686f-40ed-b003-d48823792c16', '00000000-0000-0000-0000-000000000002', '2026-04-12', '46e1f7a1-d885-4579-86cc-80e89ed2f196', NULL, '00000000-0000-0000-0004-000000000008', '1a3a180b-1984-4077-ab06-d80474f8aa48', '-703.7', '0', '703.7', '100', 'SURPLUS', '2026-04-12 14:55:02.62889+00') on conflict (id) do update set store_id = excluded.store_id, date = excluded.date, physical_count_id = excluded.physical_count_id, closing_worker_id = excluded.closing_worker_id, count_worker_id = excluded.count_worker_id, supply_id = excluded.supply_id, theoretical_grams = excluded.theoretical_grams, real_grams = excluded.real_grams, difference_grams = excluded.difference_grams, difference_percent = excluded.difference_percent, alert_type = excluded.alert_type, created_at = excluded.created_at;
insert into public.daily_alerts (id, store_id, date, physical_count_id, closing_worker_id, count_worker_id, supply_id, theoretical_grams, real_grams, difference_grams, difference_percent, alert_type, created_at) values ('44b2bc60-7fab-44a5-8bc0-cd48e11903bd', '00000000-0000-0000-0000-000000000002', '2026-04-04', '46e1f7a1-d885-4579-86cc-80e89ed2f196', NULL, '00000000-0000-0000-0004-000000000008', '359d23ef-0eeb-4f2f-a4b6-7190de90728a', '970', '0', '-970', '-3233.33', 'LOSS', '2026-04-05 00:07:38.037307+00') on conflict (id) do update set store_id = excluded.store_id, date = excluded.date, physical_count_id = excluded.physical_count_id, closing_worker_id = excluded.closing_worker_id, count_worker_id = excluded.count_worker_id, supply_id = excluded.supply_id, theoretical_grams = excluded.theoretical_grams, real_grams = excluded.real_grams, difference_grams = excluded.difference_grams, difference_percent = excluded.difference_percent, alert_type = excluded.alert_type, created_at = excluded.created_at;
insert into public.daily_alerts (id, store_id, date, physical_count_id, closing_worker_id, count_worker_id, supply_id, theoretical_grams, real_grams, difference_grams, difference_percent, alert_type, created_at) values ('4b2fa713-9ee4-436e-81d7-9773cccded13', '00000000-0000-0000-0000-000000000002', '2026-04-12', '46e1f7a1-d885-4579-86cc-80e89ed2f196', NULL, '00000000-0000-0000-0004-000000000008', '00000000-0000-0000-0002-000000000013', '0', '300', '300', '0', 'OK', '2026-04-12 14:55:02.62889+00') on conflict (id) do update set store_id = excluded.store_id, date = excluded.date, physical_count_id = excluded.physical_count_id, closing_worker_id = excluded.closing_worker_id, count_worker_id = excluded.count_worker_id, supply_id = excluded.supply_id, theoretical_grams = excluded.theoretical_grams, real_grams = excluded.real_grams, difference_grams = excluded.difference_grams, difference_percent = excluded.difference_percent, alert_type = excluded.alert_type, created_at = excluded.created_at;
insert into public.daily_alerts (id, store_id, date, physical_count_id, closing_worker_id, count_worker_id, supply_id, theoretical_grams, real_grams, difference_grams, difference_percent, alert_type, created_at) values ('4c79565c-10c3-4250-89f4-827fa8eb0dbc', '00000000-0000-0000-0000-000000000002', '2026-04-12', '46e1f7a1-d885-4579-86cc-80e89ed2f196', NULL, '00000000-0000-0000-0004-000000000008', 'd68a18c3-79d6-48e1-b06b-81f6b2743cab', '-150', '0', '150', '100', 'SURPLUS', '2026-04-12 14:55:02.62889+00') on conflict (id) do update set store_id = excluded.store_id, date = excluded.date, physical_count_id = excluded.physical_count_id, closing_worker_id = excluded.closing_worker_id, count_worker_id = excluded.count_worker_id, supply_id = excluded.supply_id, theoretical_grams = excluded.theoretical_grams, real_grams = excluded.real_grams, difference_grams = excluded.difference_grams, difference_percent = excluded.difference_percent, alert_type = excluded.alert_type, created_at = excluded.created_at;
insert into public.daily_alerts (id, store_id, date, physical_count_id, closing_worker_id, count_worker_id, supply_id, theoretical_grams, real_grams, difference_grams, difference_percent, alert_type, created_at) values ('567fde53-6ca4-4358-b944-81c1ba9bb6dd', '00000000-0000-0000-0000-000000000002', '2026-05-16', '048d2714-e981-4e44-b086-7dcae7b629b4', NULL, NULL, '00000000-0000-0000-0002-000000000002', '1000', '922', '-78', '-7.8', 'LOSS', '2026-05-16 22:40:09.057399+00') on conflict (id) do update set store_id = excluded.store_id, date = excluded.date, physical_count_id = excluded.physical_count_id, closing_worker_id = excluded.closing_worker_id, count_worker_id = excluded.count_worker_id, supply_id = excluded.supply_id, theoretical_grams = excluded.theoretical_grams, real_grams = excluded.real_grams, difference_grams = excluded.difference_grams, difference_percent = excluded.difference_percent, alert_type = excluded.alert_type, created_at = excluded.created_at;
insert into public.daily_alerts (id, store_id, date, physical_count_id, closing_worker_id, count_worker_id, supply_id, theoretical_grams, real_grams, difference_grams, difference_percent, alert_type, created_at) values ('5e2901a5-22e5-4369-9673-e5404399d1bb', '00000000-0000-0000-0000-000000000002', '2026-04-20', '46e1f7a1-d885-4579-86cc-80e89ed2f196', NULL, '00000000-0000-0000-0004-000000000008', '00000000-0000-0000-0002-000000000001', '0', '9000', '9000', '0', 'OK', '2026-04-21 02:20:47.297021+00') on conflict (id) do update set store_id = excluded.store_id, date = excluded.date, physical_count_id = excluded.physical_count_id, closing_worker_id = excluded.closing_worker_id, count_worker_id = excluded.count_worker_id, supply_id = excluded.supply_id, theoretical_grams = excluded.theoretical_grams, real_grams = excluded.real_grams, difference_grams = excluded.difference_grams, difference_percent = excluded.difference_percent, alert_type = excluded.alert_type, created_at = excluded.created_at;
insert into public.daily_alerts (id, store_id, date, physical_count_id, closing_worker_id, count_worker_id, supply_id, theoretical_grams, real_grams, difference_grams, difference_percent, alert_type, created_at) values ('63fbbae0-821f-42ef-89a0-c923c78cbb8d', '00000000-0000-0000-0000-000000000002', '2026-04-04', '46e1f7a1-d885-4579-86cc-80e89ed2f196', NULL, '00000000-0000-0000-0004-000000000008', 'd68a18c3-79d6-48e1-b06b-81f6b2743cab', '1975', '0', '-1975', '-7900', 'LOSS', '2026-04-05 00:07:38.037307+00') on conflict (id) do update set store_id = excluded.store_id, date = excluded.date, physical_count_id = excluded.physical_count_id, closing_worker_id = excluded.closing_worker_id, count_worker_id = excluded.count_worker_id, supply_id = excluded.supply_id, theoretical_grams = excluded.theoretical_grams, real_grams = excluded.real_grams, difference_grams = excluded.difference_grams, difference_percent = excluded.difference_percent, alert_type = excluded.alert_type, created_at = excluded.created_at;
insert into public.daily_alerts (id, store_id, date, physical_count_id, closing_worker_id, count_worker_id, supply_id, theoretical_grams, real_grams, difference_grams, difference_percent, alert_type, created_at) values ('6aaae545-9819-4b30-be17-cdabd5f2cbbb', '00000000-0000-0000-0000-000000000002', '2026-04-20', '46e1f7a1-d885-4579-86cc-80e89ed2f196', NULL, '00000000-0000-0000-0004-000000000008', '00000000-0000-0000-0002-000000000005', '0', '250', '250', '0', 'OK', '2026-04-21 02:20:47.297021+00') on conflict (id) do update set store_id = excluded.store_id, date = excluded.date, physical_count_id = excluded.physical_count_id, closing_worker_id = excluded.closing_worker_id, count_worker_id = excluded.count_worker_id, supply_id = excluded.supply_id, theoretical_grams = excluded.theoretical_grams, real_grams = excluded.real_grams, difference_grams = excluded.difference_grams, difference_percent = excluded.difference_percent, alert_type = excluded.alert_type, created_at = excluded.created_at;
insert into public.daily_alerts (id, store_id, date, physical_count_id, closing_worker_id, count_worker_id, supply_id, theoretical_grams, real_grams, difference_grams, difference_percent, alert_type, created_at) values ('6fd34077-2337-4293-87da-61daecc308cb', '00000000-0000-0000-0000-000000000002', '2026-04-12', '46e1f7a1-d885-4579-86cc-80e89ed2f196', NULL, '00000000-0000-0000-0004-000000000008', 'ba403d20-2f69-4f04-9fa6-ca8a240bf75b', '-20', '0', '20', '100', 'SURPLUS', '2026-04-12 14:55:02.62889+00') on conflict (id) do update set store_id = excluded.store_id, date = excluded.date, physical_count_id = excluded.physical_count_id, closing_worker_id = excluded.closing_worker_id, count_worker_id = excluded.count_worker_id, supply_id = excluded.supply_id, theoretical_grams = excluded.theoretical_grams, real_grams = excluded.real_grams, difference_grams = excluded.difference_grams, difference_percent = excluded.difference_percent, alert_type = excluded.alert_type, created_at = excluded.created_at;
insert into public.daily_alerts (id, store_id, date, physical_count_id, closing_worker_id, count_worker_id, supply_id, theoretical_grams, real_grams, difference_grams, difference_percent, alert_type, created_at) values ('7630243e-0a5b-49ed-b881-e728f6218a7f', '00000000-0000-0000-0000-000000000002', '2026-05-16', '048d2714-e981-4e44-b086-7dcae7b629b4', NULL, NULL, '00000000-0000-0000-0002-000000000101', '0', '50', '50', '0', 'OK', '2026-05-16 22:40:09.057399+00') on conflict (id) do update set store_id = excluded.store_id, date = excluded.date, physical_count_id = excluded.physical_count_id, closing_worker_id = excluded.closing_worker_id, count_worker_id = excluded.count_worker_id, supply_id = excluded.supply_id, theoretical_grams = excluded.theoretical_grams, real_grams = excluded.real_grams, difference_grams = excluded.difference_grams, difference_percent = excluded.difference_percent, alert_type = excluded.alert_type, created_at = excluded.created_at;
insert into public.daily_alerts (id, store_id, date, physical_count_id, closing_worker_id, count_worker_id, supply_id, theoretical_grams, real_grams, difference_grams, difference_percent, alert_type, created_at) values ('7d1e7c4c-0e8d-4535-a5da-b933cda2a922', '00000000-0000-0000-0000-000000000002', '2026-04-04', '46e1f7a1-d885-4579-86cc-80e89ed2f196', NULL, '00000000-0000-0000-0004-000000000008', '00000000-0000-0000-0002-000000000009', '593.6', '0', '-593.6', '-1890.45', 'LOSS', '2026-04-05 00:07:38.037307+00') on conflict (id) do update set store_id = excluded.store_id, date = excluded.date, physical_count_id = excluded.physical_count_id, closing_worker_id = excluded.closing_worker_id, count_worker_id = excluded.count_worker_id, supply_id = excluded.supply_id, theoretical_grams = excluded.theoretical_grams, real_grams = excluded.real_grams, difference_grams = excluded.difference_grams, difference_percent = excluded.difference_percent, alert_type = excluded.alert_type, created_at = excluded.created_at;
insert into public.daily_alerts (id, store_id, date, physical_count_id, closing_worker_id, count_worker_id, supply_id, theoretical_grams, real_grams, difference_grams, difference_percent, alert_type, created_at) values ('7e115072-c3c7-4157-bb22-be7f34643ee9', '00000000-0000-0000-0000-000000000002', '2026-04-04', '46e1f7a1-d885-4579-86cc-80e89ed2f196', NULL, '00000000-0000-0000-0004-000000000008', '00000000-0000-0000-0002-000000000002', '0', '624', '624', '0', 'OK', '2026-04-05 00:07:38.037307+00') on conflict (id) do update set store_id = excluded.store_id, date = excluded.date, physical_count_id = excluded.physical_count_id, closing_worker_id = excluded.closing_worker_id, count_worker_id = excluded.count_worker_id, supply_id = excluded.supply_id, theoretical_grams = excluded.theoretical_grams, real_grams = excluded.real_grams, difference_grams = excluded.difference_grams, difference_percent = excluded.difference_percent, alert_type = excluded.alert_type, created_at = excluded.created_at;
insert into public.daily_alerts (id, store_id, date, physical_count_id, closing_worker_id, count_worker_id, supply_id, theoretical_grams, real_grams, difference_grams, difference_percent, alert_type, created_at) values ('81607f4e-b08f-42f6-b7c1-5da77a25b8e2', '00000000-0000-0000-0000-000000000002', '2026-04-20', '46e1f7a1-d885-4579-86cc-80e89ed2f196', NULL, '00000000-0000-0000-0004-000000000008', '00000000-0000-0000-0002-000000000013', '0', '300', '300', '0', 'OK', '2026-04-21 02:20:47.297021+00') on conflict (id) do update set store_id = excluded.store_id, date = excluded.date, physical_count_id = excluded.physical_count_id, closing_worker_id = excluded.closing_worker_id, count_worker_id = excluded.count_worker_id, supply_id = excluded.supply_id, theoretical_grams = excluded.theoretical_grams, real_grams = excluded.real_grams, difference_grams = excluded.difference_grams, difference_percent = excluded.difference_percent, alert_type = excluded.alert_type, created_at = excluded.created_at;
insert into public.daily_alerts (id, store_id, date, physical_count_id, closing_worker_id, count_worker_id, supply_id, theoretical_grams, real_grams, difference_grams, difference_percent, alert_type, created_at) values ('832ab134-6019-40e3-9c37-b65623b8b5c9', '00000000-0000-0000-0000-000000000002', '2026-04-12', '46e1f7a1-d885-4579-86cc-80e89ed2f196', NULL, '00000000-0000-0000-0004-000000000008', '00000000-0000-0000-0002-000000000017', '0', '300', '300', '0', 'OK', '2026-04-12 14:55:02.62889+00') on conflict (id) do update set store_id = excluded.store_id, date = excluded.date, physical_count_id = excluded.physical_count_id, closing_worker_id = excluded.closing_worker_id, count_worker_id = excluded.count_worker_id, supply_id = excluded.supply_id, theoretical_grams = excluded.theoretical_grams, real_grams = excluded.real_grams, difference_grams = excluded.difference_grams, difference_percent = excluded.difference_percent, alert_type = excluded.alert_type, created_at = excluded.created_at;
insert into public.daily_alerts (id, store_id, date, physical_count_id, closing_worker_id, count_worker_id, supply_id, theoretical_grams, real_grams, difference_grams, difference_percent, alert_type, created_at) values ('83968e6e-23a7-4551-a7b6-bab2f409a157', '00000000-0000-0000-0000-000000000002', '2026-05-16', '048d2714-e981-4e44-b086-7dcae7b629b4', NULL, NULL, 'e30a1dd4-4358-4b9d-ab4c-7db3c3dbc1c7', '210', '210', '0', '0', 'OK', '2026-05-16 22:40:09.057399+00') on conflict (id) do update set store_id = excluded.store_id, date = excluded.date, physical_count_id = excluded.physical_count_id, closing_worker_id = excluded.closing_worker_id, count_worker_id = excluded.count_worker_id, supply_id = excluded.supply_id, theoretical_grams = excluded.theoretical_grams, real_grams = excluded.real_grams, difference_grams = excluded.difference_grams, difference_percent = excluded.difference_percent, alert_type = excluded.alert_type, created_at = excluded.created_at;
insert into public.daily_alerts (id, store_id, date, physical_count_id, closing_worker_id, count_worker_id, supply_id, theoretical_grams, real_grams, difference_grams, difference_percent, alert_type, created_at) values ('8bf019c3-b152-4a94-9623-fff4ee34aea0', '00000000-0000-0000-0000-000000000002', '2026-05-16', '048d2714-e981-4e44-b086-7dcae7b629b4', NULL, NULL, '00000000-0000-0000-0002-000000000009', '750', '687.2', '-62.8', '-8.37', 'LOSS', '2026-05-16 22:40:09.057399+00') on conflict (id) do update set store_id = excluded.store_id, date = excluded.date, physical_count_id = excluded.physical_count_id, closing_worker_id = excluded.closing_worker_id, count_worker_id = excluded.count_worker_id, supply_id = excluded.supply_id, theoretical_grams = excluded.theoretical_grams, real_grams = excluded.real_grams, difference_grams = excluded.difference_grams, difference_percent = excluded.difference_percent, alert_type = excluded.alert_type, created_at = excluded.created_at;
insert into public.daily_alerts (id, store_id, date, physical_count_id, closing_worker_id, count_worker_id, supply_id, theoretical_grams, real_grams, difference_grams, difference_percent, alert_type, created_at) values ('8e2e1c27-371d-413a-a4a2-b92c62e36502', '00000000-0000-0000-0000-000000000002', '2026-04-20', '46e1f7a1-d885-4579-86cc-80e89ed2f196', NULL, '00000000-0000-0000-0004-000000000008', '00000000-0000-0000-0002-000000000017', '0', '300', '300', '0', 'OK', '2026-04-21 02:20:47.297021+00') on conflict (id) do update set store_id = excluded.store_id, date = excluded.date, physical_count_id = excluded.physical_count_id, closing_worker_id = excluded.closing_worker_id, count_worker_id = excluded.count_worker_id, supply_id = excluded.supply_id, theoretical_grams = excluded.theoretical_grams, real_grams = excluded.real_grams, difference_grams = excluded.difference_grams, difference_percent = excluded.difference_percent, alert_type = excluded.alert_type, created_at = excluded.created_at;
insert into public.daily_alerts (id, store_id, date, physical_count_id, closing_worker_id, count_worker_id, supply_id, theoretical_grams, real_grams, difference_grams, difference_percent, alert_type, created_at) values ('8f223ef0-edbc-4504-9526-701701043ee0', '00000000-0000-0000-0000-000000000002', '2026-05-16', '048d2714-e981-4e44-b086-7dcae7b629b4', NULL, NULL, '00000000-0000-0000-0002-000000000019', '400', '385', '-15', '-3.75', 'OK', '2026-05-16 22:40:09.057399+00') on conflict (id) do update set store_id = excluded.store_id, date = excluded.date, physical_count_id = excluded.physical_count_id, closing_worker_id = excluded.closing_worker_id, count_worker_id = excluded.count_worker_id, supply_id = excluded.supply_id, theoretical_grams = excluded.theoretical_grams, real_grams = excluded.real_grams, difference_grams = excluded.difference_grams, difference_percent = excluded.difference_percent, alert_type = excluded.alert_type, created_at = excluded.created_at;
insert into public.daily_alerts (id, store_id, date, physical_count_id, closing_worker_id, count_worker_id, supply_id, theoretical_grams, real_grams, difference_grams, difference_percent, alert_type, created_at) values ('91eb357f-a017-4533-bcad-6bc002124cc7', '00000000-0000-0000-0000-000000000002', '2026-05-16', '048d2714-e981-4e44-b086-7dcae7b629b4', NULL, NULL, 'a594e8d0-67f2-481c-acc4-f093c74e28ad', '6946.6', '4783.9', '-2162.7', '-4050', 'LOSS', '2026-05-16 22:40:09.057399+00') on conflict (id) do update set store_id = excluded.store_id, date = excluded.date, physical_count_id = excluded.physical_count_id, closing_worker_id = excluded.closing_worker_id, count_worker_id = excluded.count_worker_id, supply_id = excluded.supply_id, theoretical_grams = excluded.theoretical_grams, real_grams = excluded.real_grams, difference_grams = excluded.difference_grams, difference_percent = excluded.difference_percent, alert_type = excluded.alert_type, created_at = excluded.created_at;
insert into public.daily_alerts (id, store_id, date, physical_count_id, closing_worker_id, count_worker_id, supply_id, theoretical_grams, real_grams, difference_grams, difference_percent, alert_type, created_at) values ('920e8bc9-9fa7-41bc-a9bb-b6cf90c5b078', '00000000-0000-0000-0000-000000000002', '2026-05-16', '048d2714-e981-4e44-b086-7dcae7b629b4', NULL, NULL, '00000000-0000-0000-0002-000000000005', '1484.4', '1048', '-436.4', '-2797.44', 'LOSS', '2026-05-16 22:40:09.057399+00') on conflict (id) do update set store_id = excluded.store_id, date = excluded.date, physical_count_id = excluded.physical_count_id, closing_worker_id = excluded.closing_worker_id, count_worker_id = excluded.count_worker_id, supply_id = excluded.supply_id, theoretical_grams = excluded.theoretical_grams, real_grams = excluded.real_grams, difference_grams = excluded.difference_grams, difference_percent = excluded.difference_percent, alert_type = excluded.alert_type, created_at = excluded.created_at;
insert into public.daily_alerts (id, store_id, date, physical_count_id, closing_worker_id, count_worker_id, supply_id, theoretical_grams, real_grams, difference_grams, difference_percent, alert_type, created_at) values ('927ae48d-27b1-4db0-aa03-69613b06b684', '00000000-0000-0000-0000-000000000002', '2026-04-20', '46e1f7a1-d885-4579-86cc-80e89ed2f196', NULL, '00000000-0000-0000-0004-000000000008', '00000000-0000-0000-0002-000000000003', '0', '6000', '6000', '0', 'OK', '2026-04-21 02:20:47.297021+00') on conflict (id) do update set store_id = excluded.store_id, date = excluded.date, physical_count_id = excluded.physical_count_id, closing_worker_id = excluded.closing_worker_id, count_worker_id = excluded.count_worker_id, supply_id = excluded.supply_id, theoretical_grams = excluded.theoretical_grams, real_grams = excluded.real_grams, difference_grams = excluded.difference_grams, difference_percent = excluded.difference_percent, alert_type = excluded.alert_type, created_at = excluded.created_at;
insert into public.daily_alerts (id, store_id, date, physical_count_id, closing_worker_id, count_worker_id, supply_id, theoretical_grams, real_grams, difference_grams, difference_percent, alert_type, created_at) values ('994a5776-9678-4489-be64-fe43a5fd4267', '00000000-0000-0000-0000-000000000002', '2026-04-04', '46e1f7a1-d885-4579-86cc-80e89ed2f196', NULL, '00000000-0000-0000-0004-000000000008', 'a8d18486-d904-4045-89c0-fd90038c1fb9', '1126', '0', '-1126', '-323.56', 'LOSS', '2026-04-05 00:07:38.037307+00') on conflict (id) do update set store_id = excluded.store_id, date = excluded.date, physical_count_id = excluded.physical_count_id, closing_worker_id = excluded.closing_worker_id, count_worker_id = excluded.count_worker_id, supply_id = excluded.supply_id, theoretical_grams = excluded.theoretical_grams, real_grams = excluded.real_grams, difference_grams = excluded.difference_grams, difference_percent = excluded.difference_percent, alert_type = excluded.alert_type, created_at = excluded.created_at;
insert into public.daily_alerts (id, store_id, date, physical_count_id, closing_worker_id, count_worker_id, supply_id, theoretical_grams, real_grams, difference_grams, difference_percent, alert_type, created_at) values ('9b27781d-3408-4431-b2c7-5f83ffa8b3ee', '00000000-0000-0000-0000-000000000002', '2026-05-16', '048d2714-e981-4e44-b086-7dcae7b629b4', NULL, NULL, '00000000-0000-0000-0002-000000000103', '10', '9', '-1', '-10', 'LOSS', '2026-05-16 22:40:09.057399+00') on conflict (id) do update set store_id = excluded.store_id, date = excluded.date, physical_count_id = excluded.physical_count_id, closing_worker_id = excluded.closing_worker_id, count_worker_id = excluded.count_worker_id, supply_id = excluded.supply_id, theoretical_grams = excluded.theoretical_grams, real_grams = excluded.real_grams, difference_grams = excluded.difference_grams, difference_percent = excluded.difference_percent, alert_type = excluded.alert_type, created_at = excluded.created_at;
insert into public.daily_alerts (id, store_id, date, physical_count_id, closing_worker_id, count_worker_id, supply_id, theoretical_grams, real_grams, difference_grams, difference_percent, alert_type, created_at) values ('9b9e6c47-b50a-413a-8ffd-262e00289096', '00000000-0000-0000-0000-000000000002', '2026-04-12', '46e1f7a1-d885-4579-86cc-80e89ed2f196', NULL, '00000000-0000-0000-0004-000000000008', '00000000-0000-0000-0002-000000000002', '0', '624', '624', '0', 'OK', '2026-04-12 14:55:02.62889+00') on conflict (id) do update set store_id = excluded.store_id, date = excluded.date, physical_count_id = excluded.physical_count_id, closing_worker_id = excluded.closing_worker_id, count_worker_id = excluded.count_worker_id, supply_id = excluded.supply_id, theoretical_grams = excluded.theoretical_grams, real_grams = excluded.real_grams, difference_grams = excluded.difference_grams, difference_percent = excluded.difference_percent, alert_type = excluded.alert_type, created_at = excluded.created_at;
insert into public.daily_alerts (id, store_id, date, physical_count_id, closing_worker_id, count_worker_id, supply_id, theoretical_grams, real_grams, difference_grams, difference_percent, alert_type, created_at) values ('9e913ca3-a8d9-428b-8d6a-83bafb3d698f', '00000000-0000-0000-0000-000000000002', '2026-05-16', '048d2714-e981-4e44-b086-7dcae7b629b4', NULL, NULL, '00000000-0000-0000-0002-000000000016', '600', '750', '150', '25', 'SURPLUS', '2026-05-16 22:40:09.057399+00') on conflict (id) do update set store_id = excluded.store_id, date = excluded.date, physical_count_id = excluded.physical_count_id, closing_worker_id = excluded.closing_worker_id, count_worker_id = excluded.count_worker_id, supply_id = excluded.supply_id, theoretical_grams = excluded.theoretical_grams, real_grams = excluded.real_grams, difference_grams = excluded.difference_grams, difference_percent = excluded.difference_percent, alert_type = excluded.alert_type, created_at = excluded.created_at;
insert into public.daily_alerts (id, store_id, date, physical_count_id, closing_worker_id, count_worker_id, supply_id, theoretical_grams, real_grams, difference_grams, difference_percent, alert_type, created_at) values ('a499539c-2f2e-46e9-9bf4-3b231ca80c61', '00000000-0000-0000-0000-000000000002', '2026-04-04', '46e1f7a1-d885-4579-86cc-80e89ed2f196', NULL, '00000000-0000-0000-0004-000000000008', '00000000-0000-0000-0002-000000000012', '375', '0', '-375', '-1500', 'LOSS', '2026-04-05 00:07:38.037307+00') on conflict (id) do update set store_id = excluded.store_id, date = excluded.date, physical_count_id = excluded.physical_count_id, closing_worker_id = excluded.closing_worker_id, count_worker_id = excluded.count_worker_id, supply_id = excluded.supply_id, theoretical_grams = excluded.theoretical_grams, real_grams = excluded.real_grams, difference_grams = excluded.difference_grams, difference_percent = excluded.difference_percent, alert_type = excluded.alert_type, created_at = excluded.created_at;
insert into public.daily_alerts (id, store_id, date, physical_count_id, closing_worker_id, count_worker_id, supply_id, theoretical_grams, real_grams, difference_grams, difference_percent, alert_type, created_at) values ('a672fd6f-3546-45a6-8832-65d93ab40df0', '00000000-0000-0000-0000-000000000002', '2026-04-04', '46e1f7a1-d885-4579-86cc-80e89ed2f196', NULL, '00000000-0000-0000-0004-000000000008', '00000000-0000-0000-0002-000000000019', '195', '0', '-195', '-3900', 'LOSS', '2026-04-05 00:07:38.037307+00') on conflict (id) do update set store_id = excluded.store_id, date = excluded.date, physical_count_id = excluded.physical_count_id, closing_worker_id = excluded.closing_worker_id, count_worker_id = excluded.count_worker_id, supply_id = excluded.supply_id, theoretical_grams = excluded.theoretical_grams, real_grams = excluded.real_grams, difference_grams = excluded.difference_grams, difference_percent = excluded.difference_percent, alert_type = excluded.alert_type, created_at = excluded.created_at;
insert into public.daily_alerts (id, store_id, date, physical_count_id, closing_worker_id, count_worker_id, supply_id, theoretical_grams, real_grams, difference_grams, difference_percent, alert_type, created_at) values ('a985cc9f-bc78-4582-badd-b3eb234f91d4', '00000000-0000-0000-0000-000000000002', '2026-04-04', '46e1f7a1-d885-4579-86cc-80e89ed2f196', NULL, '00000000-0000-0000-0004-000000000008', '00000000-0000-0000-0002-000000000007', '500', '0', '-500', '-100', 'LOSS', '2026-04-05 00:07:38.037307+00') on conflict (id) do update set store_id = excluded.store_id, date = excluded.date, physical_count_id = excluded.physical_count_id, closing_worker_id = excluded.closing_worker_id, count_worker_id = excluded.count_worker_id, supply_id = excluded.supply_id, theoretical_grams = excluded.theoretical_grams, real_grams = excluded.real_grams, difference_grams = excluded.difference_grams, difference_percent = excluded.difference_percent, alert_type = excluded.alert_type, created_at = excluded.created_at;
insert into public.daily_alerts (id, store_id, date, physical_count_id, closing_worker_id, count_worker_id, supply_id, theoretical_grams, real_grams, difference_grams, difference_percent, alert_type, created_at) values ('a9a8c6f4-5970-473e-8086-84559abe51a8', '00000000-0000-0000-0000-000000000002', '2026-04-12', '46e1f7a1-d885-4579-86cc-80e89ed2f196', NULL, '00000000-0000-0000-0004-000000000008', '00000000-0000-0000-0002-000000000005', '-15.6', '250', '265.6', '1702.56', 'SURPLUS', '2026-04-12 14:55:02.62889+00') on conflict (id) do update set store_id = excluded.store_id, date = excluded.date, physical_count_id = excluded.physical_count_id, closing_worker_id = excluded.closing_worker_id, count_worker_id = excluded.count_worker_id, supply_id = excluded.supply_id, theoretical_grams = excluded.theoretical_grams, real_grams = excluded.real_grams, difference_grams = excluded.difference_grams, difference_percent = excluded.difference_percent, alert_type = excluded.alert_type, created_at = excluded.created_at;
insert into public.daily_alerts (id, store_id, date, physical_count_id, closing_worker_id, count_worker_id, supply_id, theoretical_grams, real_grams, difference_grams, difference_percent, alert_type, created_at) values ('af01d80e-0971-4b0c-bc94-daba8e851419', '00000000-0000-0000-0000-000000000002', '2026-04-04', '46e1f7a1-d885-4579-86cc-80e89ed2f196', NULL, '00000000-0000-0000-0004-000000000008', '00000000-0000-0000-0002-000000000017', '550', '300', '-250', '-500', 'LOSS', '2026-04-05 00:07:38.037307+00') on conflict (id) do update set store_id = excluded.store_id, date = excluded.date, physical_count_id = excluded.physical_count_id, closing_worker_id = excluded.closing_worker_id, count_worker_id = excluded.count_worker_id, supply_id = excluded.supply_id, theoretical_grams = excluded.theoretical_grams, real_grams = excluded.real_grams, difference_grams = excluded.difference_grams, difference_percent = excluded.difference_percent, alert_type = excluded.alert_type, created_at = excluded.created_at;
insert into public.daily_alerts (id, store_id, date, physical_count_id, closing_worker_id, count_worker_id, supply_id, theoretical_grams, real_grams, difference_grams, difference_percent, alert_type, created_at) values ('b10106f1-df5c-43c6-bf55-86df175cb6e0', '00000000-0000-0000-0000-000000000002', '2026-05-16', '048d2714-e981-4e44-b086-7dcae7b629b4', NULL, NULL, 'd68a18c3-79d6-48e1-b06b-81f6b2743cab', '3000', '2600', '-400', '-13.33', 'LOSS', '2026-05-16 22:40:09.057399+00') on conflict (id) do update set store_id = excluded.store_id, date = excluded.date, physical_count_id = excluded.physical_count_id, closing_worker_id = excluded.closing_worker_id, count_worker_id = excluded.count_worker_id, supply_id = excluded.supply_id, theoretical_grams = excluded.theoretical_grams, real_grams = excluded.real_grams, difference_grams = excluded.difference_grams, difference_percent = excluded.difference_percent, alert_type = excluded.alert_type, created_at = excluded.created_at;
insert into public.daily_alerts (id, store_id, date, physical_count_id, closing_worker_id, count_worker_id, supply_id, theoretical_grams, real_grams, difference_grams, difference_percent, alert_type, created_at) values ('bb8ba877-7b71-4230-bcda-131ce4e328ba', '00000000-0000-0000-0000-000000000002', '2026-05-16', '048d2714-e981-4e44-b086-7dcae7b629b4', NULL, NULL, 'a8d18486-d904-4045-89c0-fd90038c1fb9', '5977.8', '3768', '-2209.8', '-4233.33', 'LOSS', '2026-05-16 22:40:09.057399+00') on conflict (id) do update set store_id = excluded.store_id, date = excluded.date, physical_count_id = excluded.physical_count_id, closing_worker_id = excluded.closing_worker_id, count_worker_id = excluded.count_worker_id, supply_id = excluded.supply_id, theoretical_grams = excluded.theoretical_grams, real_grams = excluded.real_grams, difference_grams = excluded.difference_grams, difference_percent = excluded.difference_percent, alert_type = excluded.alert_type, created_at = excluded.created_at;
insert into public.daily_alerts (id, store_id, date, physical_count_id, closing_worker_id, count_worker_id, supply_id, theoretical_grams, real_grams, difference_grams, difference_percent, alert_type, created_at) values ('c11799c5-0e24-497f-a059-7f42e29eb0b5', '00000000-0000-0000-0000-000000000002', '2026-05-16', '048d2714-e981-4e44-b086-7dcae7b629b4', NULL, NULL, '1a3a180b-1984-4077-ab06-d80474f8aa48', '9726.3', '9882.7', '156.4', '57.14', 'SURPLUS', '2026-05-16 22:40:09.057399+00') on conflict (id) do update set store_id = excluded.store_id, date = excluded.date, physical_count_id = excluded.physical_count_id, closing_worker_id = excluded.closing_worker_id, count_worker_id = excluded.count_worker_id, supply_id = excluded.supply_id, theoretical_grams = excluded.theoretical_grams, real_grams = excluded.real_grams, difference_grams = excluded.difference_grams, difference_percent = excluded.difference_percent, alert_type = excluded.alert_type, created_at = excluded.created_at;
insert into public.daily_alerts (id, store_id, date, physical_count_id, closing_worker_id, count_worker_id, supply_id, theoretical_grams, real_grams, difference_grams, difference_percent, alert_type, created_at) values ('c3ee5b79-6703-43cb-bcaa-1ff38b6a7417', '00000000-0000-0000-0000-000000000002', '2026-04-04', '46e1f7a1-d885-4579-86cc-80e89ed2f196', NULL, '00000000-0000-0000-0004-000000000008', '37850381-d932-4188-9f63-fad110bd8628', '187.5', '0', '-187.5', '-1500', 'LOSS', '2026-04-05 00:07:38.037307+00') on conflict (id) do update set store_id = excluded.store_id, date = excluded.date, physical_count_id = excluded.physical_count_id, closing_worker_id = excluded.closing_worker_id, count_worker_id = excluded.count_worker_id, supply_id = excluded.supply_id, theoretical_grams = excluded.theoretical_grams, real_grams = excluded.real_grams, difference_grams = excluded.difference_grams, difference_percent = excluded.difference_percent, alert_type = excluded.alert_type, created_at = excluded.created_at;
insert into public.daily_alerts (id, store_id, date, physical_count_id, closing_worker_id, count_worker_id, supply_id, theoretical_grams, real_grams, difference_grams, difference_percent, alert_type, created_at) values ('c6156aa6-2428-430b-a5cb-1f093241f6c3', '00000000-0000-0000-0000-000000000002', '2026-05-16', '048d2714-e981-4e44-b086-7dcae7b629b4', NULL, NULL, '00000000-0000-0000-0002-000000000013', '600', '774.9', '174.9', '29.15', 'SURPLUS', '2026-05-16 22:40:09.057399+00') on conflict (id) do update set store_id = excluded.store_id, date = excluded.date, physical_count_id = excluded.physical_count_id, closing_worker_id = excluded.closing_worker_id, count_worker_id = excluded.count_worker_id, supply_id = excluded.supply_id, theoretical_grams = excluded.theoretical_grams, real_grams = excluded.real_grams, difference_grams = excluded.difference_grams, difference_percent = excluded.difference_percent, alert_type = excluded.alert_type, created_at = excluded.created_at;
insert into public.daily_alerts (id, store_id, date, physical_count_id, closing_worker_id, count_worker_id, supply_id, theoretical_grams, real_grams, difference_grams, difference_percent, alert_type, created_at) values ('cb045eb7-20d9-4dbf-b605-d46c2054caed', '00000000-0000-0000-0000-000000000002', '2026-04-04', '46e1f7a1-d885-4579-86cc-80e89ed2f196', NULL, '00000000-0000-0000-0004-000000000008', 'ba403d20-2f69-4f04-9fa6-ca8a240bf75b', '195', '0', '-195', '-3900', 'LOSS', '2026-04-05 00:07:38.037307+00') on conflict (id) do update set store_id = excluded.store_id, date = excluded.date, physical_count_id = excluded.physical_count_id, closing_worker_id = excluded.closing_worker_id, count_worker_id = excluded.count_worker_id, supply_id = excluded.supply_id, theoretical_grams = excluded.theoretical_grams, real_grams = excluded.real_grams, difference_grams = excluded.difference_grams, difference_percent = excluded.difference_percent, alert_type = excluded.alert_type, created_at = excluded.created_at;
insert into public.daily_alerts (id, store_id, date, physical_count_id, closing_worker_id, count_worker_id, supply_id, theoretical_grams, real_grams, difference_grams, difference_percent, alert_type, created_at) values ('d28d849e-4ded-4f78-b857-513e1e64d4dc', '00000000-0000-0000-0000-000000000002', '2026-05-16', '048d2714-e981-4e44-b086-7dcae7b629b4', NULL, NULL, '00000000-0000-0000-0002-000000000017', '600', '750', '150', '25', 'SURPLUS', '2026-05-16 22:40:09.057399+00') on conflict (id) do update set store_id = excluded.store_id, date = excluded.date, physical_count_id = excluded.physical_count_id, closing_worker_id = excluded.closing_worker_id, count_worker_id = excluded.count_worker_id, supply_id = excluded.supply_id, theoretical_grams = excluded.theoretical_grams, real_grams = excluded.real_grams, difference_grams = excluded.difference_grams, difference_percent = excluded.difference_percent, alert_type = excluded.alert_type, created_at = excluded.created_at;
insert into public.daily_alerts (id, store_id, date, physical_count_id, closing_worker_id, count_worker_id, supply_id, theoretical_grams, real_grams, difference_grams, difference_percent, alert_type, created_at) values ('d52088f1-afe1-4707-b210-7ab631f9eeef', '00000000-0000-0000-0000-000000000002', '2026-05-16', '048d2714-e981-4e44-b086-7dcae7b629b4', NULL, NULL, '00000000-0000-0000-0002-000000000012', '600', '525', '-75', '-12.5', 'LOSS', '2026-05-16 22:40:09.057399+00') on conflict (id) do update set store_id = excluded.store_id, date = excluded.date, physical_count_id = excluded.physical_count_id, closing_worker_id = excluded.closing_worker_id, count_worker_id = excluded.count_worker_id, supply_id = excluded.supply_id, theoretical_grams = excluded.theoretical_grams, real_grams = excluded.real_grams, difference_grams = excluded.difference_grams, difference_percent = excluded.difference_percent, alert_type = excluded.alert_type, created_at = excluded.created_at;
insert into public.daily_alerts (id, store_id, date, physical_count_id, closing_worker_id, count_worker_id, supply_id, theoretical_grams, real_grams, difference_grams, difference_percent, alert_type, created_at) values ('d570e8a3-c2d5-4f65-9d09-1b425eb1b4a2', '00000000-0000-0000-0000-000000000002', '2026-04-12', '46e1f7a1-d885-4579-86cc-80e89ed2f196', NULL, '00000000-0000-0000-0004-000000000008', 'a8d18486-d904-4045-89c0-fd90038c1fb9', '-261', '0', '261', '100', 'SURPLUS', '2026-04-12 14:55:02.62889+00') on conflict (id) do update set store_id = excluded.store_id, date = excluded.date, physical_count_id = excluded.physical_count_id, closing_worker_id = excluded.closing_worker_id, count_worker_id = excluded.count_worker_id, supply_id = excluded.supply_id, theoretical_grams = excluded.theoretical_grams, real_grams = excluded.real_grams, difference_grams = excluded.difference_grams, difference_percent = excluded.difference_percent, alert_type = excluded.alert_type, created_at = excluded.created_at;
insert into public.daily_alerts (id, store_id, date, physical_count_id, closing_worker_id, count_worker_id, supply_id, theoretical_grams, real_grams, difference_grams, difference_percent, alert_type, created_at) values ('d726b56d-f8ab-430c-b6f3-93d7e107ce4a', '00000000-0000-0000-0000-000000000002', '2026-04-04', '46e1f7a1-d885-4579-86cc-80e89ed2f196', NULL, '00000000-0000-0000-0004-000000000008', '82fa538f-9a96-46ee-8272-553ab1158b15', '990', '0', '-990', '-9900', 'LOSS', '2026-04-05 00:07:38.037307+00') on conflict (id) do update set store_id = excluded.store_id, date = excluded.date, physical_count_id = excluded.physical_count_id, closing_worker_id = excluded.closing_worker_id, count_worker_id = excluded.count_worker_id, supply_id = excluded.supply_id, theoretical_grams = excluded.theoretical_grams, real_grams = excluded.real_grams, difference_grams = excluded.difference_grams, difference_percent = excluded.difference_percent, alert_type = excluded.alert_type, created_at = excluded.created_at;
insert into public.daily_alerts (id, store_id, date, physical_count_id, closing_worker_id, count_worker_id, supply_id, theoretical_grams, real_grams, difference_grams, difference_percent, alert_type, created_at) values ('de66a3bd-5fbb-461d-8a92-00977245a298', '00000000-0000-0000-0000-000000000002', '2026-04-04', '46e1f7a1-d885-4579-86cc-80e89ed2f196', NULL, '00000000-0000-0000-0004-000000000008', '00000000-0000-0000-0002-000000000013', '558.3', '300', '-258.3', '-619.42', 'LOSS', '2026-04-05 00:07:38.037307+00') on conflict (id) do update set store_id = excluded.store_id, date = excluded.date, physical_count_id = excluded.physical_count_id, closing_worker_id = excluded.closing_worker_id, count_worker_id = excluded.count_worker_id, supply_id = excluded.supply_id, theoretical_grams = excluded.theoretical_grams, real_grams = excluded.real_grams, difference_grams = excluded.difference_grams, difference_percent = excluded.difference_percent, alert_type = excluded.alert_type, created_at = excluded.created_at;
insert into public.daily_alerts (id, store_id, date, physical_count_id, closing_worker_id, count_worker_id, supply_id, theoretical_grams, real_grams, difference_grams, difference_percent, alert_type, created_at) values ('e89a08c9-62a6-418b-8c01-444818713a95', '00000000-0000-0000-0000-000000000002', '2026-04-12', '46e1f7a1-d885-4579-86cc-80e89ed2f196', NULL, '00000000-0000-0000-0004-000000000008', '00000000-0000-0000-0002-000000000003', '-900', '6000', '6900', '766.67', 'SURPLUS', '2026-04-12 14:55:02.62889+00') on conflict (id) do update set store_id = excluded.store_id, date = excluded.date, physical_count_id = excluded.physical_count_id, closing_worker_id = excluded.closing_worker_id, count_worker_id = excluded.count_worker_id, supply_id = excluded.supply_id, theoretical_grams = excluded.theoretical_grams, real_grams = excluded.real_grams, difference_grams = excluded.difference_grams, difference_percent = excluded.difference_percent, alert_type = excluded.alert_type, created_at = excluded.created_at;
insert into public.daily_alerts (id, store_id, date, physical_count_id, closing_worker_id, count_worker_id, supply_id, theoretical_grams, real_grams, difference_grams, difference_percent, alert_type, created_at) values ('ecf42455-aefb-4bb1-b9b1-ad6e3a9692e6', '00000000-0000-0000-0000-000000000002', '2026-04-04', '46e1f7a1-d885-4579-86cc-80e89ed2f196', NULL, '00000000-0000-0000-0004-000000000008', '00000000-0000-0000-0002-000000000005', '359.6', '250', '-109.6', '-78.06', 'LOSS', '2026-04-05 00:07:38.037307+00') on conflict (id) do update set store_id = excluded.store_id, date = excluded.date, physical_count_id = excluded.physical_count_id, closing_worker_id = excluded.closing_worker_id, count_worker_id = excluded.count_worker_id, supply_id = excluded.supply_id, theoretical_grams = excluded.theoretical_grams, real_grams = excluded.real_grams, difference_grams = excluded.difference_grams, difference_percent = excluded.difference_percent, alert_type = excluded.alert_type, created_at = excluded.created_at;
insert into public.daily_alerts (id, store_id, date, physical_count_id, closing_worker_id, count_worker_id, supply_id, theoretical_grams, real_grams, difference_grams, difference_percent, alert_type, created_at) values ('ef3fda41-577f-4e84-a4eb-580288962fa1', '00000000-0000-0000-0000-000000000002', '2026-04-20', '46e1f7a1-d885-4579-86cc-80e89ed2f196', NULL, '00000000-0000-0000-0004-000000000008', '00000000-0000-0000-0002-000000000016', '0', '300', '300', '0', 'OK', '2026-04-21 02:20:47.297021+00') on conflict (id) do update set store_id = excluded.store_id, date = excluded.date, physical_count_id = excluded.physical_count_id, closing_worker_id = excluded.closing_worker_id, count_worker_id = excluded.count_worker_id, supply_id = excluded.supply_id, theoretical_grams = excluded.theoretical_grams, real_grams = excluded.real_grams, difference_grams = excluded.difference_grams, difference_percent = excluded.difference_percent, alert_type = excluded.alert_type, created_at = excluded.created_at;
insert into public.daily_alerts (id, store_id, date, physical_count_id, closing_worker_id, count_worker_id, supply_id, theoretical_grams, real_grams, difference_grams, difference_percent, alert_type, created_at) values ('f45e3f10-53cb-4ccb-8f02-bd4cdab1847f', '00000000-0000-0000-0000-000000000002', '2026-04-12', '46e1f7a1-d885-4579-86cc-80e89ed2f196', NULL, '00000000-0000-0000-0004-000000000008', '00000000-0000-0000-0002-000000000016', '0', '300', '300', '0', 'OK', '2026-04-12 14:55:02.62889+00') on conflict (id) do update set store_id = excluded.store_id, date = excluded.date, physical_count_id = excluded.physical_count_id, closing_worker_id = excluded.closing_worker_id, count_worker_id = excluded.count_worker_id, supply_id = excluded.supply_id, theoretical_grams = excluded.theoretical_grams, real_grams = excluded.real_grams, difference_grams = excluded.difference_grams, difference_percent = excluded.difference_percent, alert_type = excluded.alert_type, created_at = excluded.created_at;
insert into public.daily_alerts (id, store_id, date, physical_count_id, closing_worker_id, count_worker_id, supply_id, theoretical_grams, real_grams, difference_grams, difference_percent, alert_type, created_at) values ('f4d3a69d-6ff3-47a9-9d8e-32f7a7571190', '00000000-0000-0000-0000-000000000002', '2026-04-04', '46e1f7a1-d885-4579-86cc-80e89ed2f196', NULL, '00000000-0000-0000-0004-000000000008', '1a3a180b-1984-4077-ab06-d80474f8aa48', '5101', '0', '-5101', '-567.41', 'LOSS', '2026-04-05 00:07:38.037307+00') on conflict (id) do update set store_id = excluded.store_id, date = excluded.date, physical_count_id = excluded.physical_count_id, closing_worker_id = excluded.closing_worker_id, count_worker_id = excluded.count_worker_id, supply_id = excluded.supply_id, theoretical_grams = excluded.theoretical_grams, real_grams = excluded.real_grams, difference_grams = excluded.difference_grams, difference_percent = excluded.difference_percent, alert_type = excluded.alert_type, created_at = excluded.created_at;
insert into public.daily_alerts (id, store_id, date, physical_count_id, closing_worker_id, count_worker_id, supply_id, theoretical_grams, real_grams, difference_grams, difference_percent, alert_type, created_at) values ('f5440d46-8553-4e2c-872a-85d55b7855a9', '00000000-0000-0000-0000-000000000002', '2026-05-16', '048d2714-e981-4e44-b086-7dcae7b629b4', NULL, NULL, 'ba403d20-2f69-4f04-9fa6-ca8a240bf75b', '600', '540', '-60', '-10', 'LOSS', '2026-05-16 22:40:09.057399+00') on conflict (id) do update set store_id = excluded.store_id, date = excluded.date, physical_count_id = excluded.physical_count_id, closing_worker_id = excluded.closing_worker_id, count_worker_id = excluded.count_worker_id, supply_id = excluded.supply_id, theoretical_grams = excluded.theoretical_grams, real_grams = excluded.real_grams, difference_grams = excluded.difference_grams, difference_percent = excluded.difference_percent, alert_type = excluded.alert_type, created_at = excluded.created_at;
insert into public.daily_alerts (id, store_id, date, physical_count_id, closing_worker_id, count_worker_id, supply_id, theoretical_grams, real_grams, difference_grams, difference_percent, alert_type, created_at) values ('f7cd657c-1e60-4cd0-b5f2-cad7535d1b09', '00000000-0000-0000-0000-000000000002', '2026-04-12', '46e1f7a1-d885-4579-86cc-80e89ed2f196', NULL, '00000000-0000-0000-0004-000000000008', '00000000-0000-0000-0002-000000000007', '-62.6', '0', '62.6', '100', 'SURPLUS', '2026-04-12 14:55:02.62889+00') on conflict (id) do update set store_id = excluded.store_id, date = excluded.date, physical_count_id = excluded.physical_count_id, closing_worker_id = excluded.closing_worker_id, count_worker_id = excluded.count_worker_id, supply_id = excluded.supply_id, theoretical_grams = excluded.theoretical_grams, real_grams = excluded.real_grams, difference_grams = excluded.difference_grams, difference_percent = excluded.difference_percent, alert_type = excluded.alert_type, created_at = excluded.created_at;
insert into public.daily_alerts (id, store_id, date, physical_count_id, closing_worker_id, count_worker_id, supply_id, theoretical_grams, real_grams, difference_grams, difference_percent, alert_type, created_at) values ('f9e86645-bb02-4b9e-bbb3-12dd3a375ef7', '00000000-0000-0000-0000-000000000002', '2026-04-20', '46e1f7a1-d885-4579-86cc-80e89ed2f196', NULL, '00000000-0000-0000-0004-000000000008', '00000000-0000-0000-0002-000000000002', '0', '624', '624', '0', 'OK', '2026-04-21 02:20:47.297021+00') on conflict (id) do update set store_id = excluded.store_id, date = excluded.date, physical_count_id = excluded.physical_count_id, closing_worker_id = excluded.closing_worker_id, count_worker_id = excluded.count_worker_id, supply_id = excluded.supply_id, theoretical_grams = excluded.theoretical_grams, real_grams = excluded.real_grams, difference_grams = excluded.difference_grams, difference_percent = excluded.difference_percent, alert_type = excluded.alert_type, created_at = excluded.created_at;
insert into public.daily_alerts (id, store_id, date, physical_count_id, closing_worker_id, count_worker_id, supply_id, theoretical_grams, real_grams, difference_grams, difference_percent, alert_type, created_at) values ('fa3fd487-04fa-4ebe-bfad-50071d45efc1', '00000000-0000-0000-0000-000000000002', '2026-05-16', '048d2714-e981-4e44-b086-7dcae7b629b4', NULL, NULL, '00000000-0000-0000-0002-000000000102', '0', '50', '50', '0', 'OK', '2026-05-16 22:40:09.057399+00') on conflict (id) do update set store_id = excluded.store_id, date = excluded.date, physical_count_id = excluded.physical_count_id, closing_worker_id = excluded.closing_worker_id, count_worker_id = excluded.count_worker_id, supply_id = excluded.supply_id, theoretical_grams = excluded.theoretical_grams, real_grams = excluded.real_grams, difference_grams = excluded.difference_grams, difference_percent = excluded.difference_percent, alert_type = excluded.alert_type, created_at = excluded.created_at;

-- public.shift_portions (24 rows)
insert into public.shift_portions (id, store_id, product_id, date, portions, created_at) values ('12a66669-b89c-454e-9846-313472618f15', '00000000-0000-0000-0000-000000000002', '00000000-0000-0000-0001-000000000014', '2026-04-04', '4', '2026-04-04 21:20:28.200806+00') on conflict (id) do update set store_id = excluded.store_id, product_id = excluded.product_id, date = excluded.date, portions = excluded.portions, created_at = excluded.created_at;
insert into public.shift_portions (id, store_id, product_id, date, portions, created_at) values ('1502f02d-f6f0-4eab-8718-a37498681e21', '00000000-0000-0000-0000-000000000002', '00000000-0000-0000-0001-000000000003', '2026-04-04', '4', '2026-04-04 21:20:28.200806+00') on conflict (id) do update set store_id = excluded.store_id, product_id = excluded.product_id, date = excluded.date, portions = excluded.portions, created_at = excluded.created_at;
insert into public.shift_portions (id, store_id, product_id, date, portions, created_at) values ('1ddd62f6-d345-4df4-a436-ba3e2f09bf69', '00000000-0000-0000-0000-000000000002', '00000000-0000-0000-0001-000000000007', '2026-04-04', '1', '2026-04-04 21:20:28.200806+00') on conflict (id) do update set store_id = excluded.store_id, product_id = excluded.product_id, date = excluded.date, portions = excluded.portions, created_at = excluded.created_at;
insert into public.shift_portions (id, store_id, product_id, date, portions, created_at) values ('2cde7572-8779-48cc-8da4-021bac3813c4', '00000000-0000-0000-0000-000000000002', '00000000-0000-0000-0001-000000000006', '2026-04-04', '6', '2026-04-04 21:20:28.200806+00') on conflict (id) do update set store_id = excluded.store_id, product_id = excluded.product_id, date = excluded.date, portions = excluded.portions, created_at = excluded.created_at;
insert into public.shift_portions (id, store_id, product_id, date, portions, created_at) values ('3b79b7f4-b374-404a-8a2b-d1bf07b28651', '00000000-0000-0000-0000-000000000002', '00000000-0000-0000-0001-000000000005', '2026-04-20', '8', '2026-04-21 00:51:32.891155+00') on conflict (id) do update set store_id = excluded.store_id, product_id = excluded.product_id, date = excluded.date, portions = excluded.portions, created_at = excluded.created_at;
insert into public.shift_portions (id, store_id, product_id, date, portions, created_at) values ('45037a7c-f37f-43e6-aeaa-21f0333c37c6', '00000000-0000-0000-0000-000000000002', '00000000-0000-0000-0001-000000000006', '2026-04-20', '8', '2026-04-21 00:51:32.891155+00') on conflict (id) do update set store_id = excluded.store_id, product_id = excluded.product_id, date = excluded.date, portions = excluded.portions, created_at = excluded.created_at;
insert into public.shift_portions (id, store_id, product_id, date, portions, created_at) values ('5111f902-2004-4a8a-b4a2-e5da754fd563', '00000000-0000-0000-0000-000000000002', '00000000-0000-0000-0001-000000000013', '2026-04-04', '2', '2026-04-04 21:20:28.200806+00') on conflict (id) do update set store_id = excluded.store_id, product_id = excluded.product_id, date = excluded.date, portions = excluded.portions, created_at = excluded.created_at;
insert into public.shift_portions (id, store_id, product_id, date, portions, created_at) values ('565c6f49-ce8f-4006-be30-274114c08988', '00000000-0000-0000-0000-000000000002', '00000000-0000-0000-0001-000000000003', '2026-04-11', '15', '2026-04-11 17:38:18.653468+00') on conflict (id) do update set store_id = excluded.store_id, product_id = excluded.product_id, date = excluded.date, portions = excluded.portions, created_at = excluded.created_at;
insert into public.shift_portions (id, store_id, product_id, date, portions, created_at) values ('685448f7-d47d-4688-acf2-4619d5ffcbd2', '00000000-0000-0000-0000-000000000002', '00000000-0000-0000-0001-000000000002', '2026-04-20', '16', '2026-04-21 00:51:32.891155+00') on conflict (id) do update set store_id = excluded.store_id, product_id = excluded.product_id, date = excluded.date, portions = excluded.portions, created_at = excluded.created_at;
insert into public.shift_portions (id, store_id, product_id, date, portions, created_at) values ('69304a71-cca7-4015-90cf-98d38e462f30', '00000000-0000-0000-0000-000000000002', '00000000-0000-0000-0001-000000000002', '2026-04-11', '9', '2026-04-11 22:20:51.149643+00') on conflict (id) do update set store_id = excluded.store_id, product_id = excluded.product_id, date = excluded.date, portions = excluded.portions, created_at = excluded.created_at;
insert into public.shift_portions (id, store_id, product_id, date, portions, created_at) values ('7622afea-b59d-49af-a157-8f5c36bcfb77', '00000000-0000-0000-0000-000000000002', '00000000-0000-0000-0001-000000000100', '2026-04-20', '7', '2026-04-21 00:51:32.891155+00') on conflict (id) do update set store_id = excluded.store_id, product_id = excluded.product_id, date = excluded.date, portions = excluded.portions, created_at = excluded.created_at;
insert into public.shift_portions (id, store_id, product_id, date, portions, created_at) values ('7834ff22-0cb2-4577-ba65-b5864fb2ced2', '00000000-0000-0000-0000-000000000002', '00000000-0000-0000-0001-000000000002', '2026-04-04', '0', '2026-04-04 21:20:28.200806+00') on conflict (id) do update set store_id = excluded.store_id, product_id = excluded.product_id, date = excluded.date, portions = excluded.portions, created_at = excluded.created_at;
insert into public.shift_portions (id, store_id, product_id, date, portions, created_at) values ('85824f84-e07f-44aa-ab11-fbc208e1a969', '00000000-0000-0000-0000-000000000002', '00000000-0000-0000-0001-000000000005', '2026-04-04', '4', '2026-04-04 21:20:28.200806+00') on conflict (id) do update set store_id = excluded.store_id, product_id = excluded.product_id, date = excluded.date, portions = excluded.portions, created_at = excluded.created_at;
insert into public.shift_portions (id, store_id, product_id, date, portions, created_at) values ('a8569aec-4635-4990-8f10-c67b82a034fc', '00000000-0000-0000-0000-000000000002', '00000000-0000-0000-0001-000000000014', '2026-04-20', '8', '2026-04-21 00:51:32.891155+00') on conflict (id) do update set store_id = excluded.store_id, product_id = excluded.product_id, date = excluded.date, portions = excluded.portions, created_at = excluded.created_at;
insert into public.shift_portions (id, store_id, product_id, date, portions, created_at) values ('b626ed8b-1f60-4fea-b77d-bc8f33ce5b6d', '00000000-0000-0000-0000-000000000002', '00000000-0000-0000-0001-000000000013', '2026-04-20', '8', '2026-04-21 00:51:32.891155+00') on conflict (id) do update set store_id = excluded.store_id, product_id = excluded.product_id, date = excluded.date, portions = excluded.portions, created_at = excluded.created_at;
insert into public.shift_portions (id, store_id, product_id, date, portions, created_at) values ('bb264b22-5d21-45d5-9576-52a467355ae9', '00000000-0000-0000-0000-000000000002', '00000000-0000-0000-0001-000000000001', '2026-04-11', '0', '2026-04-11 17:38:05.265828+00') on conflict (id) do update set store_id = excluded.store_id, product_id = excluded.product_id, date = excluded.date, portions = excluded.portions, created_at = excluded.created_at;
insert into public.shift_portions (id, store_id, product_id, date, portions, created_at) values ('c689309a-70e4-4414-8feb-d1871af5e58a', '00000000-0000-0000-0000-000000000002', '00000000-0000-0000-0001-000000000007', '2026-04-20', '8', '2026-04-21 00:51:32.891155+00') on conflict (id) do update set store_id = excluded.store_id, product_id = excluded.product_id, date = excluded.date, portions = excluded.portions, created_at = excluded.created_at;
insert into public.shift_portions (id, store_id, product_id, date, portions, created_at) values ('c95863b1-f9ae-4996-bd38-12e00610a8c2', '00000000-0000-0000-0000-000000000002', '00000000-0000-0000-0001-000000000001', '2026-04-04', '0', '2026-04-04 21:20:28.200806+00') on conflict (id) do update set store_id = excluded.store_id, product_id = excluded.product_id, date = excluded.date, portions = excluded.portions, created_at = excluded.created_at;
insert into public.shift_portions (id, store_id, product_id, date, portions, created_at) values ('cdddfd08-0c66-474d-abf6-f7d6a2eaa6d5', '00000000-0000-0000-0000-000000000002', '00000000-0000-0000-0001-000000000004', '2026-04-20', '8', '2026-04-21 00:51:32.891155+00') on conflict (id) do update set store_id = excluded.store_id, product_id = excluded.product_id, date = excluded.date, portions = excluded.portions, created_at = excluded.created_at;
insert into public.shift_portions (id, store_id, product_id, date, portions, created_at) values ('d02ace2e-f650-4c9b-b3f2-a00a18fd14ac', '00000000-0000-0000-0000-000000000002', '00000000-0000-0000-0001-000000000001', '2026-05-15', '11', '2026-05-16 01:44:39.617614+00') on conflict (id) do update set store_id = excluded.store_id, product_id = excluded.product_id, date = excluded.date, portions = excluded.portions, created_at = excluded.created_at;
insert into public.shift_portions (id, store_id, product_id, date, portions, created_at) values ('d5fe9ab4-1905-4b02-818a-c7ea765b8711', '00000000-0000-0000-0000-000000000002', '00000000-0000-0000-0001-000000000004', '2026-04-04', '3', '2026-04-04 21:20:28.200806+00') on conflict (id) do update set store_id = excluded.store_id, product_id = excluded.product_id, date = excluded.date, portions = excluded.portions, created_at = excluded.created_at;
insert into public.shift_portions (id, store_id, product_id, date, portions, created_at) values ('d75d12a0-1445-4916-93d4-7d9db8998e85', '00000000-0000-0000-0000-000000000002', '00000000-0000-0000-0001-000000000003', '2026-04-20', '8', '2026-04-21 00:51:32.891155+00') on conflict (id) do update set store_id = excluded.store_id, product_id = excluded.product_id, date = excluded.date, portions = excluded.portions, created_at = excluded.created_at;
insert into public.shift_portions (id, store_id, product_id, date, portions, created_at) values ('d8cdfb84-9ab3-47e1-bc5a-40f781bc6058', '00000000-0000-0000-0000-000000000002', '00000000-0000-0000-0001-000000000006', '2026-04-11', '0', '2026-04-11 22:21:02.289148+00') on conflict (id) do update set store_id = excluded.store_id, product_id = excluded.product_id, date = excluded.date, portions = excluded.portions, created_at = excluded.created_at;
insert into public.shift_portions (id, store_id, product_id, date, portions, created_at) values ('f0e57067-0d61-4f3e-8039-7c97b31da534', '00000000-0000-0000-0000-000000000002', '00000000-0000-0000-0001-000000000001', '2026-04-20', '7', '2026-04-21 00:51:32.891155+00') on conflict (id) do update set store_id = excluded.store_id, product_id = excluded.product_id, date = excluded.date, portions = excluded.portions, created_at = excluded.created_at;

-- public.expenses (3 rows)
insert into public.expenses (id, store_id, date, category, description, amount, payment_method, created_at) values ('18add525-8045-41b1-bf0a-57078dcd9ecd', '00000000-0000-0000-0000-000000000002', '2026-04-20', 'Compra Turno', 'Marihuna', '10000', 'EFECTIVO', '2026-04-21 01:05:38.985577+00') on conflict (id) do update set store_id = excluded.store_id, date = excluded.date, category = excluded.category, description = excluded.description, amount = excluded.amount, payment_method = excluded.payment_method, created_at = excluded.created_at;
insert into public.expenses (id, store_id, date, category, description, amount, payment_method, created_at) values ('87992a85-b094-44c0-8ba6-3d73049429be', '00000000-0000-0000-0000-000000000002', '2026-04-11', 'Compra Turno', 'cositas 2', '30000', 'EFECTIVO', '2026-04-11 22:43:02.18922+00') on conflict (id) do update set store_id = excluded.store_id, date = excluded.date, category = excluded.category, description = excluded.description, amount = excluded.amount, payment_method = excluded.payment_method, created_at = excluded.created_at;
insert into public.expenses (id, store_id, date, category, description, amount, payment_method, created_at) values ('beed8a74-0fa2-4103-a027-f227b1d59f61', '00000000-0000-0000-0000-000000000002', '2026-04-11', 'Compra Turno', 'cositas', '30000', 'EFECTIVO', '2026-04-11 22:42:49.19544+00') on conflict (id) do update set store_id = excluded.store_id, date = excluded.date, category = excluded.category, description = excluded.description, amount = excluded.amount, payment_method = excluded.payment_method, created_at = excluded.created_at;

-- public.credit_entries (0 rows)

-- public.schedules (0 rows)

-- public.attendance (0 rows)

-- public.payroll_periods (0 rows)

-- public.payroll_entries (0 rows)

-- public.inventory_writeoffs (2 rows)
insert into public.inventory_writeoffs (id, store_id, supply_id, level, quantity_grams, reason, notes, status, requested_by, reviewed_by, reviewed_at, created_at) values ('267addcd-315b-467f-be52-b294f8ec2ce9', '00000000-0000-0000-0000-000000000002', '00000000-0000-0000-0002-000000000001', 'STORE', '1000', 'EXPIRED', 'fo', 'PENDING', '00000000-0000-0000-0004-000000000020', NULL, NULL, '2026-04-12 14:23:42.676907+00') on conflict (id) do update set store_id = excluded.store_id, supply_id = excluded.supply_id, level = excluded.level, quantity_grams = excluded.quantity_grams, reason = excluded.reason, notes = excluded.notes, status = excluded.status, requested_by = excluded.requested_by, reviewed_by = excluded.reviewed_by, reviewed_at = excluded.reviewed_at, created_at = excluded.created_at;
insert into public.inventory_writeoffs (id, store_id, supply_id, level, quantity_grams, reason, notes, status, requested_by, reviewed_by, reviewed_at, created_at) values ('c429455e-ebe4-4d6d-ac1a-aa21b8c78618', '00000000-0000-0000-0000-000000000002', '00000000-0000-0000-0002-000000000002', 'STORE', '600', 'DAMAGED', ' Se quemó', 'PENDING', '00000000-0000-0000-0004-000000000020', NULL, NULL, '2026-04-21 02:18:38.150035+00') on conflict (id) do update set store_id = excluded.store_id, supply_id = excluded.supply_id, level = excluded.level, quantity_grams = excluded.quantity_grams, reason = excluded.reason, notes = excluded.notes, status = excluded.status, requested_by = excluded.requested_by, reviewed_by = excluded.reviewed_by, reviewed_at = excluded.reviewed_at, created_at = excluded.created_at;

-- Re-enable app/user triggers.
do $$
declare r record;
begin
  for r in select unnest(array['stores', 'workers', 'supplies', 'products', 'product_prices', 'recipes', 'recipe_ingredients', 'product_formats', 'product_store_assignments', 'addition_catalog', 'inventory', 'stock_minimums', 'purchases', 'transfers', 'transfer_items', 'sales', 'sale_items', 'sale_item_additions', 'cash_openings', 'cash_closings', 'closing_checklist_items', 'closing_checklist_entries', 'physical_counts', 'physical_count_items', 'validations', 'production_recipes', 'production_recipe_inputs', 'production_records', 'production_record_items', 'demand_estimates', 'daily_alerts', 'shift_portions', 'expenses', 'credit_entries', 'schedules', 'attendance', 'payroll_periods', 'payroll_entries', 'inventory_writeoffs']::text[]) as table_name loop
    execute format('alter table public.%I enable trigger user', r.table_name);
  end loop;
end $$;
